longitude,latitude,bedrooms,sqft,age,garage,year,price
-122.39900657169399,37.69875460096036,4,2138.9915323713544,8.553220348247008,1,2020,1397559.7294735904
-122.40027652860235,37.70958375549929,4,2727.4053224958716,22.30031887000089,1,2020,1405953.774871375
-122.3987046229238,37.71901399813069,4,1275.071717259547,13.816663617256653,1,2020,1189777.3790415642
-122.39695394028719,37.728821270486115,3,1446.8459093858291,33.45721658444004,1,2020,1205248.3798311064
-122.40046830674945,37.74169920419404,6,1772.9052208442422,8.78808785882916,0,2020,1429643.1681542166
-122.4004682739139,37.75071403097193,3,1589.8280877346522,14.012604431479334,0,2020,1286361.614662925
-122.39684157436899,37.75861418080948,3,1591.4072666955024,14.966886895363897,1,2020,1334591.8836617135
-122.3984651305417,37.771799199750866,6,952.9396861681114,13.436191959892694,0,2020,1406405.4377483877
-122.40093894877188,37.780614599041755,4,2294.5284737029338,18.191862188294667,1,2020,1421685.159118722
-122.39891487991284,37.79162572423768,4,2169.3602514348177,4.065982795749191,1,2020,1464026.3732332967
-122.40092683538563,37.80125925768385,4,1150.5754000981774,10.772783953536209,1,2020,1267425.1746231809
-122.40093145950715,37.808342009978155,7,2728.5978799781233,1.6509869021749624,1,2020,1766394.9513178687
-122.39951607545687,37.81887963791961,7,2840.5461574652436,7.280081062485895,0,2020,1624974.368426012
-122.40382656048932,37.83149458721025,4,1624.547225109943,10.031709130031299,0,2020,1310401.2658801454
-122.40344983566503,37.84122074053087,6,2583.274295488503,15.842961463789324,1,2020,1493110.5434804915
-122.40112457505849,37.849958196812075,3,1713.501097504527,45.09615196847914,1,2020,1148044.5344869592
-122.40202566224067,37.860234654766614,5,2090.5582551055304,13.768795864996504,1,2020,1362389.6218186875
-122.38937150533481,37.70255532979158,4,1582.1189324895456,20.41489239534888,1,2020,1298772.1090502858
-122.39181604815104,37.70881685722233,3,3107.1257617311376,10.58637733283516,1,2020,1484558.9180157795
-122.39282460740267,37.721094194762344,5,1851.9913863350512,15.081093370761025,1,2020,1314742.7035052814
-122.38706870246216,37.729595614695135,2,2063.2245114117313,1.1036036774419506,0,2020,1356028.3227602774
-122.39045155260098,37.739564637593546,4,1656.0313062680866,4.403320858277087,0,2020,1337411.7341716727
-122.38986494359062,37.75219755370397,2,2930.6577986181974,6.737801410642358,1,2020,1561084.5820257391
-122.39284949637242,37.76165083269798,4,2943.3073230447053,9.593907248508131,0,2020,1477572.2441558957
-122.39108876544906,37.771627019272,4,2815.46459063147,0.7008522600351181,1,2020,1602212.0090960504
-122.38977815482058,37.78261095761431,2,2478.220174173811,2.262763658069958,1,2020,1471327.9633386256
-122.39230198715485,37.79004200768327,3,1687.6052265329738,4.861338811550118,1,2020,1366263.7375287055
-122.38924860396331,37.801363905942594,5,2413.925047981209,53.384983488473864,1,2020,1516069.3467105967
-122.39120127737984,37.80937946648682,3,1996.4786005376322,6.0373507296616795,0,2020,1376430.991824803
-122.39058338749959,37.82064833270498,6,2656.204310871316,9.867889539431266,1,2020,1588079.4533503072
-122.39120341322446,37.82973971389127,1,2557.9510266826805,3.274163256684645,1,2020,1215635.026047928
-122.38629544363098,37.840193991929986,4,1675.367210962038,14.15416087709874,1,2020,1363939.7786865837
-122.39002699444947,37.851190314050875,3,2473.9129014186083,4.941801418671181,1,2020,1333887.372612882
-122.39211542185791,37.858363558633535,1,2341.017225021963,3.4788404782387525,0,2020,1230814.251162733
-122.3783549101758,37.70418477455137,3,800.0,10.902812839866309,1,2020,1055101.6846528258
-122.38244168729994,37.707987965237,3,2400.4683198147313,0.08281517905964658,1,2020,1355490.5523176256
-122.37958227281,37.71757162277443,5,1784.1021056798968,0.11540328405600452,1,2020,1405572.6393322716
-122.38391934024777,37.732316221747006,3,1556.9787728341632,3.709023553011459,1,2020,1232849.9597678354
-122.38265637209781,37.74158332538793,2,1578.3696978531286,0.5611884875729374,1,2020,1259371.268936001
-122.37960627752827,37.7512482396341,2,1932.3785521839843,1.7147702874414934,1,2020,1374357.612981312
-122.37852306684002,37.76125669101853,1,2240.0297900433416,6.206859651075463,1,2020,1272697.079224992
-122.37965726343764,37.76997550645431,3,1317.2689889039098,24.336759141384693,0,2020,1169242.0745293626
-122.38023129656479,37.778205491257026,5,2094.923918106232,12.731186138869692,0,2020,1509451.416353241
-122.38060220739119,37.79015160911639,4,2288.379033096536,10.78213651482094,0,2020,1515863.4820627184
-122.38295704398074,37.79864567657698,6,2930.902891834816,5.211243855549712,1,2020,1699520.3114567718
-122.3814396884168,37.81195023946684,6,1461.6549153874348,40.26948515379324,1,2020,1348709.5485820754
-122.38092127754193,37.819705885237,4,1825.193906611098,7.5879453986200245,1,2020,1408541.6328162188
-122.37788575554757,37.82834900560642,5,2130.8314863482397,1.3668151517486338,0,2020,1459823.6615416356
-122.37931276342087,37.8393572283167,2,2573.704665095803,14.398409643149309,1,2020,1429756.5392304168
-122.38352608031073,37.85082586290855,4,1847.888059414093,1.8128391730599436,1,2020,1353686.2503987658
-122.37935183206122,37.85887255089439,5,2599.3206859955253,6.351911661348984,1,2020,1443546.302189624
-122.37077016456084,37.69835555920887,5,1031.3188417617703,10.621230445796192,1,2020,1276513.9111472487
-122.37135384400062,37.71048737442298,4,1373.3259034390571,31.098615034483746,1,2020,1094969.7656433182
-122.36877664742232,37.720489933142225,3,2174.3221721671102,10.204843869839294,1,2020,1260333.7820749327
-122.36793800095501,37.72898611364926,3,1294.5877509560623,18.172957681387654,0,2020,1076931.892515386
-122.36813743976177,37.73905792338876,4,1412.7647366166416,74.04023612967165,1,2020,1078653.4958399425
-122.37167843504645,37.75046409987471,4,1736.1115678770304,2.1146274887397234,1,2020,1314716.1357081449
-122.37061842475171,37.75710383131701,5,2385.719495957912,4.818200745703525,1,2020,1538619.873598277
-122.3693374731372,37.76718507245125,1,1052.0175793463554,7.5273954725471235,1,2020,1129677.1349638193
-122.36804890974577,37.778563111557496,3,2085.149181081197,8.21826278282196,1,2020,1339433.3951342162
-122.3709583484757,37.78957310569658,5,2516.481973576403,7.940473161094242,0,2020,1575386.8946223697
-122.37037131795333,37.8006218151312,3,1902.5273957855209,35.72621074067872,1,2020,1285872.104990881
-122.37221266994801,37.8129507124339,5,1815.5848852037298,18.77816424254138,0,2020,1312015.2657096155
-122.37239241324816,37.8217153192464,4,2200.885641279287,14.043775014476289,1,2020,1461405.2569290071
-122.36837494835521,37.829680122940076,3,1903.94447363928,5.552324847440983,1,2020,1370230.2305762353
-122.36728751994286,37.839961967584195,4,2695.249890620373,26.04121490816567,0,2020,1387450.9711814504
-122.37014402024316,37.84799494127073,7,1444.2934939327824,46.536575906972345,1,2020,1343323.6478336682
-122.36799293420422,37.85996297372802,4,1974.1779224174575,25.82216716297599,1,2020,1429636.1479687472
-122.3592767279499,37.699422682722165,6,2102.8431874803423,0.023494968720626223,1,2020,1442276.4129618695
-122.36129023950922,37.710645437120675,7,1810.7729740767702,15.175570276006818,1,2020,1436025.7827864804
-122.35927720878898,37.7183455381129,2,800.0,0.7873372124256685,0,2020,1098208.0615661545
-122.35692392686707,37.73103869302849,3,1919.5475459754036,4.468152348337135,1,2020,1367375.1110268692
-122.36007165207822,37.74306547782601,3,2450.088493456233,0.9205484037294946,0,2020,1384547.5258706806
-122.35687071268838,37.749782479703086,2,2389.0545930630087,13.887370021931881,0,2020,1356212.9713956844
-122.36523949020818,37.7608034234442,4,2177.3892410851,17.403641481671407,1,2020,1346695.1322270287
-122.35835619499125,37.771380287983426,5,1451.0688208253882,1.8238329218521951,0,2020,1324130.6619658216
-122.35982590586352,37.77919755905623,2,2197.654731229242,7.263701942240407,1,2020,1331165.5898772767
-122.36059801470093,37.79044818496363,7,1713.281089228881,9.138613286561839,0,2020,1420523.3146103928
-122.35981647844693,37.80002518480157,7,2176.7414529743332,6.9080017217810905,1,2020,1618888.2430536135
-122.3639751378292,37.8101953521971,3,2060.752505700858,1.9349823549617595,1,2020,1430057.3377061083
-122.36043934377568,37.81845398043229,3,1511.8123643583142,8.143719962758212,1,2020,1311190.4873936677
-122.35928577485697,37.830049020348525,2,1553.7720803215482,20.86526534592111,1,2020,1191505.6568329432
-122.35704421191052,37.84099599658249,1,2177.511227210758,1.1048218576085418,1,2020,1250059.3433912243
-122.36103654043654,37.85290228721559,5,1889.443452355749,1.2536594334713969,0,2020,1314233.6319422203
-122.36161698720579,37.86191854165217,4,1579.8592846714355,6.572256581046455,1,2020,1356234.0194759567
-122.35100351408718,37.70430636491503,5,1538.5849051365835,42.638914582917614,1,2020,1384872.6200141707
-122.3481691957646,37.708465304874224,6,1848.0845760068921,16.565199582613765,0,2020,1468377.2825105065
-122.34934249778068,37.721744641273446,2,2784.052397359105,17.029297675495243,1,2020,1411203.0644671558
-122.35105952040755,37.73036668401148,2,1736.9609838940205,6.739373959347084,0,2020,1226004.9008301382
-122.34897346513378,37.744379605866435,3,1992.9902308712055,13.508504678601692,0,2020,1380245.6665897926
-122.34980584490131,37.74838340342929,7,2050.822143844755,0.1527428062881463,0,2020,1588176.265243394
-122.34806271001894,37.758320556315645,4,1434.4868042540284,15.162979648890637,0,2020,1269599.458374738
-122.35140410618776,37.768801214709114,4,1118.5837580786524,36.677262893097186,1,2020,1222118.4681218083
-122.3506553242932,37.77575220855138,3,1486.6796326321346,14.22343565839265,1,2020,1211238.2007397136
-122.35078421630627,37.788948489956645,7,2123.5386889031515,31.036261698563152,0,2020,1512467.6078840222
-122.35292702989628,37.7984817346769,2,2043.6655289577045,19.30885189360741,1,2020,1294028.6319184983
-122.34940775944588,37.810300787572956,4,2351.2032845755325,1.9270220553899557,1,2020,1434981.4695378204
-122.34947788945564,37.82068351195156,2,2048.374947479558,34.911361739726615,1,2020,1327334.2658495796
-122.34998977308672,37.83375234167844,3,1945.2253542653982,1.0313124268520566,0,2020,1375782.4519270011
-122.35046917426676,37.84190084767638,5,1697.9938625374364,11.452497688392704,1,2020,1459586.488967126
-122.35283074148411,37.848846192688676,6,2442.3033949313467,2.299665153112734,1,2020,1592854.5653369764
-122.35084129064553,37.858203170657305,7,1540.4099306396415,0.17663508921723037,1,2020,1423411.9780925976
-122.34068542903306,37.700983838343014,3,1444.8002413519896,8.223610284656065,1,2020,1291102.4365944068
-122.34160455453845,37.70735953358596,3,2283.5277586940515,5.244228287855664,1,2020,1414874.1893714953
-122.34032257142333,37.72366291753171,5,1333.4213446731724,9.982994613347387,1,2020,1307362.3512298965
-122.33919189828637,37.73235888024145,1,3207.3954993293155,12.91283635638611,1,2020,1360314.3076082745
-122.33622762819758,37.739061648695795,5,2039.9966902795718,0.6708669938386884,0,2020,1509279.2315293297
-122.33965084437433,37.74657373094182,4,2173.9530581624426,1.968780658270222,1,2020,1471144.608331474
-122.33948489921856,37.76270774474833,7,1595.7900877383065,12.2684975959237,0,2020,1486261.4555265317
-122.34014889183153,37.7697709203095,3,1842.367577879227,6.304890242865869,0,2020,1328341.443551111
-122.3438375424306,37.78247563262395,3,1786.6214415588229,19.594152578421873,1,2020,1243549.2417856778
-122.3400530277509,37.78681114468242,4,1729.0825061656792,15.845868318775652,1,2020,1381945.8994908005
-122.33987953958012,37.798801249954096,7,2316.480875754913,28.023553492460522,1,2020,1623662.750685261
-122.33507351577504,37.81001048739944,1,1775.2119808873595,17.688852961540462,0,2020,1319762.940853115
-122.34038472192957,37.82009396118753,5,2508.7506145420907,8.429970129060093,1,2020,1551325.1248748186
-122.33939690531534,37.829099869057046,5,3331.5911750599116,16.765395616584225,1,2020,1619099.5477525953
-122.34006942353942,37.8412456998647,4,1852.2293799267254,4.831642799701939,1,2020,1422613.9075744187
-122.34233735607525,37.84786475914124,5,2076.1577567883123,5.486027218214917,1,2020,1519808.0111154201
-122.33771435437097,37.85971524102996,5,2189.7410285827536,23.33740223775476,1,2020,1539544.5743923576
-122.32849613393464,37.70024059126343,5,2905.752406296758,8.870221933735131,1,2020,1487693.6978418033
-122.32841793610592,37.71102887766812,2,1958.6761074809056,24.020583454040196,0,2020,1203256.1788208971
-122.3318187749096,37.721423229756184,6,1585.4915401708186,25.92521151332809,1,2020,1328121.5490588848
-122.32719441137814,37.72775071581633,7,1366.8297471871479,29.23276248386918,1,2020,1316343.417141451
-122.3328037021256,37.73693177165853,1,1971.0080262838828,37.26794326489765,1,2020,1181817.9944893706
-122.32882628581241,37.7525553536438,5,1775.8098904730589,8.457733060497139,0,2020,1430481.8486549542
-122.3256190887484,37.76066462802397,3,3005.004644650001,5.759961362147208,1,2020,1526638.568582826
-122.33198107265028,37.76850302692689,3,2884.931210338483,13.09124144775125,0,2020,1533338.1114402874
-122.33113259545922,37.78310230395105,4,1482.813586038201,6.958472744588849,1,2020,1414168.6936738691
-122.32980069726983,37.790231349268595,2,1644.6199482254108,13.78469641612895,1,2020,1352300.5966490717
-122.33100695130824,37.80235859436813,2,2036.8850539434432,18.341518085541917,1,2020,1312089.875829791
-122.33310132686215,37.81013503696282,6,2698.613211279381,17.49076606011131,1,2020,1556917.6838533657
-122.3298628740504,37.82412149584977,1,2028.5065681855256,7.039327563611699,1,2020,1260411.9292442114
-122.33212460742746,37.83351068168489,3,1676.3796810059766,2.7383073870722456,1,2020,1279998.4016595478
-122.32905281513874,37.839502071703045,4,1970.5590950486376,8.445720203967916,0,2020,1411524.1756461747
-122.33183884846848,37.85194314190191,3,1685.7575680519767,2.3076584247915077,1,2020,1288083.0818232498
-122.32690013118997,37.86129075189917,3,2301.238604719741,33.122361608056,1,2020,1436059.499159908
-122.32156650658467,37.70273726311507,2,1645.4831441676474,6.366908642609101,1,2020,1205894.1169981093
-122.32064412303242,37.70807015307884,2,1744.7819737865166,2.5166925528779984,1,2020,1207378.2090385077
-122.31837296556527,37.72137210292,4,2580.9669067280483,0.3866573159501499,1,2020,1413913.2446729066
-122.32246172863287,37.7321168489737,2,1615.817526342964,15.569351370309109,1,2020,1119725.147380527
-122.3195450801308,37.736482521027156,3,1276.935983719919,15.1962507449523,1,2020,1206343.763520989
-122.31738571449144,37.74763348297467,1,2047.4968756781523,6.2464690066611235,1,2020,1344700.5986715932
-122.32321496646912,37.75592153564448,2,1819.763297897702,1.116196946644118,1,2020,1322340.8053181074
-122.31963073228295,37.769461186331114,7,2255.707750464977,7.9050592216761935,1,2020,1626351.572028198
-122.31948023441151,37.78143508451159,7,2158.735967365545,5.59244588292425,1,2020,1615358.4926649136
-122.31843635425645,37.7930047141042,2,1984.040752678319,16.957147847380522,1,2020,1325933.0203873261
-122.32247390142176,37.80014818956084,2,1969.478287265002,13.962663690087535,0,2020,1217025.029829911
-122.32264091322618,37.81325723109114,5,1632.0707753385825,6.802360298383376,1,2020,1447364.735736942
-122.31895611686878,37.81723979708357,6,2041.6735354966215,3.686447238363724,1,2020,1532601.564686829
-122.31940603065354,37.826593235121294,6,2440.6423907163844,66.38775464046795,1,2020,1377427.6815705078
-122.31949901429931,37.83988890460221,1,1513.276629300262,9.077089086979406,0,2020,1177044.6554980848
-122.31930710358101,37.85076813089788,6,1997.3013118192328,17.484471577789872,0,2020,1498944.8725938082
-122.32136004944316,37.859934610503814,4,2519.194377867306,2.271991231420238,1,2020,1469758.3880973817
-122.30953549260568,37.695865115799926,7,2252.7120466083497,9.97101123403381,0,2020,1505989.0928555846
-122.3094138550534,37.70982175992098,4,2654.7364481753566,0.4188444363438797,1,2020,1447957.9626510863
-122.31142870283605,37.717391060999,4,1715.9288350828328,10.561760542060531,1,2020,1278524.5765495666
-122.30626845097771,37.731339345097666,4,1084.615775802567,49.87079982768223,0,2020,1018321.066655545
-122.30905233415818,37.740733196492194,5,2100.3259019778434,7.27265917192113,0,2020,1328115.9006071333
-122.3123826069944,37.74812024042735,5,2181.2854075132427,0.596650811621747,1,2020,1506735.759239351
-122.30868689278273,37.75897226616533,4,2684.2109772363374,0.471675670887548,1,2020,1614891.9206490426
-122.31194936334046,37.76788157295623,4,2594.072867353492,7.365020439451222,1,2020,1512924.105835595
-122.30842583079252,37.779874641805456,4,2268.3718115062306,2.615746107766963,1,2020,1511075.1005248907
-122.30768280884199,37.791910284641006,3,2382.695107085217,0.35443615621800845,0,2020,1540959.37301815
-122.3116413646367,37.798028547907336,5,1904.0892708966803,21.171943562143657,1,2020,1326240.157895025
-122.30807324774152,37.811008093031035,2,1390.4426943403917,9.20182056680723,1,2020,1122505.5503193883
-122.30917443814613,37.818939484763256,1,2058.860608690455,5.121407592440034,1,2020,1256212.4332386197
-122.30835587968001,37.82841425433548,7,2491.2867318138888,34.55125903982315,1,2020,1509526.1389589012
-122.30620641403469,37.83978593928009,2,2328.1804349142744,1.8518313524679797,1,2020,1261485.3547131105
-122.310490776232,37.84792951535516,2,2416.903669579682,46.82583822211462,1,2020,1246998.9484966528
-122.31150747232871,37.85889270138931,2,1786.122156476624,5.652437032357894,0,2020,1306210.6357707952
-122.30177902885926,37.69760424421482,4,1867.226580990788,32.89300703352162,0,2020,1262573.2318832695
-122.30163162056994,37.71392945026583,2,2241.7127440573017,13.855126810271585,1,2020,1303485.1829563833
-122.30015420341884,37.72007052710395,4,1726.7463027456229,26.29160327064576,0,2020,1260294.9717948313
-122.29931769605038,37.72860054898402,7,1742.141465033499,62.03984394000423,0,2020,1320109.0621497314
-122.29944661840135,37.74042795982147,2,2148.991118188726,5.103704473479175,0,2020,1293659.3739015516
-122.29834563350194,37.749775343900616,3,2380.452371578454,48.715104989394824,1,2020,1358576.412741588
-122.29997399621625,37.75955806080094,4,1900.2356633352956,7.401709945374328,1,2020,1374660.183592631
-122.2970929318457,37.77122833340009,4,1418.4052694731806,7.304485848149403,1,2020,1421215.5047357846
-122.30052931366649,37.7815150154201,7,1632.098042478585,6.241532064457194,1,2020,1621455.1856603757
-122.29455966166684,37.78893899770478,6,2101.836042446549,11.693902453408203,1,2020,1632631.3373595101
-122.29874866530449,37.798848363518715,3,2095.760481932982,2.5111106986782987,1,2020,1455937.6659626951
-122.30171431511285,37.8094498966057,2,2120.619068827674,12.10184463437351,1,2020,1238241.6901898433
-122.30214178499614,37.81539615767053,7,2260.647645297878,11.703626821342691,0,2020,1577983.6245445453
-122.29903505516953,37.826969617875605,6,2002.905279271225,21.526082074597436,1,2020,1508578.587041504
-122.30044692557067,37.84273374853489,4,2132.528022420156,26.9049157156268,1,2020,1291197.734161447
-122.29857199901183,37.85328993542701,3,1977.4865885855666,8.709103973175981,0,2020,1319322.6650746795
-122.29905352475086,37.85950192792089,4,2574.3667414647193,5.4002058724342,0,2020,1486723.8144468842
-122.29014565782532,37.70115311392611,3,2716.171015608751,4.50310063563206,0,2020,1512052.3390835351
-122.29169358743614,37.710622500309086,5,1405.4943588099827,3.2466874066518283,0,2020,1356245.3973277675
-122.29302969444937,37.72615776161692,4,1872.3740289488733,0.8906393671257121,1,2020,1332148.1040762903
-122.29089302990414,37.732239149822874,4,2016.3622457703539,6.288470976254846,0,2020,1465943.9239560755
-122.28828720241135,37.73974416481704,7,1866.5426439928394,4.725751600577535,1,2020,1552261.2013707014
-122.28957181251175,37.7480889191188,2,2896.4612956654364,50.90620173644491,1,2020,1367941.2313832997
-122.29249147755743,37.75678710735949,5,2111.9776390448674,12.236802744811731,1,2020,1441009.284580887
-122.28965363814831,37.770406927271736,3,1597.314086474828,6.399037432756512,1,2020,1232158.593405189
-122.28922936524054,37.77848729850943,3,2298.2211697803355,13.02921785433859,1,2020,1365341.5199074757
-122.2917677148724,37.78715549258081,4,2135.487269423096,2.2483388625321714,1,2020,1489605.5850184828
-122.28969254978811,37.79870685423152,4,2152.0964597767106,8.805985101643545,0,2020,1404523.8507131601
-122.28988358256312,37.80783690399277,2,2903.938079399595,14.761893086730169,1,2020,1448347.927339249
-122.29228594059566,37.82337428327015,4,2175.392587877405,10.067786564692126,1,2020,1418001.1618947939
-122.2892844252793,37.83176327951391,3,1848.169238063002,7.70692042283628,0,2020,1323401.983404132
-122.28887843094726,37.83998405471737,5,1022.3617868449495,76.36561895913691,1,2020,1227990.3201226331
-122.28783389751365,37.85295988827778,7,1917.300490928244,31.84335000370195,1,2020,1519585.7428234224
-122.28789239589594,37.86015473661529,6,2652.9849586635946,14.648812257102117,1,2020,1559643.954189208
-122.28275533873591,37.69827743159735,6,1954.4154402219065,12.637846805717054,1,2020,1506930.3603429887
-122.28187565007983,37.71304624815454,4,879.9750507402484,14.539854649799313,1,2020,1317587.2753040167
-122.27896992946559,37.72107782008737,4,1750.8188039037768,3.371775488786776,0,2020,1279447.7746273677
-122.27897242809817,37.72792550769135,1,2496.344269456396,7.5413178253529525,1,2020,1328593.5024899747
-122.27896990462739,37.73961932264383,4,2272.9085872810074,0.6038874954864032,1,2020,1468794.0294569621
-122.2722945370187,37.74824876349323,5,1580.0595517446322,9.680964435653694,0,2020,1421685.5415602122
-122.27885821897861,37.757234400538074,7,1717.3576118004592,11.746885256294618,0,2020,1517085.1193095022
-122.27772886871963,37.771852355095064,3,1794.6456704487916,3.8766990818841855,1,2020,1359136.1942813334
-122.27809199647301,37.78381883328094,2,1668.643114068535,49.87556957849665,1,2020,1121505.3106500914
-122.2786972174974,37.78720286485237,3,985.1630661302089,36.028560260979646,1,2020,1165097.201007474
-122.28063053848928,37.80112593847338,3,2381.795550309928,19.209743002856925,1,2020,1431466.5032270036
-122.27848206155902,37.808698714861755,2,2628.5299783445466,11.433813945988987,1,2020,1352168.3762026834
-122.28154565042908,37.81902574923247,3,1240.7755280176298,30.599754347739307,1,2020,1181811.1711115506
-122.28047363721348,37.828815212151525,6,2621.9264662931573,2.100182536143464,0,2020,1660445.5112183383
-122.28097072709566,37.83827201846064,7,1948.488399301392,23.446174371423524,1,2020,1517428.6966121087
-122.27983625172124,37.85009704325589,5,2612.5661740839373,1.9998994432803576,1,2020,1663788.5798362168
-122.27537068286665,37.858338099767174,3,2018.975218145223,23.71353400761253,1,2020,1423250.0917170497
-122.2737345303852,37.700540913651565,6,2067.772296079315,4.839643496870139,1,2020,1556324.5984006366
-122.26862747961925,37.709899523781104,5,2186.2173234911065,31.44461438925674,1,2020,1462415.125755654
-122.27322543174239,37.71952210390627,4,1604.966837432361,43.24733319525245,1,2020,1207197.5880169203
-122.27094386373159,37.72818487267592,5,2597.337072164011,2.4165513782191437,0,2020,1507678.0260659372
-122.26782209880608,37.738846457338866,1,1439.3096809626077,9.317299191886748,1,2020,1203542.82753904
-122.26987143996182,37.75151078245165,3,1798.9666277416648,59.439783197144564,1,2020,1198902.2895496173
-122.27215548955587,37.76100183437526,3,2262.132338821584,9.907511887310717,1,2020,1337562.6524315043
-122.27143060741852,37.768044889510406,4,1745.4023797572681,29.87668312897819,1,2020,1386733.1625413704
-122.26864080450214,37.78019866461086,6,2388.765620407472,13.327635703863749,1,2020,1522040.3281706618
-122.27146073326344,37.79150277424675,4,2687.9330865919783,7.057974319205463,1,2020,1484605.7402873633
-122.26956708282084,37.79666118943776,6,2506.2730005269186,5.048538285901139,1,2020,1595891.7388397285
-122.2699088563202,37.811086720384765,3,1031.9423431606892,3.4077082936257956,1,2020,1245484.5666432285
-122.27130320069523,37.81867475248211,5,2062.9234848096785,21.519555438254333,0,2020,1325239.0823126272
-122.26571211182136,37.83114119733719,6,2514.341305348196,7.329615642035638,0,2020,1564132.2067183116
-122.26873216195537,37.83847348168692,3,1341.6255765889714,10.739343984210931,0,2020,1275472.48375467
-122.27405028517333,37.84639023579867,2,2361.8052936144377,10.168721181133636,0,2020,1333956.534511133
-122.26962709137047,37.85674491512423,1,2333.730390819656,12.91564441760325,1,2020,1346420.4453495601
-122.26132357292954,37.70009616989333,5,1393.9550540308674,30.101472268697204,0,2020,1356620.8535070517
-122.2582951333304,37.71051944500344,4,2417.1163328700804,59.24536187003524,1,2020,1479315.1176153382
-122.26158504147688,37.7181913667498,5,2136.3488967649673,7.853198103730003,0,2020,1419896.7774663651
-122.26022947288294,37.73127718491756,2,2325.1908943606345,26.362016128460297,0,2020,1322837.2231033782
-122.25899002544205,37.73667695987547,2,1516.8438071174337,21.692435947538794,0,2020,1097899.5406330253
-122.25826848961167,37.74986784040271,3,2075.0680581856923,12.783161937669941,0,2020,1158222.6934416408
-122.26240059281412,37.75757796760048,3,1147.5607229338382,46.86956497796902,1,2020,968339.8051986161
-122.26066900247169,37.7686963277844,2,861.5043962334746,3.356053075566752,1,2020,1133895.3214755768
-122.26094989062233,37.780094797342635,3,2070.414213263875,1.7356114172964676,1,2020,1366870.333506807
-122.26130665846516,37.78827917326944,6,2550.298803380655,28.85832286339179,1,2020,1522113.03436178
-122.25646909151945,37.799230888911545,3,2126.46840713254,8.674521929212148,1,2020,1272437.0136209035
-122.25919003657809,37.81201258561843,4,1968.276968027927,28.156707165488896,1,2020,1271776.278030556
-122.26252176790868,37.81884621626095,5,1906.2329399725634,33.53654758930676,0,2020,1332710.6712030605
-122.2581642761059,37.83167138422414,3,1528.717304278467,0.967399330313751,1,2020,1280100.3517676317
-122.25575568760598,37.837740586290685,3,1889.0695481023467,32.24342382105485,0,2020,1180895.0097001798
-122.2579350694789,37.85105960835583,3,2210.842234132222,8.921780980026371,0,2020,1335702.8718833271
-122.26303873993191,37.86288313724131,6,1782.3888835996859,10.713493623691587,0,2020,1401841.9998619808
-122.25096846814573,37.69505671099975,4,2375.293426917888,14.776274881279532,0,2020,1468626.3560571093
-122.24746617770163,37.70840620948906,3,2097.9875169323013,39.133109393471635,1,2020,1290030.8703638904
-122.25141533893124,37.72115414425437,5,2158.4897088867033,0.28951754048378764,0,2020,1452728.7279004662
-122.2491123611437,37.729593909227916,7,2444.33137677548,9.71811845906735,0,2020,1541219.6445719579
-122.24845073189314,37.74074229174674,2,1736.6222836725046,17.457923972004878,1,2020,1267415.6742884007
-122.25185386094316,37.74879202962657,7,2329.6902930934757,19.240206263176567,1,2020,1482250.379259883
-122.25011905071213,37.76017317957495,4,1806.761641374013,17.690784985666618,0,2020,1288630.7316553772
-122.25648253468013,37.76968864552922,2,2169.75724190942,2.16559433392964,1,2020,1292340.925501459
-122.25204877528267,37.78233556412332,3,1677.1143246817157,5.337178069646611,1,2020,1235280.6770366568
-122.25050513630279,37.79050884168661,2,1544.648088467634,6.66423183614002,1,2020,1200197.9428316276
-122.25249556636393,37.800675205324154,5,2045.9323728242468,24.47810644179782,1,2020,1318428.5965762113
-122.24673517739214,37.80917624606776,4,1057.3999739894414,4.90174723764948,1,2020,1202351.2789760882
-122.25286028275592,37.819024787551854,3,1851.8662782455592,3.5492263685437284,0,2020,1276997.6145518497
-122.25088008897339,37.82913488362436,2,1196.8114971954099,47.355433034250126,1,2020,966621.0514339363
-122.24973851884543,37.84078890428476,3,2389.6170171568037,0.13354196508427854,1,2020,1270585.367553624
-122.24711745342186,37.849158031038364,4,2525.055298054457,80.0,1,2020,1373721.140205552
-122.25287172430235,37.86057954971379,4,1568.024389289597,16.9432478165513,1,2020,1366180.3244758213
-122.2376736724957,37.704150801597294,2,2214.1564812367483,26.444895246575552,0,2020,1279890.366062822
-122.23997953387797,37.71174224940687,7,2449.567856843746,5.235266377573809,1,2020,1585323.8154095255
-122.24196301730211,37.71934795293567,3,2451.2346112508917,0.2162809460701728,1,2020,1520654.9770312847
-122.23907579305148,37.732402427844335,4,2107.2254169858206,20.083693176520505,1,2020,1361952.8011247958
-122.23960188060886,37.73918384925396,5,2367.1523377807484,26.94958404740101,1,2020,1377215.9907476327
-122.24120043375433,37.74592375092964,4,1675.334344039803,20.23359905322141,0,2020,1355897.1610550883
-122.23986039583004,37.75798382737817,7,2041.56123282834,2.312140225653325,0,2020,1550577.046665174
-122.24077062719373,37.76625841615795,6,1766.448296604612,21.001513854063813,1,2020,1461343.5909625704
-122.23977296530951,37.77929697303192,3,1633.1060131073182,21.97505021592025,1,2020,1109535.5939019432
-122.23867573865097,37.79003683675838,2,2018.0316957348136,16.117893709978215,1,2020,1166167.726733534
-122.23682796636771,37.80335287462456,6,2173.765188079037,21.793945885386197,1,2020,1457697.5414837918
-122.24247563099766,37.81065385474753,4,2581.7543839774935,28.054390120182074,1,2020,1469084.8141181723
-122.2357339332507,37.81956179894238,6,2132.5777636494436,14.263392364693956,1,2020,1559327.5796900557
-122.24390417559906,37.83165881116237,2,2320.9652674807758,1.3916785859237362,1,2020,1339401.3783969958
-122.24030357019008,37.83557772938199,4,2326.641586624769,10.030559756814332,1,2020,1479458.9568334166
-122.23882336558704,37.850471229116216,4,3343.76718284848,1.21244694861488,0,2020,1579875.3400077848
-122.23943801626454,37.86154173038777,4,1094.9837983637103,7.852155522380029,0,2020,1348051.3047365486
