country_id,year,gdp_growth,investment,education,openness
1,1970,13.47,30.19,11.93,25.05
1,1971,11.09,28.28,12.03,29.83
1,1972,13.81,23.73,12.05,29.32
1,1973,8.44,11.41,12.14,24.9
1,1974,10.26,24.2,12.27,30.66
1,1975,9.83,23.63,12.5,35.87
1,1976,13.04,21.86,12.57,31.73
1,1977,12.66,31.24,12.54,34.52
1,1978,9.05,9.57,12.6,38.68
1,1979,7.01,12.97,12.74,33.85
1,1980,12.17,19.8,12.87,33.2
1,1981,14.75,31.63,12.92,44.32
1,1982,14.85,22.12,13.07,29.6
1,1983,13.63,24.13,13.07,36.35
1,1984,14.8,30.29,13.17,37.85
1,1985,16.7,30.04,13.27,40.26
1,1986,8.73,17.14,13.39,28.8
1,1987,9.64,21.26,13.46,39.49
1,1988,15.2,20.25,13.49,34.25
1,1989,17.94,18.12,13.61,31.9
1,1990,22.26,29.11,13.71,39.83
1,1991,19.58,26.62,13.78,43.16
1,1992,14.99,16.36,13.8,40.63
1,1993,12.89,10.34,13.91,44.59
1,1994,14.96,17.44,14.03,43.04
1,1995,15.02,23.03,14.14,48.15
1,1996,12.03,23.95,14.21,40.69
1,1997,12.3,17.52,14.38,40.25
1,1998,15.4,20.77,14.52,49.33
1,1999,13.25,30.47,14.59,36.09
1,2000,10.17,30.72,14.64,40.41
1,2001,4.4,11.72,14.68,44.67
1,2002,4.33,15.2,14.9,48.46
1,2003,7.49,19.14,15.0,44.02
1,2004,6.78,16.01,15.08,49.36
1,2005,12.93,27.13,15.15,45.69
1,2006,14.81,26.23,15.28,44.01
1,2007,8.55,14.83,15.33,31.1
1,2008,11.54,18.66,15.49,58.23
1,2009,14.48,22.75,15.6,52.01
2,1970,14.63,21.22,6.83,32.09
2,1971,14.87,18.77,6.91,30.73
2,1972,17.15,26.42,6.95,33.69
2,1973,10.84,12.97,7.11,32.47
2,1974,8.13,8.45,7.22,33.84
2,1975,7.0,10.2,7.31,41.91
2,1976,14.11,19.06,7.4,38.61
2,1977,11.63,9.32,7.49,28.15
2,1978,13.73,18.25,7.58,38.75
2,1979,14.25,17.99,7.7,36.78
2,1980,13.08,13.25,7.83,41.25
2,1981,14.45,22.42,7.88,44.5
2,1982,9.54,9.82,7.98,34.62
2,1983,15.67,23.27,8.07,40.3
2,1984,15.22,22.04,8.2,49.01
2,1985,16.08,27.74,8.32,27.29
2,1986,15.76,21.91,8.42,42.94
2,1987,15.53,12.71,8.5,43.12
2,1988,17.99,18.92,8.61,39.57
2,1989,14.44,19.57,8.7,40.49
2,1990,15.13,18.41,8.78,35.33
2,1991,18.23,23.89,8.82,32.16
2,1992,16.62,12.02,8.96,33.19
2,1993,22.87,29.44,9.06,45.92
2,1994,19.23,28.9,9.17,44.01
2,1995,9.1,15.87,9.28,40.65
2,1996,6.84,12.23,9.4,47.04
2,1997,5.78,15.71,9.55,45.89
2,1998,8.77,13.94,9.66,39.81
2,1999,13.57,24.37,9.81,46.65
2,2000,10.84,20.1,9.92,44.35
2,2001,7.5,18.33,10.02,47.23
2,2002,9.33,13.38,10.26,41.31
2,2003,11.69,16.58,10.38,47.59
2,2004,15.84,23.4,10.58,47.99
2,2005,15.27,16.98,10.62,41.77
2,2006,12.22,16.09,10.71,39.58
2,2007,16.26,24.12,10.86,55.38
2,2008,13.48,19.28,10.91,41.24
2,2009,6.77,11.55,10.95,54.55
3,1970,16.39,26.52,10.33,21.77
3,1971,13.83,20.81,10.47,29.24
3,1972,17.62,31.46,10.56,30.51
3,1973,5.93,8.91,10.63,28.48
3,1974,9.28,18.21,10.72,25.33
3,1975,12.65,27.27,10.77,34.86
3,1976,14.08,25.11,10.93,29.69
3,1977,9.27,15.28,11.02,37.51
3,1978,11.34,18.26,11.21,44.73
3,1979,13.25,15.86,11.27,40.62
3,1980,14.4,21.45,11.29,47.9
3,1981,11.17,19.63,11.36,37.01
3,1982,11.25,25.49,11.37,30.93
3,1983,8.93,15.14,11.46,41.66
3,1984,13.07,24.98,11.59,30.95
3,1985,10.19,12.71,11.79,32.55
3,1986,11.94,23.51,11.84,44.18
3,1987,10.06,16.93,11.87,34.75
3,1988,8.51,18.66,11.94,43.78
3,1989,5.13,16.46,12.0,35.26
3,1990,5.42,13.27,12.21,44.19
3,1991,7.97,13.32,12.33,43.34
3,1992,9.07,16.18,12.4,36.51
3,1993,9.56,17.48,12.51,53.82
3,1994,13.66,27.85,12.58,40.47
3,1995,7.07,11.61,12.68,43.92
3,1996,7.13,13.11,12.81,50.45
3,1997,8.51,20.6,12.89,43.58
3,1998,14.55,37.44,12.91,48.67
3,1999,12.19,22.12,13.06,48.89
3,2000,9.66,21.01,13.16,46.96
3,2001,5.83,7.05,13.26,39.53
3,2002,11.0,20.79,13.42,37.93
3,2003,16.29,31.18,13.53,46.06
3,2004,10.3,20.63,13.7,54.81
3,2005,7.79,14.17,13.8,48.68
3,2006,9.65,21.4,13.86,44.72
3,2007,14.22,24.56,13.94,51.54
3,2008,8.87,12.64,13.98,51.78
3,2009,11.75,19.97,14.08,45.23
4,1970,9.4,17.39,6.85,27.58
4,1971,10.81,15.48,6.96,27.58
4,1972,14.51,26.7,7.02,25.81
4,1973,11.47,18.09,7.13,28.24
4,1974,11.35,19.28,7.16,22.5
4,1975,10.55,17.88,7.35,35.87
4,1976,12.96,28.68,7.45,39.44
4,1977,10.13,16.09,7.56,35.72
4,1978,5.57,15.36,7.73,29.91
4,1979,13.35,28.77,7.86,25.7
4,1980,11.15,24.64,7.93,35.63
4,1981,11.89,24.78,8.13,38.46
4,1982,14.52,28.68,8.29,22.13
4,1983,10.9,14.84,8.37,35.89
4,1984,15.62,33.86,8.5,42.74
4,1985,7.51,10.51,8.66,31.9
4,1986,10.89,16.56,8.8,37.03
4,1987,17.86,28.74,8.87,38.36
4,1988,13.98,15.65,9.05,33.51
4,1989,14.59,19.86,9.22,38.37
4,1990,7.8,17.04,9.36,39.93
4,1991,12.39,24.94,9.51,40.83
4,1992,12.78,21.65,9.53,43.84
4,1993,7.1,8.8,9.63,37.83
4,1994,11.45,27.12,9.74,42.76
4,1995,11.84,12.32,9.84,47.02
4,1996,11.54,15.26,9.89,39.76
4,1997,11.06,25.21,9.96,38.73
4,1998,7.88,15.63,10.06,43.69
4,1999,13.69,23.02,10.17,40.74
4,2000,10.81,9.54,10.24,50.94
4,2001,13.6,16.6,10.38,41.27
4,2002,11.48,16.21,10.45,43.27
4,2003,11.57,16.11,10.57,41.16
4,2004,16.34,22.42,10.68,52.74
4,2005,11.24,14.08,10.72,60.45
4,2006,8.43,19.77,10.85,46.48
4,2007,11.45,21.07,10.94,48.39
4,2008,13.67,18.0,11.0,52.82
4,2009,15.43,24.38,11.03,49.38
5,1970,5.6,18.87,5.84,23.27
5,1971,13.43,31.67,5.94,34.12
5,1972,6.85,21.21,5.98,40.5
5,1973,4.46,16.19,5.97,30.56
5,1974,9.25,19.72,6.06,30.7
5,1975,11.59,25.04,6.13,27.95
5,1976,11.78,22.86,6.14,27.66
5,1977,10.75,23.5,6.28,37.17
5,1978,9.43,16.62,6.39,39.81
5,1979,15.35,18.41,6.54,37.77
5,1980,15.9,13.97,6.55,41.87
5,1981,14.48,19.1,6.6,30.67
5,1982,13.39,7.67,6.69,38.76
5,1983,10.59,19.74,6.79,35.4
5,1984,9.89,12.46,6.91,29.71
5,1985,13.43,26.05,6.98,36.53
5,1986,9.77,25.26,7.04,34.46
5,1987,4.51,9.49,7.05,46.16
5,1988,8.8,24.05,7.16,28.24
5,1989,3.98,12.52,7.25,38.66
5,1990,8.65,18.91,7.42,44.77
5,1991,9.94,21.31,7.49,36.78
5,1992,11.22,28.85,7.58,41.8
5,1993,4.46,13.21,7.74,45.73
5,1994,11.95,28.23,7.89,43.44
5,1995,16.81,33.43,7.98,48.36
5,1996,11.14,14.85,8.14,41.46
5,1997,16.81,27.61,8.31,39.93
5,1998,11.76,14.67,8.49,39.95
5,1999,12.57,19.91,8.56,46.55
5,2000,8.9,13.02,8.64,48.48
5,2001,12.12,29.64,8.8,38.07
5,2002,8.37,19.74,8.91,36.99
5,2003,6.32,21.86,8.97,42.17
5,2004,4.46,12.85,9.11,34.35
5,2005,18.19,31.41,9.26,41.12
5,2006,12.01,19.02,9.29,49.54
5,2007,13.35,18.1,9.4,42.64
5,2008,11.51,8.2,9.5,46.02
5,2009,18.41,29.12,9.49,47.82
6,1970,13.68,26.28,7.79,35.02
6,1971,12.26,21.19,7.9,26.64
6,1972,11.75,14.94,7.95,27.58
6,1973,14.22,21.29,8.07,35.5
6,1974,14.28,27.22,8.23,33.06
6,1975,10.6,16.26,8.3,23.03
6,1976,6.96,15.58,8.4,33.41
6,1977,8.7,19.16,8.46,37.65
6,1978,9.13,9.08,8.55,34.12
6,1979,13.19,19.68,8.58,32.04
6,1980,12.78,15.81,8.71,31.31
6,1981,12.06,21.79,8.72,36.26
6,1982,16.23,29.86,8.82,31.71
6,1983,11.38,16.98,8.9,40.87
6,1984,14.29,15.5,9.05,36.67
6,1985,8.96,10.09,9.23,43.68
6,1986,11.79,21.99,9.38,40.04
6,1987,14.0,22.19,9.34,32.4
6,1988,11.94,15.54,9.42,37.63
6,1989,16.22,26.2,9.57,34.99
6,1990,13.46,31.18,9.6,35.61
6,1991,12.42,21.25,9.62,35.53
6,1992,12.22,19.04,9.6,51.09
6,1993,9.59,14.01,9.75,41.6
6,1994,11.19,28.49,9.86,46.94
6,1995,11.4,31.55,9.99,38.36
6,1996,12.11,28.67,10.05,45.69
6,1997,10.2,17.33,10.14,41.91
6,1998,13.59,23.1,10.31,38.15
6,1999,8.58,14.74,10.45,44.12
6,2000,10.27,17.44,10.54,42.35
6,2001,13.37,27.87,10.68,53.17
6,2002,11.91,20.44,10.72,46.24
6,2003,9.91,10.44,10.8,43.19
6,2004,9.05,17.43,10.87,46.58
6,2005,13.14,28.85,10.92,49.86
6,2006,9.84,23.95,11.1,44.52
6,2007,9.98,25.58,11.22,48.17
6,2008,6.14,21.37,11.34,40.98
6,2009,7.61,13.19,11.49,43.44
7,1970,9.33,17.79,7.32,38.09
7,1971,3.94,9.36,7.38,28.47
7,1972,5.73,11.67,7.47,17.98
7,1973,4.74,17.68,7.6,35.2
7,1974,6.19,17.0,7.71,28.62
7,1975,2.37,10.54,7.76,36.6
7,1976,8.96,30.71,7.82,36.92
7,1977,8.42,29.86,7.89,34.64
7,1978,3.66,16.55,8.02,37.25
7,1979,6.1,13.85,8.17,29.72
7,1980,9.35,18.86,8.26,36.15
7,1981,11.8,24.47,8.4,38.2
7,1982,8.35,15.91,8.54,30.54
7,1983,12.69,24.48,8.67,38.77
7,1984,12.38,22.11,8.8,40.49
7,1985,10.32,21.06,8.92,36.1
7,1986,8.77,25.25,8.98,41.42
7,1987,6.48,20.71,9.14,35.3
7,1988,1.65,9.17,9.17,36.32
7,1989,9.89,23.75,9.22,38.73
7,1990,8.41,23.98,9.39,35.18
7,1991,9.69,25.98,9.51,40.89
7,1992,7.49,20.07,9.56,33.52
7,1993,4.5,9.68,9.66,35.07
7,1994,9.35,17.52,9.77,35.5
7,1995,12.4,19.86,9.91,47.13
7,1996,14.32,21.12,10.02,48.24
7,1997,14.7,20.76,10.11,35.38
7,1998,14.66,27.79,10.19,43.88
7,1999,16.67,25.59,10.3,42.3
7,2000,10.67,10.76,10.47,46.47
7,2001,8.56,11.09,10.53,44.0
7,2002,8.43,20.3,10.65,48.41
7,2003,12.63,25.27,10.79,43.4
7,2004,14.36,21.39,11.01,45.85
7,2005,14.27,31.7,11.04,37.32
7,2006,9.29,17.53,11.18,47.93
7,2007,14.42,30.44,11.26,46.04
7,2008,9.33,18.75,11.38,43.57
7,2009,11.74,21.72,11.62,47.17
8,1970,16.59,35.97,8.76,32.09
8,1971,7.19,13.65,8.87,24.85
8,1972,10.72,11.72,9.0,31.56
8,1973,9.98,22.93,9.08,29.96
8,1974,10.96,21.41,9.21,32.56
8,1975,10.38,19.54,9.21,34.45
8,1976,10.44,26.19,9.24,34.26
8,1977,8.94,19.3,9.33,36.76
8,1978,4.19,6.79,9.43,33.77
8,1979,11.08,23.5,9.64,43.29
8,1980,6.38,9.23,9.75,36.67
8,1981,9.3,19.96,9.85,33.21
8,1982,9.15,22.11,9.99,35.03
8,1983,5.61,8.7,10.08,33.38
8,1984,7.34,7.09,10.15,41.84
8,1985,10.46,18.43,10.19,33.83
8,1986,12.99,23.92,10.32,41.12
8,1987,13.46,23.89,10.37,39.98
8,1988,9.12,18.12,10.48,40.55
8,1989,11.25,29.77,10.6,34.05
8,1990,6.76,16.89,10.68,40.16
8,1991,10.08,18.23,10.86,35.04
8,1992,13.63,26.65,10.97,37.95
8,1993,15.56,30.39,11.0,38.02
8,1994,12.19,18.38,11.11,41.67
8,1995,13.81,21.27,11.14,40.85
8,1996,15.45,24.75,11.25,43.63
8,1997,14.23,14.68,11.38,45.17
8,1998,11.71,9.53,11.54,47.15
8,1999,14.94,25.33,11.69,45.22
8,2000,17.29,34.04,11.77,42.23
8,2001,11.53,19.33,11.77,55.27
8,2002,15.35,27.31,11.82,39.62
8,2003,10.09,17.24,11.98,49.31
8,2004,10.54,14.72,12.18,53.65
8,2005,8.73,17.56,12.31,48.71
8,2006,12.45,27.49,12.42,53.56
8,2007,12.99,24.31,12.5,42.85
8,2008,8.99,14.06,12.63,49.37
8,2009,8.47,21.82,12.72,48.62
9,1970,6.36,17.3,7.58,23.98
9,1971,7.24,13.18,7.65,24.81
9,1972,8.12,21.43,7.72,30.84
9,1973,6.04,9.65,7.85,26.18
9,1974,10.75,28.39,7.9,36.58
9,1975,8.31,14.14,8.0,40.71
9,1976,14.1,23.05,8.11,37.23
9,1977,12.82,12.3,8.21,38.77
9,1978,16.18,19.45,8.3,43.52
9,1979,16.98,30.03,8.51,38.82
9,1980,13.84,19.83,8.55,32.26
9,1981,15.78,23.3,8.6,41.48
9,1982,10.71,14.84,8.71,38.04
9,1983,8.18,13.62,8.77,38.38
9,1984,5.61,10.02,8.89,32.32
9,1985,1.71,13.33,9.0,36.47
9,1986,-0.23,12.4,9.08,38.71
9,1987,2.11,23.87,9.22,38.51
9,1988,4.3,16.8,9.4,36.15
9,1989,5.7,18.72,9.43,37.06
9,1990,7.07,13.06,9.54,39.12
9,1991,12.32,29.79,9.65,34.48
9,1992,8.56,18.01,9.76,45.35
9,1993,8.6,20.55,9.82,46.69
9,1994,6.43,11.75,9.91,45.2
9,1995,7.14,13.34,10.02,44.92
9,1996,13.6,22.62,10.04,38.26
9,1997,10.21,19.35,10.19,46.47
9,1998,9.64,21.36,10.26,45.76
9,1999,10.66,17.92,10.27,36.38
9,2000,16.62,30.35,10.37,46.32
9,2001,9.97,19.21,10.51,48.03
9,2002,11.7,24.83,10.73,41.24
9,2003,7.72,12.88,10.84,48.75
9,2004,12.01,29.48,11.04,52.41
9,2005,7.13,21.7,11.13,44.91
9,2006,9.12,15.03,11.09,45.94
9,2007,4.83,16.08,11.1,58.29
9,2008,9.97,26.98,11.16,47.29
9,2009,9.94,17.65,11.22,51.94
10,1970,14.83,28.17,7.45,28.56
10,1971,8.41,15.65,7.51,32.09
10,1972,11.61,15.97,7.6,36.09
10,1973,13.77,18.01,7.7,32.51
10,1974,18.21,30.17,7.77,33.37
10,1975,11.8,12.11,7.87,32.22
10,1976,12.54,21.37,7.87,32.57
10,1977,8.75,11.27,8.0,32.85
10,1978,10.52,23.9,8.06,32.32
10,1979,5.07,11.01,8.18,28.69
10,1980,9.18,15.81,8.26,33.88
10,1981,9.14,19.42,8.45,37.96
10,1982,10.36,23.24,8.54,33.4
10,1983,9.75,19.2,8.62,36.71
10,1984,7.63,14.64,8.77,40.9
10,1985,7.44,19.95,8.84,36.95
10,1986,0.41,15.04,8.98,34.12
10,1987,6.21,21.01,9.06,45.14
10,1988,8.22,26.06,9.13,32.27
10,1989,9.08,20.86,9.24,32.91
10,1990,8.32,12.96,9.29,34.27
10,1991,9.94,14.49,9.41,34.52
10,1992,11.26,30.13,9.56,31.87
10,1993,14.07,33.25,9.56,42.43
10,1994,12.24,23.44,9.68,38.38
10,1995,18.26,31.65,9.8,46.18
10,1996,12.62,14.12,9.81,37.81
10,1997,17.24,26.05,9.95,39.27
10,1998,11.03,20.73,10.09,43.89
10,1999,9.32,11.97,10.28,45.42
10,2000,14.96,32.02,10.38,41.01
10,2001,13.0,25.59,10.52,48.52
10,2002,10.76,25.81,10.66,47.26
10,2003,11.27,20.01,10.72,41.98
10,2004,17.1,32.74,10.85,48.44
10,2005,8.6,10.92,10.99,53.35
10,2006,8.45,22.18,11.09,43.79
10,2007,3.34,18.55,11.27,55.59
10,2008,5.56,25.45,11.43,40.84
10,2009,10.76,26.1,11.59,55.0
11,1970,8.05,11.78,11.62,40.43
11,1971,9.42,13.49,11.7,27.29
11,1972,7.77,10.59,11.76,30.99
11,1973,14.85,20.56,11.8,32.69
11,1974,21.73,33.36,11.93,34.51
11,1975,13.34,19.79,12.07,31.72
11,1976,9.85,10.25,12.23,36.39
11,1977,12.34,17.96,12.3,35.19
11,1978,11.5,27.0,12.3,28.23
11,1979,7.78,8.53,12.31,30.6
11,1980,11.33,25.04,12.41,26.59
11,1981,14.7,17.39,12.5,38.88
11,1982,13.4,16.78,12.66,31.92
11,1983,19.05,24.04,12.8,34.3
11,1984,14.32,16.68,12.83,48.36
11,1985,15.04,20.31,12.96,33.43
11,1986,14.17,22.75,12.93,34.63
11,1987,8.8,14.41,13.13,35.55
11,1988,12.32,16.39,13.2,30.12
11,1989,15.12,21.65,13.32,42.37
11,1990,16.55,26.97,13.41,33.56
11,1991,14.9,23.55,13.52,41.16
11,1992,12.08,19.09,13.58,40.36
11,1993,19.49,30.67,13.53,42.45
11,1994,11.19,16.52,13.73,42.88
11,1995,13.41,22.56,13.81,46.6
11,1996,10.35,25.08,13.9,47.89
11,1997,14.5,39.12,14.06,41.88
11,1998,11.42,24.63,14.14,42.36
11,1999,12.43,23.26,14.26,57.73
11,2000,14.9,28.89,14.34,45.23
11,2001,14.26,13.87,14.42,50.89
11,2002,15.72,19.94,14.43,42.02
11,2003,9.25,8.21,14.59,46.53
11,2004,11.39,21.64,14.78,37.84
11,2005,13.04,19.2,14.95,40.71
11,2006,11.52,19.96,15.01,52.4
11,2007,12.43,22.51,15.18,60.71
11,2008,9.77,13.32,15.2,39.8
11,2009,9.88,24.59,15.33,49.19
12,1970,14.04,20.15,8.21,31.96
12,1971,8.6,11.78,8.32,26.42
12,1972,16.01,30.06,8.53,32.0
12,1973,14.07,19.53,8.57,36.84
12,1974,8.62,10.42,8.78,32.99
12,1975,13.75,22.48,8.93,42.75
12,1976,12.25,18.37,9.07,24.54
12,1977,11.53,16.98,9.18,28.57
12,1978,18.2,24.33,9.34,26.7
12,1979,11.87,12.58,9.39,37.48
12,1980,15.92,31.36,9.48,29.22
12,1981,11.96,19.76,9.58,39.41
12,1982,13.13,21.15,9.7,36.71
12,1983,11.49,13.27,9.69,38.37
12,1984,12.56,10.65,9.85,34.87
12,1985,11.72,11.11,9.99,37.87
12,1986,14.84,17.71,10.15,36.33
12,1987,20.38,30.38,10.21,41.17
12,1988,18.86,23.64,10.37,42.04
12,1989,16.52,19.39,10.46,38.8
12,1990,15.08,26.6,10.53,38.68
12,1991,22.84,32.64,10.57,56.72
12,1992,17.88,26.96,10.66,49.73
12,1993,12.59,18.02,10.79,45.79
12,1994,12.78,20.38,10.79,42.11
12,1995,15.63,24.04,10.88,38.93
12,1996,17.14,20.35,11.0,37.79
12,1997,13.59,15.06,11.02,49.76
12,1998,11.12,7.8,11.09,44.14
12,1999,15.52,21.4,11.19,45.63
12,2000,21.33,33.36,11.24,42.41
12,2001,15.88,18.21,11.31,36.64
12,2002,13.16,12.8,11.32,50.58
12,2003,12.85,18.46,11.41,48.08
12,2004,16.44,27.42,11.51,48.1
12,2005,9.92,17.76,11.6,40.56
12,2006,14.53,22.84,11.64,43.51
12,2007,7.75,12.73,11.78,42.18
12,2008,10.17,16.7,11.86,48.33
12,2009,12.97,18.53,11.97,43.62
13,1970,17.6,32.25,7.67,36.19
13,1971,16.67,21.34,7.72,25.38
13,1972,18.35,27.64,7.86,28.38
13,1973,11.36,17.71,8.03,37.24
13,1974,10.65,16.18,8.16,31.96
13,1975,10.3,13.34,8.24,28.46
13,1976,6.88,11.54,8.39,27.51
13,1977,9.27,23.21,8.45,41.05
13,1978,11.23,20.47,8.54,33.68
13,1979,8.26,13.63,8.53,36.49
13,1980,11.04,13.97,8.54,41.97
13,1981,16.79,22.24,8.66,32.65
13,1982,19.5,33.38,8.74,28.92
13,1983,17.3,18.38,8.89,23.56
13,1984,19.16,25.78,9.0,41.8
13,1985,14.2,15.08,9.04,40.79
13,1986,17.25,32.71,9.16,36.25
13,1987,14.7,21.21,9.28,38.06
13,1988,16.78,24.23,9.4,49.92
13,1989,10.7,13.99,9.47,30.12
13,1990,12.76,16.84,9.67,36.96
13,1991,12.1,12.69,9.78,42.23
13,1992,12.27,20.7,9.89,43.84
13,1993,19.41,37.42,10.06,43.28
13,1994,18.99,32.73,10.13,32.12
13,1995,17.68,19.84,10.13,39.77
13,1996,15.44,14.79,10.24,36.17
13,1997,13.45,18.98,10.21,40.45
13,1998,14.12,21.75,10.32,41.41
13,1999,10.7,16.11,10.53,38.89
13,2000,8.35,24.38,10.61,39.24
13,2001,6.87,21.02,10.67,45.35
13,2002,12.38,26.61,10.79,45.48
13,2003,14.74,20.03,10.85,50.05
13,2004,16.75,25.9,10.97,42.25
13,2005,13.76,13.51,11.02,53.14
13,2006,8.21,11.6,11.09,46.18
13,2007,14.89,19.56,11.17,55.86
13,2008,18.43,23.89,11.26,43.51
13,2009,16.31,16.86,11.35,53.35
14,1970,6.62,11.76,8.17,27.53
14,1971,11.59,29.47,8.28,38.65
14,1972,8.52,12.72,8.37,22.59
14,1973,15.61,26.78,8.48,27.82
14,1974,12.26,20.81,8.57,32.49
14,1975,13.08,24.4,8.68,34.41
14,1976,9.41,8.06,8.71,32.83
14,1977,14.03,24.76,8.8,33.56
14,1978,11.14,12.34,8.88,30.98
14,1979,10.52,11.61,8.95,33.62
14,1980,12.97,21.72,9.05,39.88
14,1981,11.13,17.02,9.12,33.11
14,1982,5.47,16.09,9.34,40.68
14,1983,12.47,33.24,9.42,21.46
14,1984,8.22,15.88,9.53,29.14
14,1985,13.85,37.53,9.6,36.22
14,1986,10.23,10.49,9.74,38.12
14,1987,17.43,30.93,9.81,38.47
14,1988,10.26,21.77,9.84,48.66
14,1989,7.64,14.37,10.01,46.68
14,1990,8.13,15.23,10.18,37.27
14,1991,10.96,16.39,10.21,41.55
14,1992,10.73,25.28,10.32,29.69
14,1993,5.86,19.4,10.4,40.04
14,1994,7.53,28.2,10.47,34.13
14,1995,1.81,10.5,10.56,37.67
14,1996,10.46,20.97,10.56,46.8
14,1997,7.64,11.79,10.67,46.53
14,1998,7.4,18.44,10.83,41.17
14,1999,16.45,34.57,10.97,40.54
14,2000,10.24,21.98,11.03,39.31
14,2001,9.99,21.59,11.21,50.53
14,2002,6.77,12.91,11.3,50.69
14,2003,6.93,8.91,11.38,40.73
14,2004,14.71,27.68,11.56,47.85
14,2005,14.78,30.9,11.67,39.59
14,2006,10.83,16.19,11.71,44.99
14,2007,15.58,21.42,11.84,44.38
14,2008,17.58,39.32,11.99,48.38
14,2009,8.4,8.42,12.11,52.73
15,1970,11.53,24.8,7.98,30.99
15,1971,12.1,23.44,8.05,27.38
15,1972,14.96,29.13,8.11,26.18
15,1973,12.24,21.1,8.23,28.79
15,1974,13.26,19.85,8.39,31.69
15,1975,10.39,9.74,8.48,32.16
15,1976,9.31,13.54,8.47,37.73
15,1977,12.26,17.29,8.56,32.87
15,1978,13.47,21.64,8.62,37.48
15,1979,10.29,14.3,8.64,35.5
15,1980,11.06,16.97,8.67,36.48
15,1981,12.89,13.32,8.74,39.24
15,1982,15.2,25.25,8.92,30.22
15,1983,13.78,11.9,8.98,45.84
15,1984,16.26,27.08,9.12,40.78
15,1985,12.42,22.12,9.21,34.83
15,1986,8.74,17.79,9.36,35.11
15,1987,8.17,26.55,9.49,35.96
15,1988,10.08,23.93,9.6,32.24
15,1989,12.19,23.7,9.69,39.25
15,1990,15.2,24.51,9.8,35.32
15,1991,8.86,11.73,9.88,47.23
15,1992,15.55,29.02,10.08,44.82
15,1993,16.47,24.91,10.17,46.95
15,1994,17.57,22.93,10.22,40.48
15,1995,14.06,17.43,10.25,43.16
15,1996,12.26,22.38,10.31,41.84
15,1997,13.03,33.95,10.45,47.0
15,1998,6.27,12.44,10.63,48.26
15,1999,11.68,21.96,10.8,40.25
15,2000,14.15,16.13,10.88,39.12
15,2001,13.96,20.98,10.95,46.18
15,2002,13.72,21.16,11.11,42.93
15,2003,15.44,27.18,11.23,51.13
15,2004,10.32,15.12,11.42,45.73
15,2005,11.8,11.5,11.49,46.17
15,2006,13.23,21.62,11.56,46.45
15,2007,14.38,30.81,11.66,51.86
15,2008,12.56,17.53,11.69,51.13
15,2009,13.01,10.98,11.77,42.18
16,1970,12.2,30.3,13.61,29.19
16,1971,7.62,18.38,13.72,33.62
16,1972,9.6,15.94,13.83,27.54
16,1973,7.69,15.32,13.91,39.83
16,1974,9.46,13.71,14.06,25.71
16,1975,9.45,19.95,14.21,33.76
16,1976,7.09,19.75,14.27,29.74
16,1977,7.18,10.43,14.3,36.13
16,1978,8.68,16.33,14.38,40.43
16,1979,11.66,20.38,14.46,32.08
16,1980,11.17,25.37,14.59,35.63
16,1981,7.08,21.72,14.78,36.06
16,1982,10.5,15.09,14.99,35.56
16,1983,10.26,13.25,15.11,41.29
16,1984,13.22,23.74,15.23,21.5
16,1985,15.51,25.97,15.31,37.99
16,1986,13.68,24.94,15.39,43.92
16,1987,9.96,10.91,15.52,40.42
16,1988,14.14,23.35,15.67,36.98
16,1989,14.22,17.16,15.84,39.6
16,1990,18.6,16.18,15.92,45.83
16,1991,18.06,26.75,16.01,39.17
16,1992,19.03,31.13,16.1,39.07
16,1993,9.12,8.01,16.1,34.52
16,1994,12.42,9.63,16.19,37.35
16,1995,18.31,33.61,16.27,44.04
16,1996,11.61,14.72,16.44,36.36
16,1997,10.0,16.92,16.55,47.84
16,1998,16.44,26.98,16.68,41.68
16,1999,11.96,14.74,16.75,47.93
16,2000,14.12,26.51,16.9,43.57
16,2001,7.27,6.34,17.03,57.22
16,2002,9.32,16.93,17.15,39.17
16,2003,10.64,17.22,17.12,43.89
16,2004,11.2,27.29,17.28,51.34
16,2005,11.97,21.29,17.37,52.34
16,2006,11.81,23.32,17.43,45.67
16,2007,12.53,26.12,17.51,56.55
16,2008,10.03,21.54,17.62,47.73
16,2009,10.85,17.34,17.78,44.41
17,1970,9.68,20.27,9.27,36.63
17,1971,10.86,22.47,9.41,34.95
17,1972,9.45,12.74,9.51,38.07
17,1973,10.72,23.2,9.66,31.24
17,1974,11.13,26.64,9.87,34.72
17,1975,12.19,21.72,9.97,25.54
17,1976,14.2,29.53,10.18,26.33
17,1977,13.06,25.91,10.26,38.79
17,1978,12.26,20.56,10.39,28.85
17,1979,8.65,14.78,10.47,39.67
17,1980,11.24,24.14,10.53,41.89
17,1981,8.34,10.17,10.65,30.7
17,1982,11.04,18.01,10.83,25.5
17,1983,13.24,21.32,10.93,45.41
17,1984,8.81,19.05,10.98,40.66
17,1985,13.24,23.07,11.14,35.87
17,1986,15.39,20.65,11.27,27.48
17,1987,20.39,30.1,11.38,37.45
17,1988,15.8,15.31,11.42,32.82
17,1989,19.2,21.51,11.55,44.01
17,1990,15.15,26.27,11.62,39.15
17,1991,15.52,25.4,11.76,31.49
17,1992,10.77,22.01,11.85,34.92
17,1993,8.6,16.12,11.99,39.55
17,1994,11.59,24.61,12.02,41.9
17,1995,11.32,21.86,12.06,46.95
17,1996,9.59,15.92,12.17,38.03
17,1997,8.77,13.31,12.27,41.38
17,1998,9.62,23.42,12.4,34.9
17,1999,11.49,34.19,12.43,40.35
17,2000,10.13,22.89,12.53,47.0
17,2001,9.2,18.78,12.58,40.52
17,2002,10.52,16.78,12.61,38.09
17,2003,11.93,18.41,12.64,41.81
17,2004,11.38,18.05,12.71,47.75
17,2005,8.68,21.88,12.83,49.63
17,2006,7.46,19.18,12.93,44.54
17,2007,12.01,24.56,13.0,53.79
17,2008,9.22,19.75,13.11,60.38
17,2009,8.78,16.69,13.23,40.73
18,1970,10.27,10.81,5.85,37.02
18,1971,19.32,27.79,5.9,33.25
18,1972,14.84,9.02,5.93,32.13
18,1973,15.38,16.63,5.93,28.32
18,1974,13.75,20.08,6.06,24.39
18,1975,16.14,19.88,6.21,44.41
18,1976,14.35,14.23,6.37,33.31
18,1977,16.77,23.58,6.49,42.42
18,1978,13.7,10.94,6.58,34.85
18,1979,21.73,26.57,6.73,36.04
18,1980,22.1,29.83,6.76,35.84
18,1981,19.81,24.9,6.89,39.6
18,1982,17.09,23.97,6.94,33.48
18,1983,12.83,7.8,7.01,37.86
18,1984,11.84,16.27,7.17,32.66
18,1985,14.35,16.84,7.3,35.45
18,1986,15.56,10.91,7.33,32.6
18,1987,15.17,9.81,7.45,46.37
18,1988,13.39,9.79,7.47,41.81
18,1989,14.54,21.81,7.56,38.85
18,1990,9.9,9.76,7.62,32.82
18,1991,9.15,11.94,7.71,41.62
18,1992,14.38,29.17,7.86,37.51
18,1993,10.98,16.45,7.95,37.64
18,1994,9.31,13.63,8.02,40.47
18,1995,5.99,11.9,8.14,41.13
18,1996,9.5,18.08,8.14,44.78
18,1997,10.4,13.41,8.29,43.27
18,1998,14.76,15.16,8.39,42.36
18,1999,13.24,12.1,8.48,39.02
18,2000,17.25,21.66,8.6,45.1
18,2001,16.02,18.8,8.67,49.71
18,2002,12.08,12.31,8.84,39.5
18,2003,16.13,19.49,8.95,39.44
18,2004,14.54,23.3,9.06,42.94
18,2005,17.1,22.11,9.14,39.84
18,2006,15.59,22.98,9.23,44.63
18,2007,14.97,27.86,9.36,45.65
18,2008,10.1,13.47,9.46,36.97
18,2009,12.0,18.17,9.47,52.94
19,1970,10.98,18.77,8.78,33.78
19,1971,15.32,20.65,8.81,36.2
19,1972,12.82,19.16,8.86,25.82
19,1973,14.72,23.25,8.96,39.44
19,1974,10.69,17.2,9.07,30.13
19,1975,13.59,25.31,9.16,21.85
19,1976,17.32,27.13,9.26,31.08
19,1977,6.58,12.21,9.3,39.54
19,1978,9.52,16.6,9.48,27.09
19,1979,11.44,24.77,9.59,30.57
19,1980,11.19,19.33,9.78,27.41
19,1981,7.38,12.12,9.86,32.16
19,1982,10.5,19.63,9.93,36.07
19,1983,12.33,15.51,10.0,38.81
19,1984,16.16,24.69,10.07,35.23
19,1985,5.09,8.42,10.09,45.99
19,1986,16.17,27.99,10.25,40.03
19,1987,8.32,25.42,10.31,29.3
19,1988,7.41,17.92,10.42,42.45
19,1989,6.33,16.75,10.54,37.11
19,1990,10.91,19.08,10.74,40.08
19,1991,8.58,11.5,10.94,51.44
19,1992,17.19,28.39,10.96,42.91
19,1993,9.41,10.16,11.08,43.93
19,1994,13.8,21.93,11.26,40.11
19,1995,16.15,23.55,11.34,41.35
19,1996,17.2,17.79,11.4,42.23
19,1997,20.34,25.52,11.48,50.94
19,1998,14.12,16.3,11.59,45.49
19,1999,16.85,24.05,11.62,42.9
19,2000,18.85,23.23,11.72,36.29
19,2001,15.44,21.04,11.76,37.09
19,2002,10.62,8.51,11.86,42.64
19,2003,11.05,13.46,11.96,53.43
19,2004,20.14,32.48,12.02,53.67
19,2005,16.78,31.62,12.22,48.11
19,2006,7.46,13.76,12.31,45.18
19,2007,11.3,18.97,12.47,44.71
19,2008,12.94,26.06,12.52,47.0
19,2009,13.14,25.81,12.61,49.13
20,1970,16.19,37.1,8.66,31.34
20,1971,10.4,23.77,8.78,32.75
20,1972,5.98,14.46,8.91,29.15
20,1973,4.39,8.82,8.95,30.78
20,1974,6.32,17.61,9.1,30.33
20,1975,10.51,26.39,9.2,23.65
20,1976,10.97,27.01,9.28,32.87
20,1977,12.71,33.39,9.32,36.35
20,1978,13.41,33.97,9.4,35.29
20,1979,9.77,23.39,9.48,43.94
20,1980,9.07,21.2,9.61,36.82
20,1981,11.26,15.03,9.75,37.79
20,1982,5.48,13.56,9.84,24.05
20,1983,8.57,20.61,9.82,51.99
20,1984,8.91,14.57,9.94,40.48
20,1985,9.13,8.66,10.05,43.02
20,1986,7.75,14.62,10.16,33.9
20,1987,9.43,13.45,10.27,32.93
20,1988,7.53,16.89,10.34,40.46
20,1989,8.34,22.53,10.48,33.36
20,1990,13.99,19.76,10.6,38.24
20,1991,9.07,16.47,10.65,43.56
20,1992,9.5,12.05,10.68,39.69
20,1993,12.06,27.0,10.84,38.21
20,1994,7.91,24.0,10.91,48.14
20,1995,2.52,13.89,11.03,45.86
20,1996,8.85,28.83,11.05,34.55
20,1997,8.52,17.69,11.19,35.64
20,1998,8.32,17.44,11.29,43.82
20,1999,6.38,15.93,11.44,52.86
20,2000,9.81,19.56,11.57,45.47
20,2001,13.07,28.65,11.58,48.72
20,2002,5.6,13.88,11.59,41.51
20,2003,10.06,32.84,11.65,52.64
20,2004,11.28,32.02,11.81,45.99
20,2005,4.5,18.85,11.83,39.17
20,2006,5.59,16.95,11.94,45.36
20,2007,2.18,11.33,12.07,48.67
20,2008,10.43,23.96,12.24,50.63
20,2009,15.93,34.6,12.34,57.77
21,1970,13.49,27.85,6.18,26.01
21,1971,10.71,14.14,6.31,24.38
21,1972,14.49,31.71,6.41,25.43
21,1973,14.25,23.36,6.47,28.6
21,1974,9.93,17.44,6.53,34.4
21,1975,14.94,17.1,6.73,31.83
21,1976,11.69,17.28,6.82,23.17
21,1977,13.12,16.55,6.84,43.32
21,1978,12.67,20.56,6.85,45.01
21,1979,17.63,29.39,6.96,34.53
21,1980,13.59,14.53,7.11,35.37
21,1981,12.55,14.75,7.34,38.52
21,1982,7.48,11.78,7.43,38.88
21,1983,10.58,27.47,7.54,43.01
21,1984,10.74,26.2,7.71,36.52
21,1985,8.73,11.52,7.79,41.36
21,1986,12.36,22.73,7.89,32.28
21,1987,7.11,13.49,8.01,32.99
21,1988,6.21,11.6,8.12,41.67
21,1989,10.14,15.13,8.28,41.43
21,1990,13.38,24.24,8.33,36.19
21,1991,13.31,21.79,8.51,44.63
21,1992,14.2,28.89,8.58,46.45
21,1993,16.6,35.58,8.69,40.77
21,1994,6.9,10.9,8.77,38.13
21,1995,14.15,29.73,8.9,40.62
21,1996,10.93,18.86,9.05,48.68
21,1997,14.0,28.89,9.14,41.52
21,1998,16.47,24.04,9.18,35.35
21,1999,13.75,12.08,9.27,46.44
21,2000,11.09,12.81,9.32,37.85
21,2001,13.67,24.88,9.41,50.61
21,2002,13.3,23.33,9.45,44.0
21,2003,9.84,17.83,9.55,49.3
21,2004,13.09,25.6,9.57,53.0
21,2005,16.03,28.24,9.66,52.32
21,2006,15.68,22.88,9.73,46.89
21,2007,12.14,16.78,9.8,42.91
21,2008,14.7,22.61,9.85,45.98
21,2009,21.49,29.32,9.98,45.3
22,1970,10.51,13.31,3.76,24.51
22,1971,10.93,17.42,3.9,27.5
22,1972,12.02,26.13,4.0,32.32
22,1973,11.1,24.32,4.14,36.05
22,1974,7.84,16.74,4.18,36.5
22,1975,9.75,11.82,4.25,31.29
22,1976,12.01,25.67,4.37,28.47
22,1977,14.29,25.56,4.44,38.29
22,1978,11.35,21.17,4.45,28.6
22,1979,7.56,11.16,4.61,46.12
22,1980,8.21,17.35,4.75,37.29
22,1981,5.31,14.49,4.78,42.09
22,1982,8.01,19.09,4.86,33.54
22,1983,7.26,14.73,4.96,35.78
22,1984,17.19,28.66,5.06,31.83
22,1985,9.58,10.43,5.11,27.11
22,1986,7.34,8.49,5.32,35.12
22,1987,9.49,19.72,5.45,34.4
22,1988,8.79,16.94,5.54,39.71
22,1989,7.75,21.27,5.69,49.79
22,1990,11.63,25.14,5.77,42.19
22,1991,11.04,27.81,5.9,37.18
22,1992,8.27,9.43,5.98,34.55
22,1993,9.67,15.85,6.11,43.03
22,1994,12.92,17.66,6.18,46.83
22,1995,11.86,16.86,6.31,41.35
22,1996,11.82,26.99,6.33,41.92
22,1997,10.34,16.98,6.31,41.87
22,1998,7.72,14.32,6.38,39.13
22,1999,9.08,28.3,6.46,46.18
22,2000,5.74,22.45,6.51,48.09
22,2001,8.45,24.73,6.64,49.55
22,2002,9.97,19.14,6.73,35.64
22,2003,9.19,17.17,6.97,41.95
22,2004,7.1,7.95,7.11,39.83
22,2005,11.16,17.81,7.28,42.97
22,2006,11.15,26.02,7.44,39.28
22,2007,9.99,18.83,7.48,47.21
22,2008,9.41,26.1,7.59,55.53
22,2009,10.59,25.76,7.64,45.98
23,1970,9.81,11.1,5.32,29.79
23,1971,12.73,16.23,5.42,32.36
23,1972,12.1,23.18,5.51,35.1
23,1973,14.64,23.04,5.58,23.73
23,1974,10.55,17.3,5.72,37.78
23,1975,9.83,15.85,5.85,40.81
23,1976,5.53,23.12,6.01,40.36
23,1977,7.3,20.55,6.06,36.02
23,1978,4.84,15.18,6.2,31.65
23,1979,6.52,16.73,6.31,36.37
23,1980,8.11,12.03,6.39,35.52
23,1981,7.73,12.11,6.55,29.79
23,1982,8.5,16.16,6.67,36.29
23,1983,8.94,22.08,6.8,37.52
23,1984,11.9,29.55,6.95,47.98
23,1985,6.52,17.51,7.08,37.81
23,1986,13.05,26.5,7.13,39.87
23,1987,11.88,26.07,7.2,34.77
23,1988,10.17,16.75,7.27,37.01
23,1989,13.3,26.13,7.31,33.82
23,1990,13.4,24.6,7.36,36.25
23,1991,13.23,27.16,7.44,35.77
23,1992,7.93,27.18,7.55,45.32
23,1993,7.62,14.01,7.62,41.03
23,1994,11.85,21.06,7.68,46.68
23,1995,11.44,13.04,7.78,40.05
23,1996,10.56,19.03,7.88,34.22
23,1997,10.93,13.15,8.01,44.4
23,1998,11.99,20.24,8.05,49.96
23,1999,12.09,9.42,8.04,32.54
23,2000,14.16,19.51,8.13,52.17
23,2001,17.26,22.47,8.13,50.5
23,2002,16.65,18.31,8.27,43.5
23,2003,17.65,17.27,8.33,42.99
23,2004,17.26,23.62,8.39,51.06
23,2005,10.41,14.19,8.63,52.1
23,2006,12.02,17.53,8.66,43.23
23,2007,7.9,16.92,8.73,49.94
23,2008,9.48,19.41,8.71,53.1
23,2009,14.89,26.87,8.83,38.73
24,1970,8.36,11.2,8.06,23.5
24,1971,11.59,25.94,8.15,33.92
24,1972,9.27,20.25,8.3,27.51
24,1973,7.86,21.13,8.47,26.76
24,1974,9.75,27.03,8.45,29.58
24,1975,11.48,29.42,8.48,25.38
24,1976,3.7,7.35,8.49,32.44
24,1977,10.13,26.57,8.61,26.02
24,1978,8.82,15.98,8.7,43.13
24,1979,12.61,33.59,8.75,31.32
24,1980,7.73,14.71,8.94,33.46
24,1981,12.43,18.54,9.06,31.73
24,1982,8.0,15.21,9.17,40.87
24,1983,3.45,12.57,9.31,37.78
24,1984,8.31,12.94,9.41,33.66
24,1985,3.3,11.48,9.48,33.83
24,1986,10.48,18.41,9.54,46.46
24,1987,7.91,8.11,9.56,56.15
24,1988,11.41,19.24,9.61,36.94
24,1989,10.15,12.98,9.66,39.78
24,1990,8.99,22.65,9.79,41.96
24,1991,8.92,22.06,9.92,46.32
24,1992,8.44,16.72,10.06,38.95
24,1993,7.49,19.42,10.2,37.91
24,1994,3.45,13.46,10.28,41.33
24,1995,12.13,27.77,10.37,35.99
24,1996,8.69,16.98,10.4,39.81
24,1997,12.49,17.9,10.55,40.16
24,1998,13.54,23.28,10.62,47.85
24,1999,10.45,14.48,10.73,42.79
24,2000,8.54,10.44,10.83,42.6
24,2001,12.43,21.75,10.92,51.32
24,2002,8.24,10.99,11.04,49.27
24,2003,10.26,15.84,11.16,43.14
24,2004,12.38,16.95,11.19,52.57
24,2005,12.2,22.25,11.23,44.86
24,2006,12.6,20.97,11.33,47.2
24,2007,12.01,14.42,11.44,55.27
24,2008,7.5,20.58,11.64,60.22
24,2009,10.55,28.88,11.73,49.66
25,1970,11.3,18.88,11.37,25.09
25,1971,10.14,15.08,11.48,35.52
25,1972,8.43,20.01,11.57,23.39
25,1973,16.55,32.33,11.71,29.25
25,1974,12.79,17.89,11.67,35.43
25,1975,10.54,9.78,11.85,22.86
25,1976,15.24,23.46,11.99,39.27
25,1977,10.94,10.62,12.09,25.94
25,1978,14.86,12.96,12.16,24.57
25,1979,26.89,33.92,12.27,34.17
25,1980,17.41,24.01,12.29,34.36
25,1981,9.39,15.35,12.43,40.98
25,1982,7.64,11.52,12.44,33.83
25,1983,8.44,19.28,12.56,35.01
25,1984,8.7,17.27,12.65,40.12
25,1985,14.67,32.71,12.75,33.92
25,1986,17.95,39.37,12.88,39.98
25,1987,10.46,12.31,12.98,42.64
25,1988,14.14,26.46,13.11,28.64
25,1989,17.66,22.79,13.27,33.56
25,1990,15.02,12.03,13.37,40.19
25,1991,12.65,12.7,13.38,36.71
25,1992,12.19,22.88,13.45,44.43
25,1993,9.57,10.81,13.53,39.37
25,1994,17.82,35.35,13.62,46.07
25,1995,15.23,13.81,13.63,45.71
25,1996,16.78,13.68,13.72,40.04
25,1997,12.78,7.54,13.76,53.8
25,1998,19.02,19.44,13.8,38.8
25,1999,17.49,21.77,13.92,43.92
25,2000,13.78,18.34,14.03,40.73
25,2001,13.61,16.02,14.16,45.12
25,2002,19.01,21.14,14.23,49.6
25,2003,20.78,19.94,14.32,46.29
25,2004,15.61,16.54,14.42,46.26
25,2005,16.86,16.64,14.57,59.63
25,2006,21.98,30.43,14.66,47.59
25,2007,21.59,26.83,14.72,43.76
25,2008,15.92,20.92,14.77,34.23
25,2009,14.01,19.71,14.83,53.02
26,1970,7.79,14.56,7.05,30.37
26,1971,13.09,20.32,7.1,24.91
26,1972,15.93,28.18,7.15,31.18
26,1973,12.77,16.05,7.25,37.39
26,1974,11.4,11.75,7.28,43.36
26,1975,15.57,28.51,7.39,29.5
26,1976,10.75,20.03,7.54,28.91
26,1977,11.5,13.99,7.71,40.06
26,1978,12.06,24.55,7.82,32.57
26,1979,12.66,27.94,7.95,43.14
26,1980,9.37,11.25,7.99,32.78
26,1981,10.4,20.99,8.12,33.94
26,1982,11.53,19.09,8.21,38.28
26,1983,9.71,26.02,8.35,36.72
26,1984,8.2,15.27,8.52,39.04
26,1985,10.05,10.87,8.61,28.12
26,1986,14.12,21.34,8.76,29.47
26,1987,15.23,20.53,8.82,32.83
26,1988,16.59,29.88,8.83,36.53
26,1989,14.78,26.72,8.86,35.64
26,1990,9.02,19.65,8.88,40.17
26,1991,12.84,26.14,9.06,38.21
26,1992,10.4,20.66,9.1,36.27
26,1993,7.59,16.23,9.14,35.6
26,1994,10.3,13.62,9.34,40.53
26,1995,12.87,9.89,9.43,42.02
26,1996,12.59,17.82,9.41,44.74
26,1997,14.54,20.4,9.5,44.75
26,1998,11.3,15.62,9.58,42.14
26,1999,10.27,13.04,9.79,45.11
26,2000,8.46,14.91,9.92,45.8
26,2001,12.94,25.79,9.98,47.84
26,2002,10.46,13.64,10.17,43.27
26,2003,15.1,15.31,10.32,44.48
26,2004,11.57,11.66,10.38,36.75
26,2005,15.95,13.97,10.47,54.25
26,2006,17.6,24.5,10.58,36.68
26,2007,11.87,8.87,10.74,48.42
26,2008,14.95,30.73,10.81,45.38
26,2009,12.87,22.05,10.85,43.38
27,1970,14.65,27.25,6.85,29.85
27,1971,12.0,14.37,6.94,33.72
27,1972,15.78,24.45,6.97,35.09
27,1973,12.12,19.23,7.11,30.63
27,1974,11.42,22.83,7.18,33.27
27,1975,9.17,14.81,7.26,32.28
27,1976,14.12,20.79,7.36,31.04
27,1977,14.72,27.87,7.49,31.03
27,1978,7.53,9.13,7.6,36.46
27,1979,17.43,28.3,7.65,30.13
27,1980,15.69,23.15,7.74,35.45
27,1981,8.63,11.15,7.9,25.24
27,1982,14.17,22.41,7.99,31.8
27,1983,14.34,28.0,8.12,26.25
27,1984,11.07,24.96,8.15,33.29
27,1985,9.89,17.26,8.25,46.49
27,1986,12.71,24.27,8.32,40.72
27,1987,13.77,20.01,8.5,32.84
27,1988,14.48,26.9,8.66,37.5
27,1989,12.46,17.65,8.79,43.27
27,1990,14.67,15.17,8.92,45.89
27,1991,13.8,13.03,9.0,47.12
27,1992,16.99,26.51,9.11,38.98
27,1993,11.57,10.39,9.22,32.85
27,1994,14.2,24.12,9.35,43.93
27,1995,16.84,26.18,9.52,42.93
27,1996,11.42,19.32,9.58,35.96
27,1997,18.81,23.62,9.75,36.39
27,1998,16.69,18.64,9.76,42.55
27,1999,17.07,25.99,9.9,46.24
27,2000,12.83,19.7,10.05,41.81
27,2001,9.95,8.5,10.15,49.26
27,2002,16.25,31.49,10.28,44.4
27,2003,8.64,10.13,10.34,53.6
27,2004,15.53,24.83,10.33,46.11
27,2005,14.43,14.82,10.45,52.38
27,2006,15.8,16.72,10.56,46.9
27,2007,22.29,27.03,10.67,43.5
27,2008,15.26,12.05,10.69,56.33
27,2009,14.17,19.68,10.74,49.16
28,1970,6.02,20.12,5.62,32.95
28,1971,12.71,29.87,5.67,25.41
28,1972,19.5,29.68,5.83,28.55
28,1973,16.16,25.25,6.01,33.5
28,1974,17.69,26.09,6.08,24.92
28,1975,15.19,23.63,6.1,37.8
28,1976,16.87,28.4,6.26,32.34
28,1977,12.92,11.56,6.34,27.63
28,1978,10.3,20.73,6.47,34.2
28,1979,11.9,21.31,6.55,36.84
28,1980,7.66,18.21,6.69,37.63
28,1981,10.0,14.6,6.77,42.23
28,1982,20.04,36.4,6.87,36.75
28,1983,16.8,21.27,6.91,38.72
28,1984,15.15,14.07,7.07,39.55
28,1985,11.76,11.96,7.12,48.0
28,1986,13.06,24.02,7.22,34.44
28,1987,8.7,14.99,7.3,44.16
28,1988,9.3,20.38,7.44,35.36
28,1989,9.35,20.62,7.44,48.95
28,1990,14.02,23.49,7.55,39.86
28,1991,17.58,28.88,7.67,51.55
28,1992,10.09,16.58,7.87,49.22
28,1993,11.6,24.72,8.0,46.65
28,1994,11.2,12.95,8.05,42.99
28,1995,21.23,38.26,8.13,37.75
28,1996,14.15,25.48,8.09,52.63
28,1997,18.76,33.44,8.23,36.48
28,1998,14.2,18.91,8.33,42.7
28,1999,14.08,24.53,8.44,40.97
28,2000,11.64,16.19,8.49,46.13
28,2001,12.75,17.17,8.56,46.25
28,2002,15.59,24.02,8.56,55.05
28,2003,20.72,33.64,8.63,47.27
28,2004,13.18,25.23,8.72,48.77
28,2005,10.2,10.48,8.82,44.9
28,2006,12.17,20.49,8.91,49.24
28,2007,13.53,37.67,9.07,45.11
28,2008,10.13,21.78,9.12,60.62
28,2009,14.64,34.07,9.2,43.16
29,1970,5.01,10.41,6.49,24.1
29,1971,8.42,17.69,6.58,32.84
29,1972,10.03,17.4,6.69,40.16
29,1973,9.38,27.75,6.75,29.03
29,1974,3.2,9.74,6.84,40.32
29,1975,5.51,13.18,6.97,26.96
29,1976,13.12,17.94,7.1,32.89
29,1977,9.71,14.68,7.18,29.46
29,1978,8.66,23.5,7.32,39.61
29,1979,6.75,16.13,7.48,27.86
29,1980,7.33,17.18,7.65,39.73
29,1981,14.34,27.44,7.74,35.68
29,1982,13.93,32.75,7.84,31.99
29,1983,12.04,22.54,7.9,33.08
29,1984,8.36,21.0,8.02,38.2
29,1985,15.11,35.03,8.13,35.13
29,1986,8.64,22.97,8.22,48.93
29,1987,4.9,6.05,8.27,41.43
29,1988,8.18,26.62,8.34,38.95
29,1989,7.33,18.86,8.42,41.78
29,1990,6.09,9.46,8.47,47.14
29,1991,9.74,25.18,8.59,40.41
29,1992,8.76,18.38,8.62,44.96
29,1993,6.27,16.12,8.75,43.06
29,1994,4.18,15.57,8.86,47.68
29,1995,10.78,28.43,8.85,32.93
29,1996,7.73,12.7,9.05,53.95
29,1997,13.52,22.18,9.24,45.79
29,1998,9.37,18.87,9.35,42.67
29,1999,11.06,24.16,9.44,47.26
29,2000,17.08,34.05,9.52,38.38
29,2001,10.99,14.03,9.65,49.44
29,2002,11.74,15.19,9.79,47.94
29,2003,15.3,13.64,9.87,53.51
29,2004,11.85,19.93,9.95,48.58
29,2005,13.09,24.94,10.14,43.56
29,2006,11.22,16.38,10.17,49.28
29,2007,12.05,19.29,10.21,45.55
29,2008,10.51,11.39,10.25,47.97
29,2009,15.79,22.93,10.27,62.77
30,1970,5.26,17.01,5.2,32.47
30,1971,8.73,23.75,5.3,36.32
30,1972,1.38,6.64,5.43,41.6
30,1973,6.08,14.06,5.57,31.96
30,1974,9.16,11.71,5.69,29.83
30,1975,8.72,11.4,5.77,36.21
30,1976,13.31,29.35,5.86,26.86
30,1977,14.06,29.99,6.05,35.16
30,1978,14.88,29.46,6.14,35.69
30,1979,8.61,11.06,6.16,28.98
30,1980,6.83,8.71,6.29,27.29
30,1981,11.06,16.55,6.37,27.74
30,1982,14.08,14.89,6.48,41.69
30,1983,12.86,19.51,6.53,32.88
30,1984,19.45,31.39,6.63,42.98
30,1985,7.54,6.71,6.72,36.18
30,1986,11.7,20.98,6.79,42.26
30,1987,16.18,29.34,6.94,44.94
30,1988,10.33,19.41,7.01,45.12
30,1989,13.17,19.12,7.1,32.29
30,1990,11.35,15.68,7.26,44.7
30,1991,14.61,26.44,7.31,40.45
30,1992,10.57,16.92,7.37,33.23
30,1993,9.47,13.0,7.46,41.54
30,1994,12.4,26.18,7.6,38.5
30,1995,14.79,37.06,7.71,42.59
30,1996,12.12,26.49,7.85,45.74
30,1997,16.07,30.16,7.92,45.66
30,1998,12.95,23.38,8.11,39.36
30,1999,9.6,17.33,8.2,36.32
30,2000,10.03,26.95,8.3,51.36
30,2001,7.96,10.85,8.38,47.6
30,2002,14.85,29.01,8.56,40.33
30,2003,11.57,16.3,8.79,54.42
30,2004,16.05,36.37,8.86,40.85
30,2005,8.97,21.0,8.95,53.23
30,2006,9.56,16.65,8.98,44.4
30,2007,7.4,20.45,9.07,49.42
30,2008,12.55,25.31,9.31,58.2
30,2009,8.79,10.8,9.39,43.63
