id,time,spending,income,wealth,household_size,homeowner,urban,credit_score
1,1,2.57,20.58,40.66,5,0,0,0.208
1,2,1.94,31.06,161.57,5,0,0,-1.571
1,3,10.81,59.89,50.9,2,0,0,0.771
1,4,1.57,96.28,87.67,4,0,0,1.268
1,5,0.0,27.44,36.81,5,0,0,-0.857
2,1,0.0,56.23,15.4,4,1,0,-0.009
2,2,0.0,97.53,94.57,1,1,0,-1.725
2,3,0.17,12.71,66.23,4,1,0,-1.259
2,4,1.59,23.97,137.68,1,1,0,1.048
2,5,15.62,47.41,147.15,5,1,0,-0.466
3,1,2.79,36.99,119.25,1,0,1,-1.109
3,2,8.53,72.32,119.32,5,0,1,0.229
3,3,0.0,60.04,204.67,1,0,1,-0.522
3,4,5.42,11.63,50.94,3,0,1,-0.471
3,5,4.34,70.89,116.7,2,0,1,0.739
4,1,0.0,35.56,167.96,5,0,1,-1.162
4,2,0.0,83.86,180.87,2,0,1,-0.905
4,3,0.0,38.31,24.69,4,0,1,0.154
4,4,0.0,40.08,96.26,1,0,1,0.969
4,5,15.59,71.53,201.49,3,0,1,1.238
5,1,0.0,69.07,130.48,5,1,1,-0.665
5,2,0.0,63.2,116.72,5,1,1,0.937
5,3,0.0,11.86,96.94,2,1,1,-0.784
5,4,2.04,69.45,91.97,2,1,1,1.826
5,5,0.0,32.14,137.29,3,1,1,-1.134
6,1,8.17,55.88,84.86,3,0,1,1.328
6,2,4.18,16.41,102.45,3,0,1,-0.656
6,3,6.91,65.16,114.72,1,0,1,2.013
6,4,2.36,35.84,74.32,4,0,1,0.591
6,5,1.91,25.93,151.93,2,0,1,-1.016
7,1,2.98,67.85,274.85,2,0,1,-0.522
7,2,0.0,58.04,1.62,5,0,1,0.781
7,3,14.84,38.65,129.44,4,0,1,1.053
7,4,0.0,92.28,69.39,2,0,1,-0.071
7,5,8.8,46.98,154.64,5,0,1,0.045
8,1,0.0,50.8,102.79,2,0,1,0.758
8,2,13.21,58.72,150.71,3,0,1,0.132
8,3,9.6,38.51,180.53,2,0,1,-1.294
8,4,0.81,67.78,126.55,1,0,1,-0.813
8,5,9.15,44.66,187.92,3,0,1,0.235
9,1,11.89,39.71,40.66,3,1,1,1.215
9,2,13.99,86.07,200.43,5,1,1,1.616
9,3,10.7,27.99,132.5,2,1,1,0.78
9,4,5.84,4.32,179.67,5,1,1,0.287
9,5,8.5,98.27,46.81,4,1,1,0.749
10,1,10.17,113.73,50.15,1,1,1,-0.667
10,2,12.46,41.87,113.76,4,1,1,-0.153
10,3,0.0,5.58,108.98,3,1,1,-0.824
10,4,0.0,48.24,131.98,2,1,1,-1.249
10,5,4.09,50.84,185.07,3,1,1,0.334
11,1,9.19,45.25,5.91,2,1,1,0.186
11,2,4.89,24.17,163.43,4,1,1,0.688
11,3,12.41,68.49,110.5,3,1,1,0.546
11,4,14.02,69.11,102.77,3,1,1,0.243
11,5,4.29,20.64,31.73,2,1,1,0.557
12,1,8.87,67.48,130.18,2,0,1,-0.043
12,2,3.38,103.32,39.85,3,0,1,0.413
12,3,1.57,58.3,148.9,3,0,1,-0.726
12,4,0.0,47.57,25.47,2,0,1,0.37
12,5,11.04,54.45,123.21,3,0,1,0.668
13,1,0.31,65.38,92.85,2,1,1,-0.67
13,2,8.76,8.73,175.17,3,1,1,0.052
13,3,2.84,58.11,99.28,1,1,1,-0.624
13,4,0.0,46.24,73.35,3,1,1,-0.527
13,5,5.22,104.2,89.6,4,1,1,-1.125
14,1,13.32,45.65,176.37,5,0,0,1.266
14,2,5.95,93.7,137.18,4,0,0,1.066
14,3,0.0,26.41,86.86,4,0,0,0.537
14,4,2.01,70.68,100.81,1,0,0,1.972
14,5,0.0,65.99,25.97,2,0,0,-0.189
15,1,30.95,28.27,123.31,4,1,0,3.032
15,2,5.87,56.43,0.59,5,1,0,-0.228
15,3,4.33,84.31,155.11,3,1,0,0.255
15,4,14.36,47.91,122.72,5,1,0,-0.398
15,5,0.0,15.7,263.22,2,1,0,0.372
16,1,2.68,49.56,33.99,1,1,0,0.836
16,2,12.47,29.44,98.84,1,1,0,-0.114
16,3,9.77,45.44,217.9,3,1,0,1.777
16,4,0.0,53.96,186.48,4,1,0,0.239
16,5,0.0,15.36,78.23,2,1,0,0.27
17,1,14.94,9.61,113.44,4,1,1,-0.909
17,2,13.68,64.05,105.12,4,1,1,0.418
17,3,1.57,40.93,126.92,2,1,1,-0.134
17,4,0.0,8.12,73.08,2,1,1,-0.608
17,5,6.54,77.62,114.64,4,1,1,-0.776
18,1,10.86,56.81,4.12,4,1,1,2.672
18,2,7.4,34.15,113.11,1,1,1,-0.263
18,3,4.62,21.08,137.0,2,1,1,-1.457
18,4,6.14,76.9,101.35,3,1,1,-0.698
18,5,0.0,66.73,23.1,3,1,1,-0.052
19,1,0.0,109.57,159.31,1,0,0,0.547
19,2,11.56,62.5,126.87,5,0,0,0.555
19,3,0.0,63.69,66.44,2,0,0,0.677
19,4,0.0,51.83,98.16,2,0,0,-0.645
19,5,2.61,78.42,29.96,1,0,0,0.34
20,1,0.0,65.63,38.48,5,1,1,-0.876
20,2,0.0,83.29,72.73,2,1,1,-0.62
20,3,5.76,40.97,183.71,5,1,1,-0.918
20,4,3.87,45.11,76.63,3,1,1,-1.188
20,5,16.4,46.02,158.41,5,1,1,1.064
21,1,3.89,69.77,67.7,1,0,1,0.689
21,2,3.3,89.46,119.88,1,0,1,0.977
21,3,0.0,42.53,101.52,5,0,1,0.039
21,4,0.77,45.38,167.38,5,0,1,0.777
21,5,0.0,65.85,87.91,3,0,1,-1.761
22,1,7.31,43.86,5.65,1,1,1,0.863
22,2,13.42,75.8,22.08,5,1,1,0.177
22,3,0.0,2.29,78.09,2,1,1,0.627
22,4,5.43,35.33,40.06,5,1,1,0.38
22,5,16.89,38.44,144.61,5,1,1,-0.987
23,1,0.0,8.01,72.05,5,0,1,-1.498
23,2,0.0,27.91,247.48,4,0,1,-0.712
23,3,7.96,31.12,5.74,4,0,1,0.565
23,4,0.0,50.97,127.22,3,0,1,0.69
23,5,0.0,85.82,52.32,1,0,1,-1.368
24,1,0.0,43.87,70.4,2,0,0,-0.981
24,2,0.0,26.23,113.49,4,0,0,-0.723
24,3,0.0,52.58,29.52,5,0,0,-0.357
24,4,8.02,82.23,129.21,3,0,0,-1.362
24,5,2.35,33.6,234.17,4,0,0,-1.422
25,1,0.0,27.24,72.79,1,0,1,-0.822
25,2,0.91,65.96,120.59,3,0,1,0.086
25,3,0.0,48.46,171.5,3,0,1,-1.181
25,4,7.72,72.19,105.16,5,0,1,-0.116
25,5,0.0,57.66,85.14,2,0,1,1.059
26,1,0.0,67.54,36.54,2,1,0,-1.302
26,2,0.0,26.12,143.46,2,1,0,-0.206
26,3,0.0,53.7,103.21,1,1,0,1.025
26,4,0.0,50.73,54.24,3,1,0,-0.418
26,5,0.0,27.6,127.6,4,1,0,-0.574
27,1,0.0,10.91,64.98,5,1,1,1.163
27,2,8.34,69.14,73.29,5,1,1,-0.306
27,3,14.91,45.23,146.38,1,1,1,1.104
27,4,7.7,30.44,34.7,2,1,1,0.429
27,5,0.49,55.6,182.84,2,1,1,-0.343
28,1,7.24,78.2,16.14,2,1,1,0.48
28,2,14.02,5.02,65.24,5,1,1,0.32
28,3,14.61,16.58,225.38,1,1,1,1.021
28,4,2.64,32.93,182.64,1,1,1,-0.548
28,5,14.03,94.53,125.86,5,1,1,0.041
29,1,7.77,57.06,43.57,5,1,1,-0.062
29,2,7.62,71.18,73.24,2,1,1,0.704
29,3,0.0,25.5,114.4,2,1,1,-1.025
29,4,4.42,28.01,117.25,3,1,1,1.017
29,5,14.32,69.2,114.55,3,1,1,0.466
30,1,10.45,51.46,98.15,5,0,1,-1.317
30,2,8.7,65.72,92.14,3,0,1,1.208
30,3,13.01,49.31,23.48,1,0,1,2.234
30,4,2.8,62.95,84.01,3,0,1,1.002
30,5,17.48,61.95,174.88,3,0,1,1.427
31,1,9.11,69.44,17.9,3,0,1,0.085
31,2,23.64,72.18,93.63,3,0,1,-1.662
31,3,0.0,13.5,60.81,5,0,1,-1.844
31,4,3.67,0.18,121.68,5,0,1,0.255
31,5,7.77,83.04,96.68,2,0,1,-0.592
32,1,9.62,79.69,188.64,2,0,1,-0.915
32,2,19.92,26.48,135.39,4,0,1,-0.063
32,3,1.03,7.5,31.29,3,0,1,0.616
32,4,11.36,58.48,155.27,3,0,1,-1.453
32,5,11.42,81.27,73.52,1,0,1,-0.449
33,1,11.03,94.94,65.38,2,1,0,1.51
33,2,0.0,64.91,123.83,4,1,0,-1.075
33,3,16.25,44.71,80.5,5,1,0,0.87
33,4,12.18,33.67,168.57,4,1,0,-0.485
33,5,6.8,58.29,73.53,2,1,0,0.546
34,1,9.72,42.52,62.86,1,1,1,1.097
34,2,8.4,26.62,65.62,1,1,1,0.741
34,3,12.54,105.22,76.06,2,1,1,0.909
34,4,16.11,100.63,180.95,3,1,1,-1.152
34,5,18.8,86.4,157.73,5,1,1,1.114
35,1,1.47,26.98,202.6,5,1,0,-0.853
35,2,0.0,73.38,241.06,1,1,0,0.26
35,3,1.84,69.99,48.16,4,1,0,0.258
35,4,6.41,67.06,119.23,2,1,0,0.485
35,5,2.83,89.24,49.43,1,1,0,0.337
36,1,0.12,65.88,53.34,3,1,0,-0.844
36,2,0.0,70.5,67.2,1,1,0,-1.35
36,3,0.0,69.92,46.57,2,1,0,0.872
36,4,9.58,64.52,51.89,3,1,0,0.186
36,5,0.0,13.41,111.34,2,1,0,1.149
37,1,0.0,52.09,27.0,3,1,1,-0.045
37,2,3.22,38.1,155.53,3,1,1,-1.405
37,3,0.0,22.0,54.93,4,1,1,0.966
37,4,0.21,98.05,283.57,1,1,1,-0.37
37,5,8.61,101.22,92.92,1,1,1,0.342
38,1,0.0,83.98,104.32,3,1,0,-0.647
38,2,5.54,58.38,27.28,2,1,0,1.644
38,3,11.03,87.77,212.37,4,1,0,-0.877
38,4,0.0,56.3,182.17,1,1,0,-0.337
38,5,1.45,63.07,137.81,3,1,0,0.107
39,1,5.99,22.66,19.19,5,1,1,-1.092
39,2,0.0,61.92,117.64,1,1,1,0.331
39,3,7.51,55.51,42.71,2,1,1,1.612
39,4,0.17,23.43,202.74,5,1,1,-0.49
39,5,1.08,56.72,168.55,3,1,1,0.395
40,1,0.0,48.01,105.73,1,0,1,-2.749
40,2,2.22,96.94,41.18,2,0,1,-0.039
40,3,8.73,76.36,51.0,4,0,1,-0.313
40,4,2.27,56.29,156.27,5,0,1,-0.818
40,5,0.0,64.22,192.77,2,0,1,1.081
41,1,1.45,51.11,166.55,3,1,0,-0.326
41,2,8.76,46.93,9.48,4,1,0,-0.177
41,3,13.93,26.94,128.09,1,1,0,-0.377
41,4,5.87,52.22,175.93,2,1,0,-1.917
41,5,2.01,39.35,20.5,4,1,0,-1.132
42,1,9.83,18.74,99.53,1,0,0,0.961
42,2,4.89,64.78,121.43,4,0,0,-2.11
42,3,4.61,63.78,91.95,3,0,0,-0.766
42,4,0.48,11.33,3.87,5,0,0,-0.4
42,5,17.08,54.93,100.46,1,0,0,1.744
43,1,0.0,74.89,80.36,5,0,1,0.769
43,2,0.0,78.48,96.12,2,0,1,-0.557
43,3,0.0,79.65,76.19,1,0,1,1.305
43,4,0.0,56.97,88.42,4,0,1,-0.741
43,5,8.34,36.87,117.62,3,0,1,1.009
44,1,1.75,22.91,126.55,5,1,1,-1.359
44,2,1.9,60.62,86.73,1,1,1,1.073
44,3,2.36,63.48,85.42,1,1,1,-0.406
44,4,9.32,88.18,120.54,3,1,1,-1.029
44,5,6.36,85.5,4.75,5,1,1,-0.217
45,1,0.0,46.69,128.62,3,0,1,0.277
45,2,0.0,20.89,104.97,4,0,1,-0.495
45,3,9.68,46.02,112.38,5,0,1,0.554
45,4,2.14,61.43,172.64,5,0,1,-0.583
45,5,0.0,52.95,2.83,3,0,1,0.62
46,1,1.36,35.55,18.43,4,0,0,0.442
46,2,0.0,58.32,121.43,3,0,0,-0.061
46,3,13.34,41.4,109.57,4,0,0,-0.441
46,4,2.09,40.3,125.21,3,0,0,0.152
46,5,1.97,65.79,92.27,3,0,0,0.55
47,1,15.47,39.95,139.86,3,1,1,2.062
47,2,5.14,58.1,160.96,4,1,1,0.939
47,3,5.68,60.83,139.04,4,1,1,0.976
47,4,12.58,27.51,99.35,5,1,1,3.089
47,5,4.94,45.97,6.46,4,1,1,0.516
48,1,0.0,85.94,146.15,1,1,1,0.485
48,2,11.85,22.95,178.3,3,1,1,0.704
48,3,0.0,1.08,148.67,2,1,1,-1.009
48,4,0.0,9.45,62.22,1,1,1,-0.444
48,5,0.0,58.73,160.43,1,1,1,-0.506
49,1,8.31,50.77,151.63,3,0,1,0.648
49,2,10.55,49.06,198.53,5,0,1,-0.174
49,3,8.33,84.35,57.43,3,0,1,0.138
49,4,5.79,10.82,101.41,3,0,1,1.087
49,5,6.32,67.9,164.84,1,0,1,0.863
50,1,9.46,89.04,103.44,4,1,1,-0.162
50,2,0.0,23.81,37.96,1,1,1,-0.67
50,3,2.59,44.5,134.88,5,1,1,1.135
50,4,25.62,37.18,149.72,5,1,1,0.774
50,5,0.0,35.64,125.28,5,1,1,-1.606
51,1,1.19,41.84,113.18,2,1,1,-0.313
51,2,0.0,87.69,89.48,1,1,1,0.166
51,3,8.09,99.93,198.7,2,1,1,0.779
51,4,0.0,47.6,60.96,4,1,1,0.91
51,5,1.75,105.63,84.76,2,1,1,0.284
52,1,10.22,50.89,100.66,5,1,0,0.585
52,2,3.13,95.84,157.74,1,1,0,0.064
52,3,0.0,51.67,20.16,1,1,0,-0.674
52,4,0.0,59.28,36.38,2,1,0,-0.261
52,5,11.18,67.14,2.26,4,1,0,0.019
53,1,0.0,129.47,101.96,4,0,1,-0.035
53,2,3.21,73.28,37.9,2,0,1,-1.886
53,3,5.27,36.32,86.93,4,0,1,-0.397
53,4,7.06,80.22,154.68,4,0,1,0.056
53,5,0.0,48.95,81.51,3,0,1,-0.281
54,1,3.79,37.76,113.88,3,0,1,-0.247
54,2,0.0,74.72,87.04,1,0,1,0.488
54,3,1.47,54.78,150.33,2,0,1,-1.079
54,4,0.47,62.96,143.51,3,0,1,-1.628
54,5,0.0,58.35,78.48,1,0,1,-0.348
55,1,9.72,58.41,89.88,3,0,1,0.764
55,2,3.12,62.62,167.62,1,0,1,1.688
55,3,0.0,5.58,133.6,4,0,1,0.782
55,4,0.0,72.66,31.18,1,0,1,-1.468
55,5,0.29,33.45,159.34,1,0,1,-0.232
56,1,0.0,13.94,34.92,4,0,0,0.257
56,2,0.0,50.54,189.75,2,0,0,0.178
56,3,6.07,56.1,171.45,2,0,0,0.539
56,4,2.18,38.66,132.39,2,0,0,-0.917
56,5,1.77,78.78,129.43,2,0,0,0.065
57,1,0.0,16.45,87.46,4,1,0,0.42
57,2,9.64,41.83,145.71,4,1,0,0.826
57,3,0.0,39.38,87.75,2,1,0,-0.806
57,4,0.92,54.84,129.13,4,1,0,-0.345
57,5,0.0,64.97,172.32,4,1,0,-2.704
58,1,12.17,24.8,66.29,3,1,1,-0.621
58,2,7.42,70.11,68.03,3,1,1,-0.524
58,3,7.6,55.58,38.34,5,1,1,-1.02
58,4,19.3,8.7,51.13,3,1,1,0.166
58,5,6.94,9.04,10.3,2,1,1,-0.056
59,1,2.0,49.69,143.79,3,1,1,-2.259
59,2,6.94,46.48,213.53,5,1,1,0.216
59,3,1.68,51.41,195.52,4,1,1,-0.928
59,4,0.0,55.3,17.43,1,1,1,0.486
59,5,8.83,63.64,163.49,3,1,1,-1.282
60,1,6.23,73.69,185.33,4,1,1,0.03
60,2,0.0,24.22,77.59,2,1,1,-0.283
60,3,0.93,24.7,116.09,5,1,1,0.303
60,4,3.8,28.67,5.47,5,1,1,0.125
60,5,0.0,65.22,136.0,5,1,1,-0.255
61,1,0.0,81.12,36.19,1,0,1,-1.536
61,2,0.0,41.22,116.98,3,0,1,-1.477
61,3,11.98,8.54,16.33,3,0,1,-0.584
61,4,12.13,13.4,147.57,4,0,1,-0.008
61,5,0.0,37.17,181.47,5,0,1,-0.608
62,1,0.0,36.06,53.01,2,1,0,0.625
62,2,0.0,41.79,36.78,3,1,0,-0.279
62,3,0.0,54.96,19.36,4,1,0,-0.965
62,4,0.0,48.21,99.02,4,1,0,-0.278
62,5,17.71,84.23,85.1,4,1,0,0.226
63,1,7.78,33.1,6.94,2,1,1,0.325
63,2,18.73,30.44,132.18,5,1,1,1.878
63,3,1.43,65.97,83.0,1,1,1,-0.669
63,4,11.03,17.61,50.46,3,1,1,-0.073
63,5,10.15,67.74,86.73,4,1,1,0.426
64,1,0.2,52.56,164.28,1,0,1,-0.023
64,2,6.94,48.31,141.18,3,0,1,-0.501
64,3,0.0,93.71,102.2,3,0,1,-1.549
64,4,14.16,40.44,152.15,4,0,1,-0.511
64,5,1.46,109.51,50.35,1,0,1,-1.074
65,1,5.96,44.36,101.94,2,1,0,-1.727
65,2,0.0,20.07,113.84,2,1,0,-0.796
65,3,0.0,55.75,81.81,4,1,0,-1.047
65,4,0.0,29.09,141.13,2,1,0,0.584
65,5,5.1,39.21,73.17,3,1,0,0.601
66,1,7.59,59.93,130.59,4,1,1,-0.904
66,2,6.14,65.89,138.11,4,1,1,-0.26
66,3,0.0,38.45,65.03,1,1,1,-1.858
66,4,4.07,80.69,186.42,5,1,1,-0.494
66,5,5.01,86.94,62.86,1,1,1,0.399
67,1,9.72,85.91,63.04,1,1,1,0.825
67,2,6.36,65.24,166.52,1,1,1,-0.713
67,3,24.41,88.09,90.96,2,1,1,1.052
67,4,8.77,8.98,27.03,5,1,1,-1.516
67,5,15.52,50.05,54.38,2,1,1,-1.248
68,1,13.18,28.32,161.61,4,1,1,0.71
68,2,16.57,54.98,10.29,3,1,1,1.671
68,3,12.0,39.71,177.74,1,1,1,0.493
68,4,3.37,51.85,111.69,3,1,1,-0.04
68,5,16.21,105.05,48.46,1,1,1,-2.195
69,1,0.0,45.76,65.01,3,1,1,-2.022
69,2,9.51,62.34,43.97,3,1,1,0.129
69,3,1.2,48.19,161.97,3,1,1,-0.358
69,4,2.15,57.89,158.95,2,1,1,-1.106
69,5,0.45,58.15,16.85,4,1,1,0.066
70,1,13.36,61.21,75.78,3,1,1,0.115
70,2,8.52,81.13,53.21,2,1,1,0.944
70,3,12.13,95.18,187.61,3,1,1,0.137
70,4,12.61,63.74,33.99,1,1,1,1.228
70,5,19.06,72.74,216.25,5,1,1,0.008
71,1,13.69,21.23,98.0,4,1,1,-0.115
71,2,0.1,49.8,35.28,2,1,1,1.064
71,3,5.44,77.51,69.36,4,1,1,-0.978
71,4,11.13,77.65,66.9,4,1,1,2.814
71,5,15.46,63.29,43.52,4,1,1,0.375
72,1,1.62,72.16,105.69,1,1,1,0.381
72,2,0.0,64.27,31.33,5,1,1,0.525
72,3,7.36,84.01,20.82,5,1,1,1.877
72,4,0.0,63.23,92.22,5,1,1,0.793
72,5,0.0,49.11,11.83,5,1,1,-1.605
73,1,0.0,58.4,54.87,5,0,1,1.403
73,2,4.9,21.26,50.45,4,0,1,-0.341
73,3,2.65,63.57,57.73,1,0,1,0.107
73,4,14.18,35.21,235.06,3,0,1,-1.279
73,5,6.69,14.91,123.38,2,0,1,0.526
74,1,0.42,61.29,114.72,2,1,1,-0.651
74,2,11.73,63.94,1.58,5,1,1,0.1
74,3,0.0,24.94,70.76,5,1,1,-0.284
74,4,2.94,38.2,127.92,3,1,1,1.925
74,5,13.64,92.26,58.53,4,1,1,1.982
75,1,0.0,37.9,154.48,1,1,1,0.047
75,2,6.22,108.07,32.84,2,1,1,0.064
75,3,2.44,53.95,92.82,5,1,1,-0.373
75,4,9.48,66.2,79.84,3,1,1,1.106
75,5,2.15,98.42,129.86,3,1,1,-0.329
76,1,2.76,53.28,61.57,3,1,1,-0.421
76,2,0.86,26.94,88.75,2,1,1,0.979
76,3,11.97,51.26,95.83,5,1,1,-0.538
76,4,2.81,55.11,70.94,4,1,1,-0.038
76,5,0.0,23.88,149.11,4,1,1,-1.581
77,1,0.0,43.6,114.3,2,1,1,0.704
77,2,0.0,33.45,99.68,4,1,1,1.941
77,3,6.56,77.11,84.17,5,1,1,0.721
77,4,8.2,56.87,162.79,4,1,1,1.462
77,5,11.93,50.93,105.85,3,1,1,-0.846
78,1,0.0,47.35,81.6,2,0,1,0.236
78,2,0.0,57.58,111.28,3,0,1,-0.943
78,3,0.0,69.42,211.8,2,0,1,-0.228
78,4,0.0,31.01,34.58,4,0,1,0.772
78,5,0.0,31.96,166.19,1,0,1,0.102
79,1,0.0,77.62,13.59,1,1,0,-1.413
79,2,4.86,41.69,118.04,4,1,0,-1.315
79,3,0.0,18.58,204.5,2,1,0,-1.381
79,4,8.17,67.1,144.32,3,1,0,0.491
79,5,8.47,69.58,130.24,3,1,0,2.064
80,1,0.0,11.73,66.37,3,0,0,1.362
80,2,0.0,57.74,106.86,4,0,0,-1.896
80,3,16.08,72.39,94.88,2,0,0,1.421
80,4,0.0,65.36,67.84,4,0,0,0.936
80,5,0.0,73.8,102.61,2,0,0,-1.545
81,1,0.0,14.89,111.9,2,0,1,-0.303
81,2,13.43,60.28,58.97,3,0,1,1.096
81,3,9.3,46.43,61.62,5,0,1,0.55
81,4,0.0,43.93,33.39,2,0,1,-1.309
81,5,7.48,79.76,143.44,3,0,1,0.611
82,1,9.52,86.98,132.72,1,1,1,-2.138
82,2,8.92,96.86,118.9,1,1,1,-0.223
82,3,24.28,86.87,167.91,4,1,1,1.138
82,4,17.19,53.26,120.27,4,1,1,0.018
82,5,13.26,66.82,143.52,2,1,1,-0.499
83,1,10.77,69.17,118.23,4,0,1,0.889
83,2,9.7,55.03,99.51,2,0,1,0.975
83,3,8.85,57.27,78.15,2,0,1,1.31
83,4,12.81,76.59,247.85,3,0,1,0.874
83,5,3.42,56.52,92.88,2,0,1,1.081
84,1,14.07,31.77,60.05,5,1,1,0.733
84,2,0.0,41.64,131.04,3,1,1,0.266
84,3,3.89,69.85,125.11,2,1,1,0.09
84,4,0.0,56.07,30.71,3,1,1,-0.237
84,5,13.36,66.51,187.36,4,1,1,-1.212
85,1,0.0,66.75,94.35,2,1,1,-0.955
85,2,2.81,42.63,38.34,5,1,1,-0.282
85,3,3.83,72.91,181.33,3,1,1,0.241
85,4,14.54,65.47,152.54,4,1,1,1.441
85,5,0.0,27.13,44.13,5,1,1,-0.042
86,1,6.44,86.06,206.63,3,1,1,1.003
86,2,0.0,39.48,144.53,1,1,1,1.079
86,3,4.17,12.62,109.39,4,1,1,-0.231
86,4,0.0,29.87,210.41,1,1,1,0.595
86,5,0.0,32.47,129.56,3,1,1,-0.244
87,1,13.05,51.3,98.32,5,0,1,1.322
87,2,0.0,45.15,65.38,3,0,1,0.636
87,3,5.44,45.58,144.91,4,0,1,-1.19
87,4,0.0,71.49,143.6,3,0,1,0.162
87,5,13.51,66.5,120.88,2,0,1,1.648
88,1,7.82,57.9,52.6,2,1,1,-0.181
88,2,1.46,62.25,112.8,3,1,1,0.448
88,3,0.0,69.4,105.81,1,1,1,0.546
88,4,3.67,3.3,34.99,3,1,1,-1.037
88,5,3.77,48.89,31.69,3,1,1,0.511
89,1,5.08,4.51,133.91,5,1,1,-1.394
89,2,10.03,52.9,51.11,1,1,1,-0.626
89,3,8.78,53.88,122.32,5,1,1,1.076
89,4,10.07,82.14,86.32,3,1,1,0.357
89,5,17.95,87.69,198.49,4,1,1,-0.304
90,1,9.05,55.07,70.39,3,1,1,0.446
90,2,1.43,39.49,144.57,2,1,1,-0.06
90,3,5.46,66.13,86.19,5,1,1,0.013
90,4,0.0,42.8,121.82,2,1,1,0.657
90,5,0.0,57.97,164.21,1,1,1,-0.727
91,1,12.42,74.65,72.25,4,1,0,0.04
91,2,9.0,38.06,164.79,4,1,0,-0.312
91,3,8.75,74.14,50.38,5,1,0,-1.586
91,4,14.45,72.94,132.68,3,1,0,-0.92
91,5,1.98,34.13,175.36,1,1,0,1.568
92,1,0.0,74.35,139.6,1,0,1,0.385
92,2,0.0,69.46,219.99,3,0,1,-1.324
92,3,0.0,56.55,64.19,2,0,1,-1.54
92,4,6.79,36.94,32.25,5,0,1,-0.112
92,5,1.54,36.52,60.34,1,0,1,1.561
93,1,8.51,36.56,139.63,5,1,0,-0.187
93,2,17.38,65.56,134.88,2,1,0,1.307
93,3,0.0,30.11,116.14,1,1,0,0.352
93,4,3.22,66.94,47.62,2,1,0,0.471
93,5,0.72,26.96,166.01,1,1,0,-1.336
94,1,10.05,44.9,26.52,3,1,1,0.938
94,2,16.75,54.74,174.54,2,1,1,-0.335
94,3,17.36,115.13,281.45,3,1,1,0.863
94,4,17.22,21.57,136.99,3,1,1,-0.814
94,5,22.43,94.8,154.99,1,1,1,0.177
95,1,3.83,53.75,70.43,1,1,0,0.352
95,2,0.0,62.28,3.61,1,1,0,-0.154
95,3,0.0,56.96,73.84,1,1,0,0.405
95,4,4.59,67.12,49.43,1,1,0,-0.266
95,5,1.09,54.16,33.18,2,1,0,-0.649
96,1,0.66,86.35,203.34,3,1,0,1.605
96,2,17.74,40.59,121.37,2,1,0,1.049
96,3,9.8,82.31,132.78,2,1,0,-0.761
96,4,5.38,39.89,96.46,3,1,0,0.568
96,5,14.73,56.49,109.63,3,1,0,-0.743
97,1,0.0,23.2,157.87,2,1,0,-1.185
97,2,1.53,63.38,103.06,2,1,0,1.034
97,3,5.95,90.13,141.84,3,1,0,-1.704
97,4,14.17,54.07,103.24,1,1,0,0.927
97,5,13.75,53.08,99.47,3,1,0,-0.253
98,1,7.98,22.13,15.59,5,1,0,-0.212
98,2,6.5,46.27,13.66,2,1,0,0.41
98,3,7.33,14.18,94.31,1,1,0,0.581
98,4,0.0,33.18,118.39,4,1,0,-0.826
98,5,8.16,63.67,42.83,1,1,0,0.718
99,1,0.0,82.98,97.93,1,1,0,0.113
99,2,3.95,122.23,108.23,1,1,0,-1.256
99,3,2.92,39.34,19.36,5,1,0,-0.17
99,4,13.84,91.88,60.09,5,1,0,1.381
99,5,9.43,64.09,144.44,3,1,0,1.677
100,1,0.0,46.22,123.22,4,0,1,0.717
100,2,0.87,62.81,35.78,4,0,1,-1.19
100,3,8.32,55.55,119.51,4,0,1,0.491
100,4,7.66,58.76,176.34,3,0,1,0.851
100,5,6.38,47.79,166.62,5,0,1,0.726
101,1,8.94,15.05,94.28,4,0,0,0.785
101,2,0.0,13.41,76.92,1,0,0,0.363
101,3,0.0,70.33,72.24,2,0,0,-0.072
101,4,6.75,49.08,143.07,5,0,0,-0.608
101,5,0.0,43.1,131.71,3,0,0,-1.898
102,1,0.0,50.21,137.76,2,0,1,0.34
102,2,0.0,71.87,112.91,5,0,1,0.186
102,3,5.08,58.51,159.13,4,0,1,0.558
102,4,5.51,39.6,120.68,3,0,1,-1.338
102,5,6.17,88.66,167.08,3,0,1,0.645
103,1,10.53,89.48,152.25,1,1,1,2.055
103,2,1.0,64.36,56.73,2,1,1,0.078
103,3,8.65,78.34,1.51,3,1,1,-0.062
103,4,7.45,87.05,207.61,5,1,1,0.309
103,5,9.48,86.25,135.4,2,1,1,2.032
104,1,1.48,65.35,2.87,1,0,1,-1.024
104,2,14.17,66.96,62.17,3,0,1,0.203
104,3,0.0,66.99,156.31,5,0,1,-0.8
104,4,0.0,28.57,98.22,3,0,1,-0.547
104,5,9.22,75.52,89.28,2,0,1,-0.05
105,1,18.8,16.1,184.05,4,0,0,1.347
105,2,9.83,32.14,42.16,4,0,0,1.801
105,3,4.05,86.59,62.11,2,0,0,0.448
105,4,14.03,77.01,127.68,5,0,0,-0.377
105,5,18.67,95.18,143.43,3,0,0,2.493
106,1,0.0,43.21,129.78,1,0,1,-0.428
106,2,4.16,23.19,159.67,3,0,1,-0.571
106,3,10.34,47.99,121.91,5,0,1,-1.775
106,4,17.42,58.55,144.36,2,0,1,1.396
106,5,10.45,59.97,104.45,3,0,1,0.968
107,1,11.95,78.34,103.76,4,1,1,2.418
107,2,2.13,42.97,111.45,4,1,1,-1.39
107,3,14.21,62.8,122.91,5,1,1,1.458
107,4,0.59,31.28,161.35,1,1,1,0.07
107,5,8.63,69.26,153.31,3,1,1,0.806
108,1,0.0,50.08,102.65,3,1,1,-1.648
108,2,12.83,33.25,56.45,1,1,1,1.468
108,3,3.23,48.1,114.06,4,1,1,0.787
108,4,1.48,51.4,113.32,1,1,1,-0.039
108,5,9.39,51.25,131.59,3,1,1,0.645
109,1,17.54,94.28,232.39,2,1,1,-0.765
109,2,0.0,49.54,73.57,1,1,1,-0.579
109,3,2.44,47.9,135.34,5,1,1,-0.463
109,4,0.0,3.56,179.11,2,1,1,-1.853
109,5,13.74,35.64,125.88,2,1,1,0.862
110,1,0.0,43.42,240.27,5,0,1,1.192
110,2,0.21,34.85,82.32,5,0,1,-0.701
110,3,22.34,88.54,129.45,1,0,1,0.348
110,4,6.69,51.88,67.07,2,0,1,-0.266
110,5,3.25,90.21,98.91,4,0,1,0.328
111,1,0.0,51.54,114.94,4,1,1,-0.628
111,2,0.57,52.93,155.78,5,1,1,-0.883
111,3,5.53,51.78,129.15,3,1,1,1.052
111,4,7.7,56.09,190.55,1,1,1,-0.064
111,5,9.88,100.97,114.3,5,1,1,2.022
112,1,0.0,7.99,80.07,1,1,1,0.046
112,2,4.47,1.96,267.24,1,1,1,-0.926
112,3,3.62,40.42,133.65,4,1,1,1.227
112,4,0.0,56.36,71.83,4,1,1,0.631
112,5,0.0,75.25,78.34,1,1,1,0.727
113,1,0.0,61.83,43.44,1,1,1,1.191
113,2,0.0,42.39,161.19,3,1,1,-0.653
113,3,0.0,79.48,88.14,2,1,1,-0.127
113,4,2.11,81.75,122.64,4,1,1,-0.171
113,5,0.0,62.6,116.19,3,1,1,-1.291
114,1,0.0,74.07,143.89,3,1,1,-0.264
114,2,0.0,58.82,54.2,3,1,1,1.336
114,3,0.0,39.96,45.47,2,1,1,0.237
114,4,0.0,73.45,128.46,2,1,1,-1.346
114,5,8.18,60.77,156.06,4,1,1,-1.556
115,1,10.5,50.03,119.95,3,1,1,1.665
115,2,16.63,88.82,56.43,3,1,1,-0.09
115,3,7.92,7.27,150.65,3,1,1,-0.647
115,4,6.09,20.56,70.37,2,1,1,-0.274
115,5,4.18,28.32,88.71,5,1,1,-1.477
116,1,6.49,40.92,43.36,3,0,1,1.423
116,2,3.15,45.63,183.07,4,0,1,-0.393
116,3,11.61,16.32,148.01,5,0,1,1.367
116,4,7.36,31.37,151.3,5,0,1,0.052
116,5,5.49,36.48,194.83,4,0,1,1.43
117,1,13.53,111.44,268.76,4,0,1,0.257
117,2,3.79,97.04,2.45,3,0,1,0.853
117,3,0.0,43.71,65.7,4,0,1,0.719
117,4,0.0,46.91,78.03,2,0,1,0.623
117,5,0.0,29.27,68.95,4,0,1,0.348
118,1,0.0,2.3,35.35,1,0,1,-0.233
118,2,2.94,49.08,87.02,5,0,1,1.915
118,3,0.0,29.05,37.0,2,0,1,-0.907
118,4,0.0,53.88,135.1,4,0,1,0.004
118,5,0.0,17.99,123.1,1,0,1,0.015
119,1,0.0,30.95,128.86,1,1,1,0.402
119,2,0.0,55.72,135.46,5,1,1,-0.429
119,3,0.0,63.16,146.18,5,1,1,0.315
119,4,7.1,66.44,92.6,2,1,1,-0.169
119,5,0.0,24.99,247.27,1,1,1,-1.582
120,1,14.02,71.37,114.07,5,1,0,0.01
120,2,4.63,31.99,6.75,5,1,0,-1.101
120,3,6.46,69.82,49.86,1,1,0,-1.734
120,4,0.0,55.73,10.57,4,1,0,0.137
120,5,0.0,23.59,121.04,2,1,0,0.488
121,1,13.02,42.1,92.69,4,1,0,0.527
121,2,18.26,61.13,76.89,3,1,0,0.567
121,3,11.3,69.32,230.66,1,1,0,-1.933
121,4,12.2,52.48,147.94,2,1,0,-1.361
121,5,29.14,96.29,163.57,3,1,0,1.974
122,1,8.58,75.19,44.14,4,1,1,-1.047
122,2,8.43,45.58,45.05,1,1,1,0.611
122,3,4.11,72.75,112.21,5,1,1,-0.687
122,4,5.05,104.34,125.38,4,1,1,0.08
122,5,19.18,107.01,8.62,5,1,1,-0.633
123,1,5.74,19.3,89.18,5,1,1,0.562
123,2,0.0,28.84,105.84,1,1,1,0.137
123,3,0.0,91.12,97.09,1,1,1,-0.448
123,4,0.0,29.54,66.2,4,1,1,-1.05
123,5,0.0,24.94,87.63,1,1,1,0.268
124,1,0.0,37.85,89.39,1,1,1,-1.213
124,2,0.0,62.51,110.45,3,1,1,0.427
124,3,14.94,51.44,146.29,5,1,1,2.626
124,4,8.59,39.74,179.85,4,1,1,1.35
124,5,14.54,41.14,102.34,3,1,1,0.718
125,1,0.0,32.19,72.63,1,1,0,-0.086
125,2,0.0,30.01,131.26,2,1,0,-1.939
125,3,0.0,111.04,146.65,4,1,0,-1.322
125,4,0.0,63.44,88.95,1,1,0,1.283
125,5,1.2,80.17,167.42,3,1,0,-0.79
126,1,4.27,37.77,158.78,1,1,1,-0.699
126,2,2.93,47.35,182.5,2,1,1,-0.166
126,3,8.3,36.16,216.7,2,1,1,-1.062
126,4,0.18,10.29,63.02,4,1,1,-1.227
126,5,10.56,23.55,120.83,5,1,1,-0.05
127,1,0.0,4.73,100.68,1,1,0,-0.892
127,2,0.0,4.24,99.12,4,1,0,-0.741
127,3,4.07,24.12,71.04,4,1,0,-0.781
127,4,13.27,89.12,25.87,5,1,0,0.522
127,5,11.24,56.89,125.56,5,1,0,-0.232
128,1,4.52,82.26,53.9,1,1,1,-0.179
128,2,6.07,62.27,110.16,4,1,1,0.597
128,3,0.0,73.56,62.36,3,1,1,-0.142
128,4,2.56,33.48,49.02,1,1,1,-0.278
128,5,8.39,71.1,134.06,2,1,1,0.47
129,1,10.23,68.22,109.06,5,1,1,0.668
129,2,14.7,37.58,139.76,3,1,1,-0.147
129,3,5.25,67.99,241.15,2,1,1,0.081
129,4,3.24,70.15,131.64,2,1,1,-0.782
129,5,19.96,44.26,149.1,5,1,1,-0.861
130,1,8.93,21.93,35.35,2,1,1,0.769
130,2,0.0,22.4,27.79,1,1,1,0.445
130,3,11.42,56.16,204.97,3,1,1,0.455
130,4,10.77,64.18,59.59,5,1,1,0.281
130,5,0.0,38.19,57.36,1,1,1,0.046
131,1,1.11,50.66,97.65,2,1,0,0.696
131,2,9.04,66.26,99.59,3,1,0,0.935
131,3,3.45,69.45,55.85,1,1,0,0.911
131,4,11.63,94.8,96.7,4,1,0,-0.101
131,5,18.6,89.92,193.76,2,1,0,1.387
132,1,0.0,24.97,51.64,1,0,1,0.228
132,2,0.0,94.09,21.38,2,0,1,0.632
132,3,5.63,40.73,166.56,5,0,1,0.282
132,4,3.28,82.12,144.54,5,0,1,0.247
132,5,0.0,59.7,82.77,3,0,1,-0.736
133,1,5.83,39.7,5.07,3,1,1,0.701
133,2,27.78,6.81,60.32,5,1,1,2.845
133,3,0.0,49.71,106.72,1,1,1,-0.375
133,4,7.95,17.02,184.94,4,1,1,0.071
133,5,9.94,82.18,57.81,4,1,1,-0.446
134,1,8.15,87.92,94.93,4,1,0,-0.488
134,2,17.52,32.08,145.51,2,1,0,1.544
134,3,14.78,61.55,32.88,4,1,0,-0.673
134,4,11.71,37.87,177.03,4,1,0,-0.474
134,5,7.31,42.29,49.05,5,1,0,-1.587
135,1,0.0,69.36,119.92,1,1,1,-0.758
135,2,0.0,51.04,119.8,4,1,1,-1.708
135,3,8.79,97.49,175.08,5,1,1,0.632
135,4,4.75,43.94,148.06,2,1,1,2.8
135,5,3.5,82.98,22.64,4,1,1,-0.367
136,1,0.0,52.44,52.91,1,1,1,-1.667
136,2,0.0,71.89,113.29,4,1,1,0.9
136,3,0.0,42.82,98.3,4,1,1,-0.727
136,4,0.0,54.76,143.66,1,1,1,1.299
136,5,4.69,55.11,167.36,1,1,1,-0.282
137,1,8.77,29.1,136.51,4,0,1,-0.632
137,2,9.29,68.55,92.14,2,0,1,-0.178
137,3,0.0,70.26,0.78,3,0,1,0.758
137,4,15.39,70.84,87.67,1,0,1,-0.227
137,5,8.92,96.42,144.98,5,0,1,-0.497
138,1,4.35,86.23,34.57,3,1,0,-0.199
138,2,9.31,42.63,142.88,5,1,0,-1.272
138,3,0.0,63.33,164.5,1,1,0,0.397
138,4,0.0,40.41,122.61,2,1,0,-1.787
138,5,4.63,58.58,63.83,4,1,0,-0.444
139,1,25.5,35.01,23.31,4,0,1,0.759
139,2,16.02,92.5,218.17,4,0,1,0.303
139,3,21.63,63.09,77.21,5,0,1,0.59
139,4,15.83,50.55,4.05,5,0,1,-0.065
139,5,12.94,87.84,194.11,1,0,1,1.17
140,1,0.0,4.27,100.8,2,1,0,0.925
140,2,11.49,1.65,171.3,5,1,0,0.446
140,3,0.0,73.9,126.62,3,1,0,0.928
140,4,17.56,57.51,142.51,5,1,0,0.75
140,5,4.1,64.26,141.78,3,1,0,-0.439
141,1,0.0,16.84,141.85,1,1,1,-1.344
141,2,12.52,51.42,241.65,3,1,1,0.42
141,3,22.91,104.09,168.26,5,1,1,0.546
141,4,12.81,76.6,20.18,4,1,1,1.09
141,5,11.79,62.24,146.8,1,1,1,-0.936
142,1,0.0,39.02,168.49,2,1,0,-0.906
142,2,1.76,42.14,177.16,5,1,0,0.46
142,3,4.18,0.77,84.4,5,1,0,-0.071
142,4,4.76,62.44,184.9,4,1,0,-1.886
142,5,3.16,79.14,175.66,1,1,0,0.375
143,1,8.31,10.61,254.35,4,0,0,-1.852
143,2,0.0,35.46,60.0,5,0,0,-0.945
143,3,6.46,25.06,79.56,4,0,0,1.352
143,4,5.12,31.87,96.63,3,0,0,1.825
143,5,0.0,59.34,90.59,3,0,0,-1.216
144,1,0.0,2.11,46.6,2,1,1,-0.329
144,2,10.0,67.36,60.76,2,1,1,0.043
144,3,29.03,72.85,83.92,4,1,1,1.781
144,4,11.48,49.72,137.16,1,1,1,-0.493
144,5,0.0,4.02,90.41,1,1,1,-0.477
145,1,0.0,25.09,216.12,2,1,0,1.549
145,2,9.46,82.82,105.8,4,1,0,-0.375
145,3,4.94,15.45,187.46,4,1,0,0.722
145,4,6.93,47.31,130.69,3,1,0,-1.477
145,5,0.0,28.5,169.58,3,1,0,-0.171
146,1,0.0,70.11,116.75,1,1,0,-1.66
146,2,2.7,35.12,187.13,2,1,0,-1.055
146,3,0.0,64.1,113.36,1,1,0,0.839
146,4,0.98,70.14,144.77,4,1,0,-0.05
146,5,4.78,103.91,141.98,4,1,0,-0.319
147,1,1.86,44.93,82.7,2,1,0,-0.749
147,2,1.33,61.4,129.3,2,1,0,-0.221
147,3,8.38,16.87,244.06,2,1,0,0.301
147,4,6.16,85.76,98.78,5,1,0,0.983
147,5,0.0,38.99,145.17,3,1,0,-2.625
148,1,19.32,35.98,175.47,4,1,1,-0.832
148,2,5.04,51.44,173.42,3,1,1,0.159
148,3,3.16,14.93,110.7,4,1,1,-0.099
148,4,6.37,61.72,28.0,3,1,1,0.403
148,5,8.88,82.19,151.0,2,1,1,0.268
149,1,0.0,57.32,33.17,5,1,1,-0.305
149,2,0.0,12.28,193.2,4,1,1,-0.527
149,3,0.0,50.9,120.17,4,1,1,-0.246
149,4,7.81,74.55,174.98,5,1,1,1.149
149,5,0.0,11.05,65.87,2,1,1,-0.732
150,1,12.5,23.13,6.85,1,1,1,-0.063
150,2,8.64,73.91,120.65,3,1,1,0.183
150,3,13.35,60.75,107.98,2,1,1,1.56
150,4,0.0,66.3,85.51,3,1,1,-0.3
150,5,8.37,104.49,125.08,2,1,1,0.959
151,1,0.68,61.71,266.05,2,0,1,1.232
151,2,9.06,68.45,155.07,2,0,1,-0.064
151,3,0.0,121.77,172.97,2,0,1,-0.211
151,4,6.58,50.65,165.64,4,0,1,-0.329
151,5,0.0,38.05,208.77,3,0,1,-0.256
152,1,5.89,60.69,88.6,3,0,1,0.854
152,2,1.59,62.97,18.29,1,0,1,0.231
152,3,14.28,40.83,98.68,3,0,1,0.235
152,4,0.0,30.19,163.7,1,0,1,-1.125
152,5,0.0,115.75,61.81,2,0,1,-0.967
153,1,0.0,58.17,89.42,3,1,1,2.143
153,2,0.0,33.69,63.49,1,1,1,-0.178
153,3,0.0,76.9,200.12,2,1,1,-0.775
153,4,0.0,53.27,159.97,2,1,1,1.431
153,5,0.0,51.68,159.09,5,1,1,0.282
154,1,0.0,64.06,137.3,5,1,1,0.578
154,2,0.0,19.7,102.77,1,1,1,-0.138
154,3,11.0,62.82,121.85,4,1,1,-0.319
154,4,7.01,103.82,43.89,4,1,1,-0.17
154,5,0.0,69.65,11.19,2,1,1,-1.383
155,1,0.0,40.59,109.0,3,1,1,-0.088
155,2,0.0,39.32,124.44,4,1,1,0.296
155,3,0.0,43.74,182.56,2,1,1,1.85
155,4,0.0,49.65,209.28,1,1,1,0.086
155,5,0.0,48.55,214.2,2,1,1,-2.334
156,1,2.37,72.91,40.12,2,0,1,-0.094
156,2,4.07,8.67,83.86,2,0,1,2.74
156,3,0.0,75.55,138.82,2,0,1,0.866
156,4,0.0,46.51,266.91,1,0,1,-0.811
156,5,4.0,67.42,208.81,5,0,1,0.591
157,1,0.0,21.83,167.16,1,1,0,-0.742
157,2,17.4,85.22,81.73,4,1,0,-1.354
157,3,0.0,85.14,57.01,4,1,0,-0.348
157,4,8.01,79.99,162.33,4,1,0,0.092
157,5,9.1,20.13,53.96,5,1,0,-1.872
158,1,0.0,70.73,85.69,1,0,0,-1.149
158,2,0.0,62.12,98.11,2,0,0,0.01
158,3,0.0,13.87,205.57,1,0,0,-0.408
158,4,0.0,55.39,93.72,3,0,0,0.395
158,5,0.0,67.11,26.35,4,0,0,-1.215
159,1,10.29,63.9,130.27,5,0,1,0.714
159,2,0.7,56.43,63.06,2,0,1,-1.184
159,3,6.64,61.28,112.56,2,0,1,1.643
159,4,0.0,92.84,109.8,5,0,1,-1.716
159,5,2.82,88.65,103.58,4,0,1,-1.093
160,1,0.0,21.68,147.42,4,0,1,0.417
160,2,0.66,44.06,13.03,3,0,1,1.664
160,3,14.49,49.88,78.98,3,0,1,0.315
160,4,0.79,12.2,156.04,2,0,1,0.563
160,5,0.0,60.35,83.15,4,0,1,0.018
161,1,1.97,81.22,3.47,2,1,0,-1.026
161,2,0.0,24.84,145.11,5,1,0,-0.49
161,3,0.0,62.41,177.39,1,1,0,-1.212
161,4,0.0,33.1,112.3,3,1,0,-1.279
161,5,0.0,41.2,2.35,2,1,0,0.402
162,1,5.54,86.93,142.36,4,0,1,-1.123
162,2,1.11,38.44,5.41,4,0,1,0.32
162,3,2.85,65.56,128.53,5,0,1,-1.302
162,4,0.0,9.22,61.75,4,0,1,0.296
162,5,0.0,104.56,50.41,2,0,1,-0.489
163,1,11.0,65.07,73.49,2,1,1,1.407
163,2,7.46,47.44,94.0,5,1,1,0.324
163,3,8.98,68.39,71.35,3,1,1,1.236
163,4,5.51,20.75,150.32,1,1,1,-0.756
163,5,10.59,87.56,93.24,5,1,1,0.056
164,1,9.32,41.9,158.81,4,1,1,-0.981
164,2,13.66,46.9,121.87,1,1,1,-0.414
164,3,6.54,41.71,68.15,4,1,1,-0.262
164,4,13.61,41.48,63.04,4,1,1,-0.726
164,5,9.77,75.37,21.15,4,1,1,-1.216
165,1,0.0,56.4,117.44,5,1,1,-1.414
165,2,0.0,68.29,83.72,3,1,1,-2.34
165,3,0.0,53.78,32.33,3,1,1,-1.056
165,4,4.76,68.83,82.86,4,1,1,0.627
165,5,0.0,47.53,65.94,1,1,1,-1.598
166,1,9.86,105.74,194.54,1,1,1,-1.368
166,2,17.54,12.8,2.83,5,1,1,1.791
166,3,6.55,85.52,23.52,2,1,1,-0.636
166,4,8.84,90.2,181.6,3,1,1,0.321
166,5,0.0,36.7,201.41,2,1,1,0.642
167,1,4.33,105.73,55.3,2,0,0,0.663
167,2,0.0,76.89,67.07,3,0,0,-1.522
167,3,8.17,78.28,146.97,5,0,0,-0.231
167,4,10.41,56.7,24.63,3,0,0,-1.618
167,5,9.82,52.57,8.33,1,0,0,2.446
168,1,9.56,44.76,83.16,2,0,1,-1.595
168,2,1.82,61.76,197.99,1,0,1,-1.048
168,3,9.61,89.03,83.86,5,0,1,-1.041
168,4,6.03,60.53,121.06,2,0,1,-1.497
168,5,7.71,35.21,188.03,2,0,1,1.353
169,1,13.06,70.61,226.41,1,1,1,2.422
169,2,6.5,75.03,70.39,3,1,1,-0.476
169,3,0.0,70.37,108.99,5,1,1,-1.32
169,4,11.08,74.64,224.32,3,1,1,-2.237
169,5,4.91,51.23,28.67,4,1,1,-0.244
170,1,0.0,26.78,161.65,1,0,0,-0.316
170,2,0.0,30.3,43.9,1,0,0,-0.651
170,3,1.88,13.11,116.15,4,0,0,0.221
170,4,4.0,61.92,100.44,1,0,0,0.395
170,5,0.0,55.91,62.52,3,0,0,0.323
171,1,2.09,39.0,41.01,2,1,0,-0.316
171,2,0.0,21.89,121.58,1,1,0,-1.102
171,3,0.0,22.82,169.73,3,1,0,0.666
171,4,0.0,84.02,107.22,5,1,0,0.013
171,5,6.55,41.38,124.21,1,1,0,0.888
172,1,13.76,59.01,134.27,5,1,1,0.79
172,2,0.0,17.23,46.7,3,1,1,-1.422
172,3,11.56,89.97,154.38,4,1,1,-1.434
172,4,4.1,52.4,164.16,1,1,1,-0.756
172,5,10.15,65.25,276.22,5,1,1,-1.056
173,1,0.0,108.14,77.43,1,1,1,0.755
173,2,15.66,89.91,77.52,5,1,1,0.351
173,3,7.88,46.34,156.14,4,1,1,1.099
173,4,0.0,41.17,164.15,2,1,1,0.396
173,5,0.0,49.86,87.89,1,1,1,0.209
174,1,4.04,62.75,75.81,4,0,1,1.2
174,2,0.0,49.37,137.47,1,0,1,0.47
174,3,3.19,44.12,60.34,4,0,1,0.068
174,4,0.0,92.68,90.37,4,0,1,1.48
174,5,0.16,55.14,125.38,2,0,1,0.115
175,1,3.55,107.49,159.76,2,1,1,-0.304
175,2,0.0,54.27,68.72,2,1,1,-0.838
175,3,0.52,98.63,0.54,2,1,1,0.703
175,4,1.97,64.93,0.0,1,1,1,1.237
175,5,14.94,82.07,44.44,2,1,1,-0.051
176,1,16.28,31.88,21.21,4,1,1,1.308
176,2,1.97,30.66,95.72,2,1,1,-1.97
176,3,7.12,65.49,38.67,4,1,1,-0.055
176,4,15.31,80.71,72.83,5,1,1,-0.04
176,5,13.08,59.01,73.55,4,1,1,-0.727
177,1,1.86,17.84,73.57,3,1,0,2.384
177,2,2.19,17.99,184.35,2,1,0,-0.066
177,3,0.0,18.32,149.72,5,1,0,-0.408
177,4,7.9,11.81,115.97,2,1,0,0.026
177,5,12.97,60.74,92.34,3,1,0,-2.003
178,1,0.0,78.13,74.01,3,0,1,-0.76
178,2,0.0,51.66,124.66,4,0,1,0.983
178,3,0.0,2.51,145.05,3,0,1,-0.629
178,4,0.0,51.23,60.54,4,0,1,-0.829
178,5,1.22,53.93,122.19,5,0,1,1.31
179,1,11.6,102.4,21.9,2,0,1,1.34
179,2,9.79,15.57,117.7,5,0,1,0.517
179,3,0.0,44.23,155.73,1,0,1,-0.455
179,4,6.62,98.65,98.2,5,0,1,-0.239
179,5,5.29,69.25,228.99,1,0,1,-0.804
180,1,2.16,64.08,47.13,5,0,0,-0.995
180,2,0.0,54.86,118.05,2,0,0,-1.044
180,3,4.5,62.25,107.85,5,0,0,-0.618
180,4,2.38,75.44,108.98,1,0,0,-1.035
180,5,0.0,37.76,113.14,3,0,0,-1.564
181,1,0.0,71.95,106.43,5,0,1,0.219
181,2,4.27,17.67,155.88,1,0,1,0.235
181,3,0.0,62.21,192.66,2,0,1,1.701
181,4,0.0,60.47,114.86,1,0,1,-0.668
181,5,0.0,42.59,168.92,2,0,1,0.296
182,1,0.0,49.43,57.89,2,0,0,0.313
182,2,3.09,36.44,150.96,4,0,0,-0.254
182,3,3.28,27.21,64.28,2,0,0,0.744
182,4,0.0,47.16,180.44,1,0,0,0.775
182,5,1.64,30.4,252.64,1,0,0,0.327
183,1,10.11,58.07,92.67,5,1,0,-0.256
183,2,0.0,23.25,26.55,5,1,0,-0.358
183,3,13.99,71.8,77.12,2,1,0,-1.368
183,4,0.0,26.46,188.91,1,1,0,-0.806
183,5,5.22,43.84,153.18,1,1,0,-0.622
184,1,8.36,34.38,114.93,5,1,1,-1.124
184,2,12.85,85.13,165.52,4,1,1,0.44
184,3,8.07,62.26,139.07,4,1,1,1.197
184,4,9.2,50.71,188.06,2,1,1,-0.908
184,5,0.98,70.47,175.17,4,1,1,0.283
185,1,0.0,2.68,191.3,1,0,1,-1.034
185,2,0.0,50.92,126.53,4,0,1,-0.305
185,3,0.0,103.94,164.32,3,0,1,-0.69
185,4,0.0,59.31,96.57,2,0,1,0.602
185,5,2.98,59.7,83.91,4,0,1,-0.679
186,1,4.93,63.7,202.41,4,0,0,1.012
186,2,6.5,74.39,117.97,3,0,0,-0.246
186,3,0.0,4.06,158.29,1,0,0,-0.65
186,4,0.0,13.94,122.42,1,0,0,-1.253
186,5,3.05,63.26,84.81,5,0,0,0.253
187,1,2.66,32.13,100.66,2,1,0,0.895
187,2,3.48,84.8,191.16,2,1,0,0.273
187,3,14.27,46.12,143.31,4,1,0,2.239
187,4,3.94,7.64,12.31,2,1,0,1.43
187,5,0.0,26.3,107.09,2,1,0,-0.308
188,1,0.0,18.74,206.94,4,1,0,-0.318
188,2,3.54,46.15,92.17,3,1,0,0.47
188,3,0.0,49.29,1.97,4,1,0,-0.838
188,4,3.89,45.39,228.58,1,1,0,1.166
188,5,8.78,84.97,160.94,3,1,0,0.362
189,1,0.0,79.96,95.8,3,0,1,0.256
189,2,0.0,47.74,82.71,4,0,1,0.687
189,3,12.28,0.63,174.94,1,0,1,1.723
189,4,2.93,71.43,82.48,1,0,1,0.171
189,5,4.39,71.88,188.9,4,0,1,-0.113
190,1,0.0,57.73,132.53,4,1,0,1.509
190,2,1.77,76.54,119.68,5,1,0,0.968
190,3,0.0,24.88,118.73,2,1,0,-0.321
190,4,9.39,106.22,104.5,5,1,0,0.005
190,5,0.0,34.01,182.74,2,1,0,0.195
191,1,16.03,68.73,48.08,4,0,1,0.362
191,2,0.0,9.82,7.68,1,0,1,-1.357
191,3,0.97,30.74,146.87,5,0,1,-1.542
191,4,4.77,93.91,152.87,2,0,1,-0.887
191,5,0.0,51.48,148.81,5,0,1,-0.965
192,1,8.02,71.0,124.46,2,1,1,-0.644
192,2,11.85,57.92,85.77,4,1,1,0.635
192,3,15.82,51.38,157.25,3,1,1,-0.169
192,4,0.0,90.1,112.27,1,1,1,0.196
192,5,11.43,52.08,90.77,1,1,1,-1.224
193,1,6.89,5.48,81.29,4,1,1,-0.462
193,2,11.3,31.92,226.24,1,1,1,0.587
193,3,2.37,67.78,5.9,2,1,1,0.595
193,4,10.32,65.89,144.99,3,1,1,-0.725
193,5,0.0,18.82,19.25,2,1,1,0.162
194,1,8.09,31.89,93.51,1,0,1,2.199
194,2,0.0,37.46,78.98,4,0,1,-0.018
194,3,0.0,44.86,15.1,4,0,1,-0.693
194,4,0.0,21.6,138.34,4,0,1,-0.174
194,5,6.23,42.29,97.2,5,0,1,0.092
195,1,0.0,31.78,25.95,1,1,1,-0.151
195,2,0.0,71.29,155.37,3,1,1,-0.031
195,3,0.0,74.23,196.1,2,1,1,-1.443
195,4,0.0,52.35,204.41,5,1,1,-0.963
195,5,4.04,48.2,141.54,3,1,1,-0.149
196,1,2.7,53.5,102.76,1,1,1,-0.165
196,2,0.0,31.59,184.69,4,1,1,-0.566
196,3,0.0,25.33,210.94,1,1,1,-0.177
196,4,5.9,32.49,183.01,2,1,1,0.061
196,5,5.05,42.13,63.51,4,1,1,0.889
197,1,2.3,20.91,112.08,3,1,0,-0.099
197,2,12.62,56.05,131.37,4,1,0,0.399
197,3,0.0,72.24,1.42,3,1,0,-0.542
197,4,6.34,16.32,143.16,5,1,0,0.572
197,5,7.03,58.63,256.38,3,1,0,0.376
198,1,0.0,44.5,138.4,1,0,1,0.866
198,2,0.0,60.54,193.4,1,0,1,0.713
198,3,1.43,53.68,120.97,4,0,1,0.589
198,4,0.0,19.66,110.61,1,0,1,-0.098
198,5,0.0,26.44,142.88,2,0,1,0.245
199,1,10.85,50.74,51.05,1,1,1,1.064
199,2,0.0,77.72,47.17,2,1,1,-0.652
199,3,4.58,1.35,185.98,3,1,1,-0.628
199,4,6.13,64.64,197.34,1,1,1,0.181
199,5,11.93,87.74,60.53,3,1,1,0.415
200,1,2.6,46.17,158.08,5,1,1,-0.824
200,2,15.97,65.76,99.78,1,1,1,-0.075
200,3,5.67,36.42,130.39,1,1,1,-0.094
200,4,15.38,53.02,142.61,2,1,1,-2.215
200,5,12.65,17.48,179.66,5,1,1,-0.22
