country,year,consumption,income,investment,log_C,log_Y
Australia,1980,4473.51,20998.67,39058.13,8.405929,9.952215
Australia,1981,4429.32,21183.17,39886.34,8.396002,9.960962
Australia,1982,4279.64,20585.04,37737.68,8.361625,9.93232
Australia,1983,4171.3,20494.04,41227.72,8.335984,9.92789
Australia,1984,4212.75,21002.04,39898.4,8.345872,9.952375
Australia,1985,4302.35,20759.16,38649.0,8.366916,9.940743
Australia,1986,4515.01,20855.9,39028.87,8.415163,9.945392
Australia,1987,4511.88,21856.54,40103.02,8.41447,9.992256
Australia,1988,4488.66,21490.62,41532.27,8.409309,9.975372
Australia,1989,4535.84,21904.07,38345.53,8.419766,9.994428
Australia,1990,4682.96,22098.35,39682.58,8.451686,10.003258
Australia,1991,4729.78,22818.97,38835.49,8.461634,10.035347
Australia,1992,5036.55,24062.01,38189.34,8.524477,10.08839
Australia,1993,5225.4,24851.96,38390.0,8.561287,10.120692
Australia,1994,4982.84,24597.1,40817.73,8.513755,10.110384
Australia,1995,5199.29,25102.76,41900.67,8.556277,10.130733
Australia,1996,5470.47,25950.04,42003.38,8.60712,10.163928
Australia,1997,5204.35,24557.26,41641.34,8.557249,10.108763
Australia,1998,5017.55,25184.05,41311.47,8.520696,10.133966
Australia,1999,5314.78,26910.03,40301.09,8.578248,10.200254
Australia,2000,5641.0,28278.88,40191.63,8.637817,10.24987
Australia,2001,5887.01,29005.23,39692.68,8.680504,10.275231
Australia,2002,5717.21,29321.99,41300.7,8.651236,10.286093
Australia,2003,5863.31,29993.26,39105.78,8.676469,10.308728
Australia,2004,5874.97,30365.23,40045.11,8.678456,10.321054
Australia,2005,6374.44,32841.34,42193.17,8.760052,10.399443
Australia,2006,6213.47,31731.17,42528.18,8.734475,10.365055
Australia,2007,6353.89,32268.18,42929.58,8.756822,10.381837
Australia,2008,6749.85,34138.93,45459.43,8.817276,10.438194
Australia,2009,6866.54,36397.52,47081.37,8.834416,10.502256
Australia,2010,6820.23,36148.11,46579.62,8.827648,10.49538
Australia,2011,6768.84,35309.32,43451.01,8.820085,10.471902
Australia,2012,6985.27,35141.36,42071.62,8.851559,10.467134
Australia,2013,6990.1,36817.56,43721.7,8.85225,10.51373
Australia,2014,6910.77,35902.71,44443.78,8.840837,10.488568
Australia,2015,6657.38,35397.22,45582.22,8.803481,10.474389
Australia,2016,6973.35,36471.88,44058.34,8.849852,10.504297
Australia,2017,7080.23,37626.62,48967.57,8.865061,10.535467
Australia,2018,7160.65,37147.08,45412.54,8.876356,10.52264
Australia,2019,7371.1,39319.06,48124.56,8.905323,10.579465
Austria,1980,8574.49,14444.26,29984.96,9.056546,9.578052
Austria,1981,8996.41,14799.99,29602.87,9.104581,9.602382
Austria,1982,8967.84,15322.07,28272.42,9.1014,9.637049
Austria,1983,9295.59,15636.9,29552.5,9.137296,9.657389
Austria,1984,9034.83,15791.24,29088.71,9.108842,9.667211
Austria,1985,9181.4,16235.15,29789.88,9.124935,9.694934
Austria,1986,9485.02,16385.14,30059.53,9.157469,9.70413
Austria,1987,9935.59,16886.63,31981.97,9.203879,9.734278
Austria,1988,9721.33,16901.23,32342.24,9.182078,9.735142
Austria,1989,10933.65,17464.8,32885.79,9.299601,9.767943
Austria,1990,11037.66,18181.33,31932.71,9.309068,9.808151
Austria,1991,10829.84,18383.72,30918.04,9.290061,9.819221
Austria,1992,10993.32,19582.41,32385.18,9.305043,9.882387
Austria,1993,11626.98,19901.18,32258.94,9.361083,9.898534
Austria,1994,11860.95,20142.25,30921.97,9.381007,9.910575
Austria,1995,11865.57,20649.66,34765.84,9.381396,9.935454
Austria,1996,11839.14,20442.95,32629.55,9.379166,9.925393
Austria,1997,11923.58,20663.64,33198.23,9.386273,9.936131
Austria,1998,11899.79,20743.5,31973.56,9.384276,9.939988
Austria,1999,12678.68,21892.25,30231.79,9.447677,9.993888
Austria,2000,13656.33,23244.09,28815.6,9.521958,10.053806
Austria,2001,13868.62,24325.83,30758.19,9.537384,10.099294
Austria,2002,14003.24,24532.73,26660.7,9.547044,10.107764
Austria,2003,13942.71,25024.54,30858.32,9.542712,10.127612
Austria,2004,14422.94,25445.58,33876.58,9.576575,10.144297
Austria,2005,15107.03,26583.19,32230.5,9.622916,10.188034
Austria,2006,15347.67,27323.53,32786.66,9.638719,10.215503
Austria,2007,16064.88,28043.98,35840.63,9.684391,10.241529
Austria,2008,16277.57,29781.16,35247.06,9.697543,10.301631
Austria,2009,16873.3,30652.91,34653.48,9.733488,10.330483
Austria,2010,17674.55,31090.22,35185.58,9.779881,10.344649
Austria,2011,18392.56,32336.06,36583.57,9.819702,10.383938
Austria,2012,18270.13,32665.03,37350.19,9.813023,10.39406
Austria,2013,18813.98,33450.37,39036.53,9.842356,10.417818
Austria,2014,19347.01,34584.46,37478.72,9.870293,10.45116
Austria,2015,20436.63,35925.33,39416.26,9.925084,10.489198
Austria,2016,20826.81,37227.95,38942.29,9.943996,10.524815
Austria,2017,21598.59,38198.9,36475.69,9.980383,10.550562
Austria,2018,21075.92,38472.43,38383.13,9.955886,10.557697
Austria,2019,22306.87,39828.52,37725.47,10.01265,10.592339
Belgium,1980,2534.99,15025.0,34582.25,7.837947,9.617471
Belgium,1981,2576.26,15424.12,34382.67,7.854094,9.643688
Belgium,1982,2493.84,15207.71,33595.84,7.821579,9.629558
Belgium,1983,2670.53,15636.23,36046.41,7.890031,9.657346
Belgium,1984,2650.91,15950.92,36247.87,7.882658,9.677272
Belgium,1985,2685.68,16405.0,37490.96,7.895688,9.705341
Belgium,1986,2777.17,16699.41,38700.7,7.929189,9.723129
Belgium,1987,2844.51,17134.48,38521.37,7.953148,9.748848
Belgium,1988,2926.74,17497.46,41109.88,7.981646,9.769811
Belgium,1989,3045.13,18797.92,42293.89,8.021299,9.841502
Belgium,1990,3193.98,20212.67,39787.48,8.069023,9.914065
Belgium,1991,3113.45,19610.7,37638.74,8.043486,9.88383
Belgium,1992,3341.97,20178.11,39842.78,8.114316,9.912354
Belgium,1993,3336.64,20157.32,36851.42,8.112719,9.911323
Belgium,1994,3403.77,21158.75,34563.88,8.13264,9.959809
Belgium,1995,3533.54,21535.5,33132.36,8.170056,9.977458
Belgium,1996,3554.63,21981.63,34117.41,8.176005,9.997962
Belgium,1997,3505.11,21870.61,35687.91,8.161979,9.992899
Belgium,1998,3523.47,22702.64,34194.43,8.167202,10.030236
Belgium,1999,3581.45,23354.26,38739.1,8.183522,10.058535
Belgium,2000,3772.8,24514.43,43624.52,8.235574,10.107017
Belgium,2001,3914.78,24871.13,43989.56,8.272514,10.121463
Belgium,2002,3939.9,24806.16,45051.28,8.278912,10.118847
Belgium,2003,3725.13,24612.97,42813.94,8.222857,10.111029
Belgium,2004,3955.43,26035.33,46010.97,8.282844,10.16721
Belgium,2005,3911.83,25514.35,44913.12,8.27176,10.146996
Belgium,2006,3829.83,24787.8,40461.27,8.250575,10.118107
Belgium,2007,3860.99,25520.11,39528.66,8.258678,10.147222
Belgium,2008,4036.46,26006.65,37970.13,8.303123,10.166107
Belgium,2009,3987.51,26208.79,38530.18,8.290923,10.17385
Belgium,2010,3937.1,26397.78,43191.54,8.2782,10.181035
Belgium,2011,4019.58,26495.74,42159.47,8.298934,10.184739
Belgium,2012,4223.47,27439.93,40867.58,8.348411,10.219754
Belgium,2013,4065.7,27821.9,37981.66,8.310342,10.233579
Belgium,2014,4324.6,29529.89,40478.23,8.372076,10.293158
Belgium,2015,4833.79,32432.26,41300.89,8.483386,10.386909
Belgium,2016,4770.26,31856.78,39894.71,8.470157,10.369005
Belgium,2017,4671.79,32015.53,44158.95,8.449297,10.373976
Belgium,2018,4929.01,32668.46,43897.38,8.502893,10.394165
Belgium,2019,5173.73,34573.45,41711.55,8.551349,10.450841
Canada,1980,1409.27,10918.06,45495.19,7.250829,9.298173
Canada,1981,1411.8,11104.99,46718.14,7.252618,9.31515
Canada,1982,1411.87,11204.84,45587.24,7.252671,9.324101
Canada,1983,1438.16,11541.53,46615.85,7.271122,9.353707
Canada,1984,1443.96,11189.4,45011.64,7.275145,9.322722
Canada,1985,1389.97,11125.95,42015.66,7.237037,9.317035
Canada,1986,1418.06,11383.36,45134.48,7.257043,9.339908
Canada,1987,1426.07,11541.28,44465.18,7.262679,9.353685
Canada,1988,1436.89,11444.74,47597.43,7.270235,9.345286
Canada,1989,1469.09,11899.35,49278.0,7.292401,9.384239
Canada,1990,1413.02,11280.79,49628.81,7.253484,9.330857
Canada,1991,1449.45,11577.75,49421.07,7.278937,9.35684
Canada,1992,1534.86,12149.76,50263.31,7.336194,9.405065
Canada,1993,1530.36,12174.19,50614.97,7.33326,9.407073
Canada,1994,1635.68,12466.31,52371.94,7.399812,9.430785
Canada,1995,1654.35,13094.44,46744.25,7.411165,9.479943
Canada,1996,1589.18,12623.76,47026.89,7.370972,9.443336
Canada,1997,1615.62,12940.08,49784.58,7.387476,9.468085
Canada,1998,1674.52,13230.56,46218.41,7.423281,9.490285
Canada,1999,1682.17,13566.47,48873.21,7.427839,9.515357
Canada,2000,1720.2,13850.22,48157.73,7.450195,9.536056
Canada,2001,1739.45,14398.22,49234.83,7.461327,9.57486
Canada,2002,1805.75,14821.79,52500.77,7.49873,9.603854
Canada,2003,1782.47,14942.15,50842.58,7.485753,9.611941
Canada,2004,1819.82,15501.58,53490.52,7.506495,9.648697
Canada,2005,1958.5,15928.44,51071.26,7.579935,9.675862
Canada,2006,1939.83,15395.41,52424.07,7.570354,9.641825
Canada,2007,1889.82,15760.51,59068.53,7.544235,9.665263
Canada,2008,1948.69,16057.62,58238.36,7.57491,9.683939
Canada,2009,1943.75,15954.43,61556.36,7.572374,9.677492
Canada,2010,1999.85,16942.71,56307.52,7.600827,9.737593
Canada,2011,2074.85,17236.26,50767.71,7.637642,9.754771
Canada,2012,2052.89,17430.58,48841.67,7.627002,9.765981
Canada,2013,2117.54,18116.61,47232.22,7.65801,9.804585
Canada,2014,2197.8,18230.15,48332.35,7.69521,9.810832
Canada,2015,2161.26,18390.57,43528.58,7.678448,9.819593
Canada,2016,2194.85,18560.07,50813.87,7.693868,9.828768
Canada,2017,2138.88,18711.3,58740.31,7.66804,9.836883
Canada,2018,2179.9,19013.29,57878.01,7.687033,9.852894
Canada,2019,2163.17,19005.81,56465.51,7.67933,9.8525
Denmark,1980,1676.74,6179.36,48259.51,7.424608,8.72897
Denmark,1981,1652.04,6017.71,45568.43,7.409767,8.702461
Denmark,1982,1794.79,6294.59,48784.67,7.492644,8.747445
Denmark,1983,1802.14,6297.31,46052.33,7.496729,8.747878
Denmark,1984,1788.0,6354.9,48833.03,7.488851,8.756981
Denmark,1985,1839.67,6389.45,46506.64,7.517343,8.762403
Denmark,1986,1859.2,6613.94,48612.98,7.527901,8.796935
Denmark,1987,1920.41,6915.8,48320.12,7.560292,8.841563
Denmark,1988,1861.2,6880.93,45256.84,7.528977,8.836509
Denmark,1989,1921.99,6726.96,41896.77,7.561117,8.813878
Denmark,1990,1931.6,6882.6,43304.88,7.566104,8.836752
Denmark,1991,1991.86,6988.63,45794.84,7.596824,8.85204
Denmark,1992,1970.18,7026.06,48017.78,7.585881,8.857382
Denmark,1993,1946.91,6854.66,48930.78,7.573997,8.832684
Denmark,1994,1967.76,6972.17,48284.0,7.584651,8.849682
Denmark,1995,1950.04,7130.19,50297.63,7.575607,8.872093
Denmark,1996,2065.74,7479.56,51801.72,7.633241,8.919929
Denmark,1997,2228.06,7999.86,48043.49,7.708887,8.987179
Denmark,1998,2196.84,7978.86,50612.91,7.694776,8.984551
Denmark,1999,2192.74,8157.44,49925.85,7.692906,9.006685
Denmark,2000,2125.74,8062.29,48210.42,7.661875,8.994953
Denmark,2001,2256.76,7961.89,50573.19,7.721685,8.982422
Denmark,2002,2220.42,7884.62,49561.16,7.705451,8.972669
Denmark,2003,2361.26,8666.45,54709.15,7.766949,9.067214
Denmark,2004,2462.63,8800.66,52931.47,7.808987,9.082582
Denmark,2005,2458.84,9141.8,55480.64,7.807446,9.120612
Denmark,2006,2447.25,9471.28,53693.88,7.802722,9.15602
Denmark,2007,2548.84,9606.4,54752.66,7.843392,9.170184
Denmark,2008,2642.87,9879.53,56847.78,7.879619,9.19822
Denmark,2009,2745.59,10302.06,56885.05,7.917751,9.240099
Denmark,2010,2804.55,10610.96,57895.45,7.938999,9.269643
Denmark,2011,2807.36,10436.82,57144.94,7.940001,9.253095
Denmark,2012,2809.99,10618.95,59917.25,7.940937,9.270395
Denmark,2013,2811.91,10826.62,57939.59,7.94162,9.289763
Denmark,2014,2847.57,11080.88,61742.02,7.95422,9.312977
Denmark,2015,2866.99,11200.47,65076.69,7.961019,9.323711
Denmark,2016,2922.07,11750.24,64331.16,7.980049,9.371629
Denmark,2017,3095.49,11974.98,61124.52,8.037703,9.390575
Denmark,2018,3298.62,13057.94,60342.74,8.101258,9.477151
Denmark,2019,3459.09,13929.73,59940.79,8.148761,9.541781
Finland,1980,3113.58,22660.56,51503.85,8.043527,10.028381
Finland,1981,3227.44,22939.69,48113.54,8.079445,10.040624
Finland,1982,3290.93,23327.42,49322.09,8.098924,10.057385
Finland,1983,3231.24,23325.84,47818.65,8.080622,10.057317
Finland,1984,3321.66,23324.44,51827.74,8.108221,10.057257
Finland,1985,3297.01,23228.07,49635.49,8.100772,10.053117
Finland,1986,3208.61,23638.71,53738.15,8.073594,10.070641
Finland,1987,3233.27,23649.45,53192.84,8.081248,10.071095
Finland,1988,3476.08,24298.11,51923.78,8.15366,10.098154
Finland,1989,3311.15,23922.33,51016.33,8.105052,10.082568
Finland,1990,3336.78,23980.92,50587.41,8.112762,10.085014
Finland,1991,3473.75,25621.08,49845.25,8.152989,10.151171
Finland,1992,3706.68,26336.67,51828.62,8.217891,10.178718
Finland,1993,3787.9,27020.62,53976.09,8.239567,10.204356
Finland,1994,3904.15,27999.86,57345.43,8.269796,10.239955
Finland,1995,3857.61,28275.06,59099.63,8.257803,10.249735
Finland,1996,3852.71,28874.9,57092.52,8.256532,10.270728
Finland,1997,3914.73,29378.1,52021.09,8.272502,10.288005
Finland,1998,4176.15,30175.63,51547.63,8.337145,10.31479
Finland,1999,4256.72,30738.97,51762.82,8.356254,10.333286
Finland,2000,4234.03,31548.62,51163.42,8.35091,10.359285
Finland,2001,4211.92,32696.71,52450.32,8.345674,10.39503
Finland,2002,4246.93,33972.79,51712.7,8.353951,10.433315
Finland,2003,4499.8,35573.4,51438.55,8.411788,10.479353
Finland,2004,4286.15,34972.94,53257.11,8.363143,10.46233
Finland,2005,4455.27,34691.05,54082.9,8.401842,10.454237
Finland,2006,4496.2,34225.39,55690.44,8.410988,10.440723
Finland,2007,4542.77,36049.34,51707.58,8.421291,10.492644
Finland,2008,4655.63,36496.35,52058.4,8.445832,10.504968
Finland,2009,4745.12,36028.13,52463.28,8.464873,10.492055
Finland,2010,4781.29,36772.48,54866.12,8.472465,10.512505
Finland,2011,4954.88,37768.57,55724.99,8.508128,10.539233
Finland,2012,5037.97,38201.59,53837.99,8.524758,10.550632
Finland,2013,4817.95,38679.69,54768.33,8.480103,10.56307
Finland,2014,4916.05,39892.32,54134.63,8.50026,10.593939
Finland,2015,4751.31,40044.7,50519.51,8.466175,10.597752
Finland,2016,5081.24,41252.76,49950.42,8.533311,10.627473
Finland,2017,5055.6,41801.0,55973.36,8.528251,10.640676
Finland,2018,5182.87,42164.31,56808.25,8.553114,10.649329
Finland,2019,5177.51,42507.45,54055.71,8.552079,10.657435
France,1980,12731.42,45730.25,80217.45,9.451828,10.730515
France,1981,13668.75,48400.49,84887.71,9.522868,10.787265
France,1982,14519.9,51901.78,93687.65,9.583276,10.857108
France,1983,15613.72,56383.51,88358.18,9.655905,10.939932
France,1984,15947.92,57468.14,89042.3,9.677084,10.958986
France,1985,16948.3,59113.77,95447.26,9.737923,10.987219
France,1986,16933.1,60924.22,95027.83,9.737025,11.017386
France,1987,16479.6,62217.58,93723.02,9.709878,11.038393
France,1988,17511.91,63095.0,85561.57,9.770637,11.052397
France,1989,18201.07,65404.47,93472.27,9.809236,11.088346
France,1990,18865.3,69618.54,91497.93,9.84508,11.150786
France,1991,18973.72,73130.75,98027.38,9.85081,11.200004
France,1992,19636.48,73835.35,97317.9,9.885145,11.209593
France,1993,19606.75,74720.92,94467.7,9.883629,11.221515
France,1994,20450.36,78226.35,97217.46,9.925756,11.267362
France,1995,21077.75,83447.71,94508.09,9.955973,11.331975
France,1996,21905.63,82521.45,90844.13,9.994499,11.320814
France,1997,22528.23,84825.11,91631.65,10.022525,11.348347
France,1998,23324.88,90059.99,85848.59,10.057276,11.408231
France,1999,25444.88,97125.66,87881.11,10.14427,11.483761
France,2000,26713.04,98990.08,91853.36,10.192907,11.502775
France,2001,27484.35,105210.06,92882.07,10.221372,11.563714
France,2002,27732.44,108064.35,97942.13,10.230358,11.590482
France,2003,28849.05,113799.23,99239.15,10.269832,11.642191
France,2004,30540.27,120523.06,105441.98,10.326801,11.699596
France,2005,32927.2,132369.02,112154.3,10.402054,11.793349
France,2006,33638.6,138876.53,106905.62,10.42343,11.841341
France,2007,34949.34,142118.37,111094.87,10.461655,11.864416
France,2008,36341.79,146982.49,123773.84,10.500724,11.898069
France,2009,38134.95,152252.2,125487.98,10.548886,11.933294
France,2010,38338.43,159865.83,130900.37,10.554208,11.98209
France,2011,39428.71,166119.7,123989.89,10.582249,12.020464
France,2012,41691.07,172718.46,130221.2,10.638042,12.059418
France,2013,43282.04,176457.42,131741.68,10.675493,12.080835
France,2014,45198.87,185044.15,124334.47,10.718827,12.12835
France,2015,45674.38,189602.42,119868.9,10.729293,12.152685
France,2016,43897.03,188655.09,126913.92,10.689602,12.147676
France,2017,42662.95,188324.03,118186.36,10.661086,12.145919
France,2018,48297.03,203990.66,114523.79,10.785125,12.22583
France,2019,50520.7,216482.33,102420.05,10.830138,12.285264
Germany,1980,3819.64,45297.68,68761.27,8.247911,10.721011
Germany,1981,3826.07,46020.18,65719.57,8.249592,10.736835
Germany,1982,3712.66,44571.46,62274.34,8.219505,10.704849
Germany,1983,3867.88,45373.65,66616.97,8.260461,10.722687
Germany,1984,3842.15,44775.28,63108.62,8.253788,10.709412
Germany,1985,3783.78,46032.22,64738.0,8.238479,10.737097
Germany,1986,3809.13,45896.8,60211.2,8.245157,10.734151
Germany,1987,3879.82,46475.49,62897.1,8.263544,10.74668
Germany,1988,3868.1,47243.19,64638.81,8.260518,10.763064
Germany,1989,3919.65,47926.12,63270.58,8.273757,10.777416
Germany,1990,3985.16,46777.32,60161.27,8.290332,10.753154
Germany,1991,3963.1,46494.71,61059.57,8.284782,10.747094
Germany,1992,3898.38,46269.06,60042.57,8.268316,10.742229
Germany,1993,3823.19,45419.04,63629.76,8.248839,10.723687
Germany,1994,3804.24,45789.48,64671.5,8.243871,10.73181
Germany,1995,4085.63,47596.01,63983.78,8.31523,10.770504
Germany,1996,4230.16,48108.19,62481.02,8.349995,10.781208
Germany,1997,4204.16,50964.91,66621.91,8.343829,10.838893
Germany,1998,4145.98,51116.29,65192.54,8.329894,10.841859
Germany,1999,4019.0,50900.99,66116.86,8.298788,10.837638
Germany,2000,4000.3,51891.45,68136.29,8.294124,10.856909
Germany,2001,3996.08,49857.35,71839.77,8.293069,10.816921
Germany,2002,4237.76,52810.73,69103.28,8.35179,10.87447
Germany,2003,4328.79,54305.19,71350.4,8.373043,10.902375
Germany,2004,4258.4,55267.09,70599.64,8.356649,10.919933
Germany,2005,4406.78,54908.17,74082.98,8.390899,10.913417
Germany,2006,4296.77,54036.24,76877.36,8.365619,10.89741
Germany,2007,4588.13,58230.5,76548.68,8.431228,10.972165
Germany,2008,4613.95,59205.48,77638.68,8.436841,10.988769
Germany,2009,4464.67,58742.07,68718.74,8.40395,10.980911
Germany,2010,4284.01,57792.26,70330.87,8.362645,10.96461
Germany,2011,4532.93,58542.06,70809.98,8.419123,10.977501
Germany,2012,4660.0,60779.24,72308.26,8.446772,11.015004
Germany,2013,4761.26,60492.96,71233.61,8.468267,11.010282
Germany,2014,4736.21,62168.73,71741.54,8.462992,11.037607
Germany,2015,4967.02,64831.58,72306.68,8.510576,11.079548
Germany,2016,5206.85,68158.05,73199.88,8.557731,11.129584
Germany,2017,5078.43,67124.27,70710.34,8.532758,11.114301
Germany,2018,5190.28,68108.69,71339.31,8.554543,11.12886
Germany,2019,5017.35,69121.94,68807.63,8.520657,11.143628
Greece,1980,6094.66,20156.91,76177.23,8.715169,9.911302
Greece,1981,6154.27,20223.91,77573.07,8.724902,9.914621
Greece,1982,6447.76,20754.97,82267.67,8.771489,9.940541
Greece,1983,6178.61,19624.54,74780.18,8.728849,9.884536
Greece,1984,5776.1,19272.53,77406.7,8.661485,9.866436
Greece,1985,5533.75,19237.1,75330.16,8.61862,9.864596
Greece,1986,5598.86,18732.92,75363.73,8.630318,9.838038
Greece,1987,5651.69,19058.43,80902.75,8.63971,9.855265
Greece,1988,5705.98,19311.74,78352.69,8.64927,9.868468
Greece,1989,6058.75,19490.5,73139.04,8.709259,9.877683
Greece,1990,6274.58,20577.06,73161.49,8.744261,9.931932
Greece,1991,6479.13,20522.86,77391.55,8.776342,9.929295
Greece,1992,6694.33,22078.04,82464.96,8.809016,10.002339
Greece,1993,7189.45,23200.92,83170.31,8.88037,10.051947
Greece,1994,7134.26,23825.18,92170.07,8.872663,10.078498
Greece,1995,7172.43,23919.35,83382.39,8.878,10.082443
Greece,1996,7356.24,25066.21,79888.58,8.903305,10.129276
Greece,1997,7815.03,26257.47,86196.88,8.963805,10.175706
Greece,1998,7841.46,25609.32,83748.72,8.967181,10.150712
Greece,1999,8144.78,26931.31,86968.6,9.005132,10.201045
Greece,2000,8153.4,26832.5,86585.45,9.00619,10.197369
Greece,2001,8510.33,28372.85,89876.21,9.049036,10.253188
Greece,2002,8287.21,28485.28,84400.13,9.022469,10.257143
Greece,2003,8639.97,30559.09,85765.63,9.064155,10.327418
Greece,2004,9065.61,31250.46,90870.87,9.112243,10.349789
Greece,2005,9171.8,31544.77,89362.24,9.123889,10.359163
Greece,2006,9496.97,32421.06,92980.06,9.158729,10.386563
Greece,2007,9321.19,33039.97,94342.39,9.140046,10.405473
Greece,2008,9506.76,33022.53,99007.25,9.159758,10.404945
Greece,2009,10014.46,33770.95,98049.3,9.211785,10.427356
Greece,2010,9744.2,34780.01,100297.43,9.184428,10.456798
Greece,2011,10405.64,36536.91,98242.23,9.250103,10.506078
Greece,2012,10279.55,36838.7,94018.75,9.237912,10.514304
Greece,2013,11000.84,39104.68,89751.85,9.305727,10.573997
Greece,2014,11320.0,40975.38,91744.95,9.334326,10.620727
Greece,2015,11460.32,40667.26,92183.68,9.346646,10.613179
Greece,2016,11217.19,40248.18,96338.7,9.325203,10.60282
Greece,2017,11775.33,42790.7,98790.62,9.373762,10.664076
Greece,2018,11181.09,41738.37,90389.25,9.32198,10.639176
Greece,2019,11998.62,41689.78,89526.07,9.392547,10.638011
Ireland,1980,22568.97,38566.73,61858.75,10.024331,10.560145
Ireland,1981,22996.14,39473.89,65209.93,10.043082,10.583395
Ireland,1982,24553.85,40677.18,61929.12,10.108624,10.613423
Ireland,1983,23576.87,41041.66,62793.86,10.068022,10.622343
Ireland,1984,25806.8,43902.47,61398.69,10.158393,10.689726
Ireland,1985,27635.01,46604.09,63092.61,10.226839,10.749444
Ireland,1986,28557.05,47448.37,71050.86,10.259659,10.767397
Ireland,1987,27923.63,48160.46,70805.24,10.237229,10.782294
Ireland,1988,28953.69,49934.9,68953.98,10.273453,10.818475
Ireland,1989,29904.49,52033.82,65599.06,10.305764,10.859649
Ireland,1990,32023.71,53457.3,72948.89,10.374232,10.886638
Ireland,1991,32211.95,54098.57,68677.2,10.380093,10.898563
Ireland,1992,34133.72,56746.83,69526.1,10.438041,10.946355
Ireland,1993,33105.52,57013.93,69198.34,10.407455,10.951051
Ireland,1994,34206.15,60036.58,76051.89,10.440161,11.002709
Ireland,1995,34863.62,61688.93,66651.71,10.459199,11.02986
Ireland,1996,36678.72,64659.18,69304.94,10.509952,11.076885
Ireland,1997,36146.11,63808.18,73036.11,10.495325,11.063637
Ireland,1998,36733.34,66107.82,75350.99,10.51144,11.099042
Ireland,1999,37779.92,65147.88,71832.98,10.539533,11.084415
Ireland,2000,39764.97,67331.48,69223.64,10.590742,11.117383
Ireland,2001,41283.12,70005.87,71874.62,10.628209,11.156334
Ireland,2002,41027.79,70428.35,68966.59,10.622005,11.162351
Ireland,2003,43037.81,73240.61,63350.79,10.669834,11.201505
Ireland,2004,46155.51,76530.59,67521.65,10.739772,11.245446
Ireland,2005,47167.13,78304.64,68158.23,10.761453,11.268362
Ireland,2006,45667.87,79492.54,71278.31,10.72915,11.283418
Ireland,2007,46869.83,82421.19,72490.0,10.75513,11.319598
Ireland,2008,49163.67,86721.54,74220.29,10.80291,11.370458
Ireland,2009,50158.4,89859.21,74532.94,10.822941,11.405999
Ireland,2010,50602.43,92658.79,80068.03,10.831755,11.436679
Ireland,2011,56688.95,100056.95,79692.89,10.945335,11.513495
Ireland,2012,59179.73,103051.49,82729.66,10.988334,11.542984
Ireland,2013,60438.68,104174.76,81320.06,11.009385,11.553825
Ireland,2014,60172.36,104453.66,90471.06,11.004968,11.556499
Ireland,2015,62838.99,107456.81,88148.2,11.048331,11.584844
Ireland,2016,62095.14,107441.96,85675.59,11.036423,11.584706
Ireland,2017,68179.21,113953.05,88530.98,11.129895,11.643542
Ireland,2018,67527.09,117753.39,89317.94,11.120284,11.676348
Ireland,2019,70587.55,121597.81,84215.48,11.164609,11.708474
Italy,1980,7945.05,42231.19,52864.62,8.980305,10.650914
Italy,1981,8074.89,43119.1,51423.51,8.996515,10.671721
Italy,1982,8537.91,46045.04,55278.67,9.052272,10.737375
Italy,1983,8893.22,48441.17,55888.88,9.093045,10.788105
Italy,1984,9057.26,48670.8,51685.01,9.111322,10.792835
Italy,1985,9206.2,49423.6,52782.69,9.127633,10.808183
Italy,1986,9413.46,51480.49,55527.25,9.149896,10.848958
Italy,1987,10079.34,53029.32,52405.78,9.218243,10.8786
Italy,1988,10235.69,55139.13,54058.49,9.233636,10.917615
Italy,1989,10726.71,57500.64,55587.88,9.280493,10.959551
Italy,1990,11351.84,60018.21,55330.73,9.337135,11.002403
Italy,1991,11500.09,63307.81,50058.88,9.35011,11.055764
Italy,1992,11489.13,64177.15,52622.66,9.349157,11.069403
Italy,1993,11779.36,67046.82,55404.35,9.374104,11.113146
Italy,1994,12428.73,70094.55,53587.69,9.427766,11.1576
Italy,1995,12704.27,71055.99,55661.34,9.449693,11.171223
Italy,1996,12691.3,72577.08,56209.07,9.448672,11.192404
Italy,1997,12764.27,75988.47,54110.83,9.454405,11.238337
Italy,1998,14035.24,79850.06,55461.06,9.549327,11.287906
Italy,1999,14528.17,82140.44,54075.57,9.583845,11.316186
Italy,2000,15022.66,86366.64,56552.81,9.617315,11.366357
Italy,2001,14537.53,83080.38,55045.14,9.584489,11.327564
Italy,2002,15233.45,86380.13,56235.73,9.631249,11.366513
Italy,2003,16172.76,92234.73,62915.74,9.691084,11.432092
Italy,2004,15655.1,94892.69,61696.85,9.658552,11.460502
Italy,2005,16828.24,102702.57,62801.09,9.730814,11.539592
Italy,2006,17922.36,105580.88,60887.24,9.793804,11.567233
Italy,2007,17273.72,106495.85,59474.94,9.756941,11.575861
Italy,2008,17416.75,108235.43,56352.47,9.765187,11.592064
Italy,2009,17743.02,107179.2,58188.07,9.783747,11.582258
Italy,2010,17686.61,109246.79,60560.64,9.780563,11.601365
Italy,2011,17574.42,107215.78,60377.32,9.7742,11.582599
Italy,2012,17809.97,110673.59,60363.06,9.787514,11.614341
Italy,2013,18805.33,116651.91,67889.56,9.841896,11.66695
Italy,2014,18457.7,117759.8,60881.05,9.823237,11.676402
Italy,2015,19549.98,121716.31,57370.92,9.88073,11.709448
Italy,2016,19893.07,123543.79,64446.54,9.898127,11.724351
Italy,2017,19856.53,126051.02,58041.56,9.896288,11.744442
Italy,2018,20027.12,128787.79,59772.05,9.904842,11.765921
Italy,2019,20445.86,131540.32,62018.83,9.925535,11.787069
Japan,1980,14388.03,32671.85,51693.21,9.574152,10.394269
Japan,1981,14149.28,32147.23,51890.68,9.557419,10.378081
Japan,1982,13729.04,32505.85,50966.89,9.527268,10.389175
Japan,1983,14037.21,33124.19,55249.77,9.549467,10.408019
Japan,1984,15024.08,34496.72,53465.41,9.617409,10.44862
Japan,1985,15068.71,33897.3,56140.5,9.620376,10.431091
Japan,1986,15531.4,35705.45,56892.89,9.650619,10.483059
Japan,1987,15939.79,36098.17,58550.84,9.676574,10.493997
Japan,1988,15955.85,37933.78,61042.75,9.677581,10.543597
Japan,1989,15922.47,37377.62,55839.85,9.675487,10.528827
Japan,1990,16457.78,37612.72,59426.29,9.708554,10.535098
Japan,1991,16261.13,37591.69,53382.82,9.696533,10.534538
Japan,1992,17444.9,39144.49,51123.39,9.766803,10.575015
Japan,1993,17375.84,39689.95,50495.41,9.762836,10.588853
Japan,1994,17215.27,39762.03,53475.29,9.753552,10.590668
Japan,1995,17170.12,39874.36,53945.75,9.750926,10.593489
Japan,1996,17863.2,40178.29,56140.82,9.790498,10.601082
Japan,1997,17896.42,41537.81,59907.69,9.792356,10.634359
Japan,1998,18215.07,42025.17,54510.7,9.810004,10.646024
Japan,1999,17851.8,41294.61,59834.77,9.78986,10.628487
Japan,2000,18489.93,42624.39,54067.04,9.824981,10.660182
Japan,2001,18002.27,42343.05,54288.39,9.798253,10.65356
Japan,2002,17744.03,40738.03,51632.0,9.783804,10.614917
Japan,2003,18426.78,43704.34,47392.69,9.82156,10.685203
Japan,2004,20162.45,45676.4,47578.06,9.911577,10.729337
Japan,2005,19675.69,45769.84,57522.88,9.887139,10.731381
Japan,2006,20136.83,46758.32,61050.08,9.910306,10.752747
Japan,2007,20235.45,47837.91,61210.86,9.915191,10.775574
Japan,2008,20733.65,49356.53,61871.95,9.939513,10.806825
Japan,2009,21715.44,51618.43,56279.98,9.985779,10.851634
Japan,2010,21295.22,51115.45,55337.96,9.966238,10.841842
Japan,2011,22014.08,48971.69,58907.93,9.999438,10.798998
Japan,2012,21513.6,49616.09,60513.49,9.976441,10.81207
Japan,2013,21786.42,51100.49,59765.5,9.989042,10.841549
Japan,2014,22339.05,51578.46,61477.4,10.014092,10.85086
Japan,2015,22695.51,53264.94,61173.19,10.029923,10.883034
Japan,2016,23908.78,55703.05,59005.3,10.082001,10.92779
Japan,2017,22654.41,55062.64,57388.35,10.02811,10.916227
Japan,2018,24096.67,57319.04,60888.75,10.089829,10.956388
Japan,2019,24178.73,57165.02,63256.31,10.093229,10.953698
Netherlands,1980,6945.69,22191.82,30178.13,8.845876,10.007479
Netherlands,1981,6960.32,22206.29,27734.71,8.84798,10.008131
Netherlands,1982,7055.36,22790.84,29842.71,8.861542,10.034114
Netherlands,1983,6874.67,22219.99,29013.3,8.835599,10.008748
Netherlands,1984,7271.4,23415.84,29553.99,8.891704,10.061168
Netherlands,1985,7453.33,24523.67,30481.72,8.916416,10.107394
Netherlands,1986,7852.6,26285.39,26886.62,8.968599,10.176769
Netherlands,1987,8856.77,28572.0,29127.31,9.088937,10.260183
Netherlands,1988,9072.2,30088.23,31181.03,9.11297,10.311889
Netherlands,1989,10198.95,31941.9,32709.45,9.23004,10.371674
Netherlands,1990,9825.75,32754.72,31935.45,9.192761,10.396802
Netherlands,1991,10001.94,33058.0,31156.46,9.210534,10.406019
Netherlands,1992,10248.96,33927.12,31502.38,9.234932,10.43197
Netherlands,1993,10559.2,35748.03,31424.35,9.264752,10.48425
Netherlands,1994,10328.61,35144.97,31344.5,9.242673,10.467237
Netherlands,1995,10828.39,36372.27,33722.13,9.289927,10.501562
Netherlands,1996,11227.92,37796.42,34560.61,9.326159,10.53997
Netherlands,1997,10728.55,35884.87,36716.38,9.280664,10.488071
Netherlands,1998,11597.53,37980.55,36454.68,9.358548,10.544829
Netherlands,1999,11457.44,38217.91,37011.54,9.346395,10.55106
Netherlands,2000,11547.1,39048.25,36388.2,9.35419,10.572553
Netherlands,2001,10872.56,38269.64,34754.24,9.293998,10.552412
Netherlands,2002,11215.72,38643.65,33967.6,9.325072,10.562138
Netherlands,2003,11814.9,40075.14,35467.44,9.377117,10.598512
Netherlands,2004,12475.64,42515.45,36873.4,9.431534,10.657623
Netherlands,2005,12449.97,41521.8,36891.73,9.429474,10.633974
Netherlands,2006,12621.51,41446.56,34218.53,9.443158,10.63216
Netherlands,2007,12560.82,41330.6,33881.52,9.438338,10.629358
Netherlands,2008,12441.29,41686.63,34341.87,9.428776,10.637936
Netherlands,2009,12802.19,43806.0,34480.28,9.457371,10.687526
Netherlands,2010,12172.8,41426.87,38804.5,9.40696,10.631685
Netherlands,2011,12425.18,42489.61,37850.06,9.427481,10.657015
Netherlands,2012,12628.39,41993.49,38298.12,9.443703,10.64527
Netherlands,2013,12965.65,43704.65,38877.25,9.470059,10.68521
Netherlands,2014,12923.47,44349.38,38088.24,9.4668,10.699854
Netherlands,2015,12444.34,43750.06,37498.13,9.429021,10.686248
Netherlands,2016,13077.71,45149.1,36654.53,9.478665,10.717726
Netherlands,2017,12650.91,44027.59,35977.35,9.445484,10.692572
Netherlands,2018,13467.09,44931.9,35983.19,9.508004,10.712903
Netherlands,2019,12982.48,44294.93,35096.27,9.471356,10.698625
Norway,1980,8410.86,30257.75,73119.38,9.037279,10.317508
Norway,1981,8757.34,30874.9,78177.81,9.077648,10.337699
Norway,1982,8909.48,31432.89,74865.27,9.094871,10.35561
Norway,1983,8793.22,30924.66,83151.2,9.081736,10.339309
Norway,1984,8866.61,31592.31,80853.93,9.090048,10.360669
Norway,1985,8918.41,30586.59,73573.89,9.095873,10.328317
Norway,1986,8972.54,31049.0,68960.54,9.101924,10.343322
Norway,1987,9235.72,33641.23,73413.3,9.130833,10.423508
Norway,1988,9675.2,34934.5,73219.05,9.177321,10.46123
Norway,1989,10331.84,37630.59,79233.22,9.242985,10.535573
Norway,1990,10480.45,37668.22,85825.39,9.257267,10.536572
Norway,1991,10596.71,38355.9,79531.37,9.268299,10.554664
Norway,1992,10952.94,40316.33,79180.65,9.301363,10.604512
Norway,1993,11141.14,40917.71,89281.2,9.3184,10.619318
Norway,1994,11192.37,41614.62,90902.6,9.322988,10.636207
Norway,1995,11694.58,41997.43,95149.54,9.366881,10.645364
Norway,1996,11528.69,41035.2,87736.86,9.352594,10.622186
Norway,1997,11266.83,39984.86,80532.6,9.329618,10.596256
Norway,1998,11115.89,41070.42,79904.21,9.31613,10.623043
Norway,1999,11612.27,42288.26,89774.4,9.359818,10.652265
Norway,2000,12299.6,45325.99,85461.08,9.417322,10.721636
Norway,2001,12724.34,46305.68,85194.56,9.451272,10.74302
Norway,2002,12421.19,45746.76,79782.78,9.427159,10.730876
Norway,2003,12813.11,48090.77,72334.82,9.458224,10.780846
Norway,2004,13409.1,49953.91,81900.85,9.503689,10.818856
Norway,2005,14223.67,52225.96,77206.24,9.562663,10.863335
Norway,2006,14121.64,52910.08,81995.14,9.555463,10.876349
Norway,2007,14168.73,53359.46,79588.24,9.558793,10.884807
Norway,2008,14367.91,55785.15,85963.63,9.572753,10.929263
Norway,2009,14136.09,54711.19,91911.47,9.556486,10.909823
Norway,2010,14645.76,55486.46,95056.61,9.591906,10.923894
Norway,2011,15188.56,56074.09,102103.07,9.628298,10.934429
Norway,2012,15035.93,57705.28,94938.58,9.618198,10.963104
Norway,2013,16045.75,59911.71,97610.32,9.683199,11.000627
Norway,2014,16219.26,63258.29,95216.15,9.693955,11.054981
Norway,2015,18641.06,68487.5,99413.78,9.833122,11.134407
Norway,2016,18924.64,71325.87,97430.44,9.84822,11.175014
Norway,2017,19185.29,73683.54,101033.22,9.861899,11.207535
Norway,2018,19481.72,77360.39,98154.54,9.877232,11.25623
Norway,2019,20520.0,80363.4,101308.89,9.929155,11.294314
Portugal,1980,9432.75,31605.75,63288.07,9.151943,10.361094
Portugal,1981,9895.23,32899.02,67066.4,9.199809,10.401198
Portugal,1982,9869.68,33568.04,70398.01,9.197222,10.42133
Portugal,1983,10099.81,34628.3,63422.09,9.220272,10.452427
Portugal,1984,10097.81,34946.44,67755.17,9.220074,10.461572
Portugal,1985,10781.61,36516.13,71607.52,9.285597,10.505509
Portugal,1986,11267.22,38287.7,70915.4,9.329653,10.552884
Portugal,1987,11109.26,37522.45,67231.03,9.315534,10.532695
Portugal,1988,11138.32,36984.18,66069.88,9.318147,10.518246
Portugal,1989,10657.86,37275.93,63989.48,9.274053,10.526103
Portugal,1990,10872.12,37894.08,66882.01,9.293957,10.54255
Portugal,1991,11798.55,39647.65,67792.62,9.375732,10.587787
Portugal,1992,11801.02,40071.09,66047.62,9.375941,10.59841
Portugal,1993,11980.94,41198.43,68518.75,9.391072,10.626155
Portugal,1994,11888.53,41811.14,73296.02,9.383329,10.640918
Portugal,1995,11576.57,40910.71,67639.73,9.356739,10.619147
Portugal,1996,11611.44,41657.33,66365.34,9.359746,10.637233
Portugal,1997,12177.98,42697.3,66348.02,9.407385,10.661891
Portugal,1998,12287.16,43023.53,74592.5,9.41631,10.669502
Portugal,1999,12466.38,42620.49,77260.44,9.430791,10.66009
Portugal,2000,13185.95,44292.71,72713.82,9.486907,10.698575
Portugal,2001,13457.17,46237.99,76085.0,9.507267,10.741557
Portugal,2002,13287.93,47589.28,80482.65,9.494611,10.770363
Portugal,2003,13630.13,48298.13,73485.48,9.520038,10.785148
Portugal,2004,14087.58,49913.89,79195.67,9.553049,10.818055
Portugal,2005,14245.5,51575.01,78994.2,9.564196,10.850793
Portugal,2006,14663.86,52884.15,78471.96,9.593141,10.875859
Portugal,2007,14467.98,53420.8,85649.12,9.579693,10.885956
Portugal,2008,14907.89,52929.13,81024.39,9.609646,10.876709
Portugal,2009,15183.82,54357.27,77498.61,9.627985,10.903334
Portugal,2010,14966.54,54316.87,77480.34,9.613572,10.90259
Portugal,2011,16097.55,56273.76,76198.08,9.686422,10.937984
Portugal,2012,16452.79,58061.25,77952.88,9.708251,10.969254
Portugal,2013,16306.38,59881.9,82597.94,9.699312,11.00013
Portugal,2014,16557.35,60044.63,84809.68,9.714585,11.002843
Portugal,2015,18118.21,62760.16,81141.33,9.804673,11.047076
Portugal,2016,18275.89,64467.55,80797.8,9.813338,11.073917
Portugal,2017,18005.28,63807.3,78480.01,9.79842,11.063623
Portugal,2018,18483.64,68094.14,78541.63,9.824641,11.128646
Portugal,2019,18733.77,68862.38,80175.27,9.838083,11.139865
Spain,1980,2841.85,16835.14,72319.8,7.952209,9.731223
Spain,1981,2939.55,17635.43,75694.99,7.986013,9.777665
Spain,1982,2901.0,17791.62,71469.7,7.972809,9.786483
Spain,1983,3294.82,20036.94,69900.03,8.100108,9.905333
Spain,1984,3380.12,20773.36,74696.74,8.125667,9.941427
Spain,1985,3404.37,21102.56,76255.98,8.132817,9.957149
Spain,1986,3352.02,21362.07,77739.33,8.117318,9.969372
Spain,1987,3449.33,22062.38,82331.97,8.145936,10.001629
Spain,1988,3615.03,22825.9,90999.42,8.192855,10.035651
Spain,1989,3632.8,23658.28,90849.18,8.197759,10.071468
Spain,1990,3667.12,23799.02,92179.99,8.207162,10.0774
Spain,1991,3633.15,23284.58,84981.19,8.197854,10.055547
Spain,1992,3654.55,23581.04,94640.77,8.203727,10.068198
Spain,1993,3553.53,22969.45,94200.39,8.175698,10.041921
Spain,1994,3361.28,22217.91,97563.93,8.120077,10.008654
Spain,1995,3468.31,22014.58,80129.57,8.151422,9.99946
Spain,1996,3631.19,22706.06,76501.53,8.197317,10.030387
Spain,1997,3575.05,22455.19,73825.61,8.181734,10.019277
Spain,1998,3556.39,22154.72,78483.66,8.176501,10.005806
Spain,1999,3476.27,22629.72,77970.02,8.153714,10.027019
Spain,2000,3771.0,25206.51,86986.08,8.235096,10.134857
Spain,2001,4081.67,25957.12,87788.03,8.314262,10.164201
Spain,2002,4174.21,26432.52,91551.62,8.336679,10.18235
Spain,2003,3987.19,25797.44,84874.94,8.290841,10.158031
Spain,2004,4134.96,27432.07,85440.89,8.327234,10.219468
Spain,2005,4131.34,28792.12,83577.83,8.326357,10.267857
Spain,2006,4434.46,30578.15,77801.53,8.397161,10.328041
Spain,2007,4399.66,30535.97,77832.17,8.389284,10.32666
Spain,2008,4300.29,30525.17,84021.38,8.366438,10.326307
Spain,2009,4511.53,31827.66,84891.93,8.414391,10.368091
Spain,2010,4854.92,33127.1,83508.69,8.487747,10.408107
Spain,2011,5144.91,34316.3,88890.1,8.545763,10.443376
Spain,2012,5287.52,35105.68,91454.2,8.573104,10.466118
Spain,2013,5521.53,37538.46,90675.96,8.616411,10.533121
Spain,2014,5610.1,38676.98,92628.67,8.632324,10.563
Spain,2015,6029.64,41770.73,95463.51,8.704443,10.639951
Spain,2016,5896.33,41161.09,103724.15,8.682086,10.625249
Spain,2017,5714.23,40812.68,95142.81,8.650715,10.616748
Spain,2018,5617.6,41120.05,95004.96,8.63366,10.624251
Spain,2019,5859.94,40689.85,96862.55,8.675895,10.613734
Sweden,1980,7869.17,23593.3,57976.94,8.970707,10.068718
Sweden,1981,7953.16,24313.59,60387.2,8.981325,10.098791
Sweden,1982,8468.99,25120.36,57676.45,9.044167,10.131434
Sweden,1983,8563.66,25736.3,55006.02,9.055282,10.155658
Sweden,1984,8558.67,26435.29,56364.29,9.0547,10.182455
Sweden,1985,8982.83,27412.58,56369.01,9.103071,10.218757
Sweden,1986,9367.81,28145.24,58682.84,9.145035,10.245134
Sweden,1987,9821.73,29251.19,56309.94,9.192353,10.283676
Sweden,1988,9859.74,29710.41,58366.6,9.196215,10.299253
Sweden,1989,10012.89,31168.69,61266.14,9.211629,10.347169
Sweden,1990,10659.38,32049.55,67850.19,9.274196,10.375039
Sweden,1991,11035.89,32824.85,66449.98,9.308908,10.398941
Sweden,1992,11273.55,33041.34,62254.27,9.330215,10.405515
Sweden,1993,10988.51,34086.11,63516.44,9.304606,10.436645
Sweden,1994,11626.86,35291.6,61589.27,9.361073,10.4714
Sweden,1995,12187.23,37967.39,59584.6,9.408144,10.544483
Sweden,1996,13054.67,40856.0,64917.67,9.476901,10.617809
Sweden,1997,12889.51,40664.11,68753.54,9.464169,10.613101
Sweden,1998,13127.42,42026.24,74985.84,9.482458,10.646049
Sweden,1999,13480.11,42323.28,77673.55,9.50897,10.653093
Sweden,2000,13969.91,43554.62,74245.98,9.544661,10.681771
Sweden,2001,13135.37,41171.9,71321.59,9.483064,10.625511
Sweden,2002,13432.89,42334.87,76024.67,9.505461,10.653366
Sweden,2003,13474.03,42473.69,72266.39,9.50852,10.65664
Sweden,2004,13580.13,43433.08,66479.28,9.516363,10.678977
Sweden,2005,13932.58,44974.36,69715.18,9.541985,10.713848
Sweden,2006,14673.92,46067.44,68795.84,9.593827,10.737862
Sweden,2007,14568.83,46151.05,67330.11,9.58664,10.739675
Sweden,2008,14280.11,46690.05,65547.29,9.566623,10.751286
Sweden,2009,14611.51,47127.27,65742.47,9.589565,10.760607
Sweden,2010,15129.22,49145.73,62760.72,9.624383,10.802545
Sweden,2011,15240.59,49276.46,61684.56,9.631718,10.805202
Sweden,2012,15482.08,49451.85,65273.62,9.647438,10.808755
Sweden,2013,15280.26,49689.64,65852.13,9.634317,10.813552
Sweden,2014,15370.6,51369.28,65655.1,9.640212,10.846796
Sweden,2015,16990.73,52512.66,67862.59,9.740423,10.86881
Sweden,2016,16220.75,53250.72,67949.3,9.694047,10.882767
Sweden,2017,16894.8,55596.96,68437.56,9.734761,10.925884
Sweden,2018,18031.36,59441.96,76499.46,9.799868,10.992756
Sweden,2019,18827.07,61290.04,76659.85,9.843051,11.023373
Switzerland,1980,7597.63,22381.14,92394.04,8.935592,10.015974
Switzerland,1981,7373.52,22078.74,98102.73,8.905651,10.00237
Switzerland,1982,7500.19,22390.13,104775.94,8.922684,10.016375
Switzerland,1983,7954.97,23787.68,102728.29,8.981552,10.076923
Switzerland,1984,8144.14,24920.54,101040.64,9.005053,10.123448
Switzerland,1985,8186.85,25107.5,95150.9,9.010285,10.130922
Switzerland,1986,8522.02,25315.28,89071.62,9.050408,10.139163
Switzerland,1987,8736.49,26391.37,87610.88,9.075264,10.180792
Switzerland,1988,9140.02,27493.33,87711.77,9.120418,10.221699
Switzerland,1989,9246.86,27432.05,91191.2,9.13204,10.219467
Switzerland,1990,9038.22,27507.69,94419.17,9.109218,10.222221
Switzerland,1991,9234.26,27688.69,84973.23,9.130676,10.228779
Switzerland,1992,9194.54,28192.12,83926.9,9.126365,10.246798
Switzerland,1993,9444.91,28880.64,78218.44,9.153232,10.270927
Switzerland,1994,9651.63,29087.4,72379.4,9.174882,10.27806
Switzerland,1995,9977.12,29340.33,77230.4,9.208049,10.286718
Switzerland,1996,9585.66,29971.25,85991.56,9.168023,10.307994
Switzerland,1997,10807.18,30828.89,80696.15,9.287966,10.336208
Switzerland,1998,10607.17,31237.65,85305.13,9.269286,10.349379
Switzerland,1999,10546.2,31483.32,82362.7,9.263521,10.357213
Switzerland,2000,10282.63,31823.22,84896.55,9.238211,10.367951
Switzerland,2001,10508.75,32094.42,85530.77,9.259964,10.376437
Switzerland,2002,11206.69,33123.6,89053.7,9.324266,10.408001
Switzerland,2003,11471.42,33808.27,89108.9,9.347614,10.428461
Switzerland,2004,11339.03,34316.65,92851.01,9.336006,10.443386
Switzerland,2005,11442.47,34884.38,103113.26,9.345087,10.459794
Switzerland,2006,11619.72,36128.23,98753.66,9.360459,10.49483
Switzerland,2007,12373.35,37421.31,97486.92,9.423301,10.529996
Switzerland,2008,11956.2,36960.66,103549.09,9.389005,10.517609
Switzerland,2009,12210.63,38113.44,105635.9,9.410062,10.548322
Switzerland,2010,11722.35,38891.79,104381.01,9.369252,10.568539
Switzerland,2011,12775.32,40535.83,107793.1,9.455271,10.609941
Switzerland,2012,13322.29,40562.91,111926.98,9.497194,10.610609
Switzerland,2013,13284.35,42221.38,106459.78,9.494342,10.650682
Switzerland,2014,13170.9,42586.31,113237.6,9.485765,10.659288
Switzerland,2015,13504.42,43676.14,102110.37,9.510772,10.684557
Switzerland,2016,13443.54,42916.64,96169.54,9.506254,10.667015
Switzerland,2017,13998.27,44482.37,106657.11,9.546689,10.702848
Switzerland,2018,14445.22,45785.71,109200.23,9.578119,10.731727
Switzerland,2019,14933.81,47295.93,101216.19,9.611383,10.764179
United Kingdom,1980,9983.13,48025.87,65089.22,9.208652,10.779495
United Kingdom,1981,9982.73,49302.08,67568.92,9.208612,10.805722
United Kingdom,1982,9698.01,47785.63,66011.22,9.179676,10.77448
United Kingdom,1983,9881.16,49445.98,68865.5,9.198385,10.808636
United Kingdom,1984,10427.4,51883.39,69318.52,9.252193,10.856754
United Kingdom,1985,10164.11,51122.65,67153.22,9.226619,10.841983
United Kingdom,1986,9646.4,50063.64,65943.52,9.17434,10.82105
United Kingdom,1987,10408.81,52695.65,66296.93,9.250408,10.872288
United Kingdom,1988,10303.5,51126.44,67480.86,9.240239,10.842057
United Kingdom,1989,10515.3,51426.8,60153.03,9.260586,10.847915
United Kingdom,1990,10655.63,53068.35,63463.15,9.273844,10.879336
United Kingdom,1991,10935.04,53617.57,62428.1,9.299727,10.889632
United Kingdom,1992,11354.5,55559.62,63322.46,9.337369,10.925212
United Kingdom,1993,11261.94,57731.73,70018.47,9.329184,10.963562
United Kingdom,1994,12116.91,59530.25,66255.63,9.402357,10.99424
United Kingdom,1995,12008.67,60232.6,74277.3,9.393384,11.005969
United Kingdom,1996,12194.88,60512.97,69413.4,9.408772,11.010613
United Kingdom,1997,12416.86,62219.5,70393.78,9.426811,11.038424
United Kingdom,1998,12327.69,60938.5,77208.45,9.419604,11.01762
United Kingdom,1999,12750.78,62503.93,71501.9,9.453348,11.042985
United Kingdom,2000,13340.87,64070.57,69720.77,9.498588,11.06774
United Kingdom,2001,13653.32,66682.46,72292.2,9.521738,11.107697
United Kingdom,2002,14079.16,70188.69,66799.48,9.552451,11.158942
United Kingdom,2003,14220.66,71210.61,69177.6,9.562451,11.173397
United Kingdom,2004,13772.18,68941.03,64245.98,9.530406,11.141007
United Kingdom,2005,14022.76,70114.62,64606.02,9.548437,11.157887
United Kingdom,2006,14669.04,73490.95,67865.88,9.593495,11.204917
United Kingdom,2007,14788.52,73537.08,76176.94,9.601607,11.205545
United Kingdom,2008,14692.2,73538.91,71285.6,9.595072,11.20557
United Kingdom,2009,14390.99,75880.43,69023.94,9.574357,11.236914
United Kingdom,2010,14421.08,76750.61,72737.04,9.576446,11.248317
United Kingdom,2011,14681.15,77850.66,78103.94,9.59432,11.262548
United Kingdom,2012,14843.27,78362.58,79771.53,9.605302,11.269102
United Kingdom,2013,15492.47,79601.57,71997.84,9.648109,11.284789
United Kingdom,2014,15618.57,81316.5,73581.46,9.656216,11.306104
United Kingdom,2015,15791.2,79185.59,74442.54,9.667208,11.27955
United Kingdom,2016,15832.7,82800.34,77883.29,9.669832,11.324187
United Kingdom,2017,15801.85,86339.7,78319.91,9.667882,11.366045
United Kingdom,2018,16808.37,89045.46,76299.67,9.729632,11.396902
United Kingdom,2019,16846.45,90522.34,80850.25,9.731895,11.413352
United States,1980,2522.58,12278.04,39430.91,7.833038,9.415567
United States,1981,2469.49,12223.01,37521.78,7.811769,9.411076
United States,1982,2487.41,12186.5,38210.22,7.818999,9.408084
United States,1983,2488.81,12004.51,36302.92,7.819561,9.393038
United States,1984,2402.56,11810.76,34718.92,7.784289,9.376767
United States,1985,2496.58,12129.36,38353.42,7.822679,9.403384
United States,1986,2433.78,11907.37,37347.97,7.7972,9.384913
United States,1987,2441.63,11665.86,39791.13,7.800421,9.364422
United States,1988,2446.53,11626.03,44696.08,7.802424,9.361002
United States,1989,2274.4,11306.97,44571.81,7.729474,9.333175
United States,1990,2328.1,11277.5,43491.3,7.752808,9.330565
United States,1991,2413.56,11394.1,40496.9,7.788859,9.340851
United States,1992,2397.07,11266.16,42088.62,7.782004,9.329559
United States,1993,2365.58,11622.42,45325.23,7.768779,9.360691
United States,1994,2513.47,11874.05,40424.99,7.82942,9.382111
United States,1995,2483.49,11750.23,38243.18,7.817421,9.371628
United States,1996,2552.36,12171.08,39700.5,7.844773,9.406818
United States,1997,2551.26,12015.06,41425.68,7.844342,9.393916
United States,1998,2392.63,11971.9,38954.17,7.780149,9.390318
United States,1999,2393.01,11707.82,41214.92,7.780307,9.368012
United States,2000,2467.53,11819.23,41024.6,7.810973,9.377483
United States,2001,2434.23,11461.62,40176.63,7.797386,9.34676
United States,2002,2390.0,11635.27,40729.57,7.779047,9.361796
United States,2003,2445.95,11853.09,42047.75,7.802191,9.380344
United States,2004,2474.0,12013.45,39853.79,7.813591,9.393782
United States,2005,2605.53,12394.22,39834.93,7.865391,9.424985
United States,2006,2589.38,12220.02,41326.85,7.859173,9.410831
United States,2007,2487.88,12055.15,41459.9,7.819187,9.397247
United States,2008,2435.57,12064.65,43025.17,7.797938,9.398035
United States,2009,2493.31,11892.07,44647.99,7.821366,9.383627
United States,2010,2505.21,11977.9,41554.57,7.826128,9.390819
United States,2011,2435.25,11494.26,37764.88,7.797806,9.349603
United States,2012,2385.4,11474.8,37233.95,7.77712,9.347908
United States,2013,2330.06,11898.15,40892.24,7.753649,9.384139
United States,2014,2303.68,11654.24,44087.55,7.742261,9.363426
United States,2015,2374.88,11428.63,43415.58,7.772703,9.343877
United States,2016,2338.87,11545.37,44859.31,7.757424,9.35404
United States,2017,2414.82,11743.36,47544.56,7.78938,9.371043
United States,2018,2396.65,11508.9,49969.36,7.781828,9.350876
United States,2019,2399.58,11481.61,46612.42,7.783048,9.348501
