country,quarter,exchange_rate,price_domestic,price_foreign
USA,2005-Q1,1.3207179799738384,4.574507122951685,4.286173569882881
USA,2005-Q2,1.3117155960814608,4.574824055457218,4.301361457218794
USA,2005-Q3,1.3088332414906136,4.575141316318234,4.324705057647357
USA,2005-Q4,1.3257885195987484,4.611725572628382,4.326624905823652
USA,2006-Q1,1.3199302156507031,4.63207426721144,4.344677899292033
USA,2006-Q2,1.3080678749592876,4.627684779492741,4.353102439667747
USA,2006-Q3,1.3252307831401435,4.64353598036446,4.34642564334867
USA,2006-Q4,1.2983140551248111,4.639267626508211,4.354846577431297
USA,2007-Q1,1.2741619675616174,4.6349530314368055,4.380917125928287
USA,2007-Q2,1.2745930758979078,4.6447922768681265,4.383379735341637
USA,2007-Q3,1.2253549082339785,4.61152667197497,4.409849390178847
USA,2007-Q4,1.2255705259428797,4.58202831532471,4.373553213617501
USA,2008-Q1,1.2240822826434157,4.57578256473989,4.3888817511831295
USA,2008-Q2,1.1952483086353058,4.560525942333201,4.393187457206702
USA,2008-Q3,1.2061401314010107,4.571810888985106,4.391702346949714
USA,2008-Q4,1.198644261678075,4.558650407474682,4.3960787585977465
USA,2009-Q1,1.1887966224372115,4.535404333447976,4.369265224878733
USA,2009-Q2,1.2285973493903664,4.569717308826407,4.36897014656117
USA,2009-Q3,1.2351568342847554,4.570201782816676,4.377326835133847
USA,2009-Q4,1.1972949174527117,4.576552346910435,4.402495245804969
USA,2010-Q1,1.1831643287552063,4.553057383186165,4.397721192530865
USA,2010-Q2,1.1903697928921224,4.547169728695661,4.3885937884874675
USA,2010-Q3,1.210110001324193,4.554388180489859,4.3840674328336995
USA,2010-Q4,1.1607681428725343,4.536368308941412,4.400798464599231
USA,2011-Q1,1.1543021089761138,4.548882269308326,4.408729731244127
USA,2011-Q2,1.1629256106883485,4.54186949550995,4.403783328187621
USA,2011-Q3,1.1566260659898184,4.541035620514084,4.414482339684321
USA,2011-Q4,1.1483341915319625,4.534001488269496,4.418938502924542
USA,2012-Q1,1.1760485286745257,4.576047051959675,4.436468177782535
USA,2012-Q2,1.180283565094437,4.580777107464916,4.428937381374375
USA,2012-Q3,1.1695489920562372,4.564622888885799,4.427022449175409
USA,2012-Q4,1.1969429996960261,4.586073787127862,4.424140826878427
USA,2013-Q1,1.1885476529758565,4.566656914128441,4.405188102656445
USA,2013-Q2,1.2105325414517825,4.575834186028536,4.4126299068124135
USA,2013-Q3,1.1696784885014186,4.541640783550941,4.419545735895112
USA,2013-Q4,1.1285653265196198,4.520077062572972,4.422622437744749
USA,2014-Q1,1.1449690118880582,4.529014287290354,4.422103630744123
USA,2014-Q2,1.1715199093854112,4.548783618890262,4.4038730696133666
USA,2014-Q3,1.192860320927071,4.557210984514061,4.400563389771886
USA,2014-Q4,1.2081255390333232,4.559898018866296,4.398422672023984
USA,2015-Q1,1.2036510713905515,4.55887594495451,4.38938851298566
USA,2015-Q2,1.1875999147956362,4.534305505147161,4.38996922731067
USA,2015-Q3,1.1700063140286554,4.524908620979267,4.399029990162888
USA,2015-Q4,1.1391983747990735,4.520695845560071,4.430322778681046
USA,2016-Q1,1.1737578176530097,4.546838290084449,4.435941445873524
USA,2016-Q2,1.1671700824623932,4.558710655875818,4.4428047017343655
USA,2016-Q3,1.1218246960232843,4.5284498527685635,4.444688012997873
USA,2016-Q4,1.1484892705401422,4.5399315321564595,4.418906444768388
USA,2017-Q1,1.1365033033397887,4.537229886548133,4.42150873663665
USA,2017-Q2,1.1267710751334312,4.528691446542013,4.4254121897857654
USA,2017-Q3,1.1101352715294914,4.545924972318831,4.465360821473045
USA,2017-Q4,1.1392515763108262,4.57154496276875,4.465475407001328
USA,2018-Q1,1.1633865229569946,4.595170565151074,4.472998617136333
USA,2018-Q2,1.1466038235457339,4.583386214686621,4.475477940590754
USA,2018-Q3,1.1725917506011265,4.582201967169597,4.460947770026461
USA,2018-Q4,1.1557421707132063,4.593827235797669,4.481090112244186
USA,2019-Q1,1.189989583354841,4.618338138340116,4.495369107734488
USA,2019-Q2,1.1664064551166855,4.61375465358321,4.510234586940134
USA,2019-Q3,1.1606119233705945,4.615041474049933,4.499593775118213
USA,2019-Q4,1.1049004449856694,4.597914774569813,4.523635689782255
GBR,2005-Q1,1.330417165523668,4.572370862286478,4.277653721467415
GBR,2005-Q2,1.3348448118707785,4.575914284033341,4.270853782978809
GBR,2005-Q3,1.3006728118834014,4.563978409671972,4.300335596583025
GBR,2005-Q4,1.2638802229739758,4.538681465178255,4.30941032224744
GBR,2006-Q1,1.274013654613822,4.534751166136915,4.293497062932414
GBR,2006-Q2,1.2912436118029271,4.5568791420233845,4.310264992138236
GBR,2006-Q3,1.2712684760562702,4.566161016905989,4.345097335093425
GBR,2006-Q4,1.2366503870720391,4.546246241331749,4.3635843140016926
GBR,2007-Q1,1.2724728126387028,4.5547098598487725,4.343793764512382
GBR,2007-Q2,1.2818957019632884,4.567416207443349,4.3395302534193885
GBR,2007-Q3,1.248541498743999,4.554739058719327,4.361533920657188
GBR,2007-Q4,1.2552374744880794,4.562813560838237,4.353918878672907
GBR,2008-Q1,1.251793190674247,4.568977735207158,4.363576170095101
GBR,2008-Q2,1.2148053631152418,4.551118329250545,4.378195680896541
GBR,2008-Q3,1.2369802200288154,4.56327407645751,4.36729172382287
GBR,2008-Q4,1.255451008344605,4.579489766984875,4.369398843481943
GBR,2009-Q1,1.3166508184356913,4.606150791848381,4.323779833380907
GBR,2009-Q2,1.3764425962741738,4.632226832889079,4.311414018760893
GBR,2009-Q3,1.338638630138517,4.609673445529936,4.310625496489996
GBR,2009-Q4,1.3272897940236184,4.595916944731634,4.294908748760523
GBR,2010-Q1,1.3295109665394467,4.611217650075807,4.322394918319498
GBR,2010-Q2,1.3696589701431698,4.626493369094051,4.303942797650088
GBR,2010-Q3,1.3913792771418863,4.641794322820172,4.300342130349634
GBR,2010-Q4,1.4704881353983095,4.723848952633267,4.305303239008925
GBR,2011-Q1,1.4572916594269019,4.7402667628471296,4.329922338344917
GBR,2011-Q2,1.4911941977173213,4.767978075650741,4.3113844060772255
GBR,2011-Q3,1.4959146712550375,4.792058110920605,4.33183186235955
GBR,2011-Q4,1.504020863853925,4.810085935946721,4.334985358274844
GBR,2012-Q1,1.526223227617782,4.808780551053914,4.323262728509125
GBR,2012-Q2,1.5334988719881606,4.8289599354637796,4.333194280623074
GBR,2012-Q3,1.5081915425630266,4.818503431173028,4.339180176056676
GBR,2012-Q4,1.513294086346457,4.818767059038227,4.333176922899294
GBR,2013-Q1,1.511067921006905,4.814059788081645,4.337223954174144
GBR,2013-Q2,1.5152882435010786,4.820697270869371,4.3344442502212175
GBR,2013-Q3,1.5556558912556198,4.871990442202842,4.339147010399986
GBR,2013-Q4,1.516681768976441,4.839645138351007,4.352078970517802
GBR,2014-Q1,1.5130417133212486,4.858370342158497,4.378869222759982
GBR,2014-Q2,1.4969330258607085,4.831116024734704,4.363301990277579
GBR,2014-Q3,1.454762814859199,4.826677387418915,4.398297490897423
GBR,2014-Q4,1.5129387750750296,4.8534563993582625,4.372016173904585
GBR,2015-Q1,1.5052807509924744,4.859741999740171,4.372739397479052
GBR,2015-Q2,1.468053022384829,4.843187104181585,4.38456415557632
GBR,2015-Q3,1.4522286132485913,4.833881029996385,4.3917790335923454
GBR,2015-Q4,1.4826986118654906,4.852472984975078,4.385438540795037
GBR,2016-Q1,1.482332945748233,4.842865652340735,4.385316707039678
GBR,2016-Q2,1.5140855010064795,4.852194824132375,4.380921693019795
GBR,2016-Q3,1.5322803018339501,4.858106260930451,4.375081221665632
GBR,2016-Q4,1.5028383067675262,4.850074253978335,4.390825253120948
GBR,2017-Q1,1.53980500982387,4.897953135764841,4.399180485410423
GBR,2017-Q2,1.5532520401233074,4.915631516211201,4.3917868414815135
GBR,2017-Q3,1.5029578566920274,4.880128664478049,4.408280839613012
GBR,2017-Q4,1.5025678616483495,4.888857750773437,4.415890332426161
GBR,2018-Q1,1.4841962605948373,4.880622021478069,4.431083264208746
GBR,2018-Q2,1.4858409416401113,4.902670688173993,4.4435276968376
GBR,2018-Q3,1.4923195394979651,4.891820273405338,4.434092771673769
GBR,2018-Q4,1.51608731148307,4.894525544576,4.428690056070814
GBR,2019-Q1,1.511524512019277,4.909625290155609,4.442899460147664
GBR,2019-Q2,1.5229715819501481,4.931940394039011,4.455055014129166
GBR,2019-Q3,1.5050647644348956,4.912934465897895,4.457741490219704
GBR,2019-Q4,1.4903510950339562,4.9112444411810765,4.4625014009693365
DEU,2005-Q1,1.2372384371208245,4.533613872271562,4.3012592400781795
DEU,2005-Q2,1.2573977918828236,4.539104075756741,4.286510362388193
DEU,2005-Q3,1.3147695996869846,4.5540640415816505,4.258921879721791
DEU,2005-Q4,1.3461841675661241,4.588086913737551,4.2578807772051235
DEU,2006-Q1,1.3446653404057296,4.612272330259255,4.271643911042063
DEU,2006-Q2,1.3826789396688883,4.660335979409487,4.297179266823504
DEU,2006-Q3,1.3692181404950385,4.649989028151726,4.3012906885298
DEU,2006-Q4,1.349172059718916,4.672435440886139,4.32871992171337
DEU,2007-Q1,1.3734652142404589,4.681102281000906,4.311018399840147
DEU,2007-Q2,1.4365065685156149,4.72989833966526,4.288467663249819
DEU,2007-Q3,1.4122881948304977,4.718732373958157,4.2906344477663705
DEU,2007-Q4,1.4072026126147275,4.7069379371145414,4.299395429500461
DEU,2008-Q1,1.4183664573099979,4.6999500842056605,4.301905008279049
DEU,2008-Q2,1.3902832256494246,4.662472169719464,4.273893376778451
DEU,2008-Q3,1.389688429841116,4.656957069285849,4.2755565761857595
DEU,2008-Q4,1.3885451538823212,4.646774416054775,4.258989533678187
DEU,2009-Q1,1.3798737475682599,4.654782291784299,4.272034621910637
DEU,2009-Q2,1.3796132723198138,4.666617411299842,4.2805335956020905
DEU,2009-Q3,1.4280012826938575,4.709140828084159,4.26943539880718
DEU,2009-Q4,1.462179364950246,4.73314930484788,4.26472739504713
DEU,2010-Q1,1.4635578984346054,4.7266112317346325,4.251839192218796
DEU,2010-Q2,1.4560637435271364,4.7136429383076655,4.253899005759698
DEU,2010-Q3,1.4556418092397383,4.728481321737796,4.271226140567217
DEU,2010-Q4,1.4455827083831787,4.707076657597383,4.259440249872184
DEU,2011-Q1,1.4696568006279203,4.748705832914469,4.270000947604951
DEU,2011-Q2,1.5016113208949609,4.777294635328895,4.265047083329365
DEU,2011-Q3,1.5183308234046624,4.772911122286801,4.25615399084543
DEU,2011-Q4,1.4936757939876524,4.743648431704983,4.257548535446111
DEU,2012-Q1,1.527698696018864,4.7757258791882915,4.245019900609821
DEU,2012-Q2,1.5390732879944258,4.778435082283239,4.239715161029613
DEU,2012-Q3,1.5926707853124376,4.808191408522708,4.224746992640781
DEU,2012-Q4,1.5153145329806694,4.78130285534682,4.257217869634527
DEU,2013-Q1,1.5143279584635363,4.774315354887745,4.260746822914103
DEU,2013-Q2,1.521539791019594,4.779420228882108,4.2532509402942145
DEU,2013-Q3,1.5298296816685293,4.785359840757403,4.259460638955228
DEU,2013-Q4,1.5171666989372081,4.781358531327818,4.260775718209866
DEU,2014-Q1,1.5193793963029674,4.798815529974768,4.260461174216867
DEU,2014-Q2,1.4816966921505448,4.782463121387116,4.2726736747175185
DEU,2014-Q3,1.4798603040999714,4.78461553168669,4.287036290368228
DEU,2014-Q4,1.5016017816093614,4.792021444320928,4.28207877315407
DEU,2015-Q1,1.5174520739946433,4.807310221002102,4.2764414995444
DEU,2015-Q2,1.5496862073186193,4.82654251856388,4.275315724087125
DEU,2015-Q3,1.549034299955879,4.809049676727122,4.243786906616092
DEU,2015-Q4,1.5487527670124492,4.7833673933124095,4.224059040683113
DEU,2016-Q1,1.5483248446044127,4.813920929750379,4.247562154694782
DEU,2016-Q2,1.5326535686770513,4.825567209989971,4.275236670397301
DEU,2016-Q3,1.5306615980053477,4.815597479258839,4.274501129803955
DEU,2016-Q4,1.5510277163302155,4.851620518769289,4.286149484249791
DEU,2017-Q1,1.5526250381906384,4.858934011455147,4.293818236567945
DEU,2017-Q2,1.5473030603244329,4.8875199551364235,4.343001448694773
DEU,2017-Q3,1.5287206628992824,4.893870324764626,4.362795072366292
DEU,2017-Q4,1.5843828247177325,4.940085283262265,4.36387630849408
DEU,2018-Q1,1.623538666122395,4.980192100111129,4.352543201885074
DEU,2018-Q2,1.65265233084516,4.980212817141547,4.3314465070812105
DEU,2018-Q3,1.6857468167756025,5.004644236160634,4.337498461619219
DEU,2018-Q4,1.683167980753273,5.022551755152337,4.329153200439955
DEU,2019-Q1,1.7304397786591452,5.054924386302984,4.31081939479599
DEU,2019-Q2,1.734175329315573,5.040625917091382,4.304120801532353
DEU,2019-Q3,1.766253202060597,5.059346946291351,4.290897581478137
DEU,2019-Q4,1.7699500163092303,5.085515436028342,4.319204706004226
FRA,2005-Q1,1.0929593814757332,4.409402221992627,4.30865897874729
FRA,2005-Q2,1.1132157253912753,4.419490638858651,4.294776643037814
FRA,2005-Q3,1.0723207045893361,4.431242692100155,4.334462922732066
FRA,2005-Q4,1.0613692415640943,4.428005152777706,4.339401240461695
FRA,2006-Q1,1.0467056794036063,4.423253028296256,4.344042162380768
FRA,2006-Q2,1.0541071181456525,4.419601864539863,4.3579286617392485
FRA,2006-Q3,1.0660724733142497,4.432490907387429,4.368143800215299
FRA,2006-Q4,1.0661573059100824,4.429071217771024,4.374502060579486
FRA,2007-Q1,1.0872150373736775,4.439866714908952,4.365644943747807
FRA,2007-Q2,1.1061273718827327,4.4863747308818605,4.375716969104847
FRA,2007-Q3,1.0910982542788459,4.508797224950494,4.406947336551973
FRA,2007-Q4,1.0721805602604648,4.507276754307137,4.430128637244297
FRA,2008-Q1,1.0612408697250644,4.536301032750416,4.457026436643888
FRA,2008-Q2,1.0729525410963818,4.533139525289984,4.452358201497421
FRA,2008-Q3,1.0466443449930953,4.497377034586427,4.440514129193542
FRA,2008-Q4,1.0273516240898009,4.482215308368079,4.441627325392048
FRA,2009-Q1,0.9998452608019756,4.449799469947561,4.445463199076379
FRA,2009-Q2,0.9818568959488264,4.447769200266735,4.464876071853443
FRA,2009-Q3,1.0039782825286068,4.453137567850526,4.442489102407721
FRA,2009-Q4,1.0278229683592242,4.491666314096031,4.46843235719963
FRA,2010-Q1,1.0242091390674644,4.503204861571314,4.469062238720945
FRA,2010-Q2,1.035034587213931,4.503822850995137,4.465659022671734
FRA,2010-Q3,1.0733388908481478,4.525410962618807,4.4534774570428315
FRA,2010-Q4,1.0500867962403035,4.486188256438649,4.4316546069648455
FRA,2011-Q1,1.0467117563046355,4.4959005476008205,4.447002165724275
FRA,2011-Q2,1.0488389840513872,4.51631785147856,4.451101935232101
FRA,2011-Q3,1.052434863951615,4.491746126562963,4.4347525217359856
FRA,2011-Q4,1.0939195687640049,4.519621207427101,4.418326340155032
FRA,2012-Q1,1.1023764682195922,4.531391135576989,4.41628956966568
FRA,2012-Q2,1.0830078500972373,4.528085377298972,4.444324892545021
FRA,2012-Q3,1.0924045526505226,4.545741014621098,4.4434310222745665
FRA,2012-Q4,1.1489174145176677,4.596154871777186,4.423883877977795
FRA,2013-Q1,1.1473455090985236,4.604792196878356,4.423197732016506
FRA,2013-Q2,1.1724004020823178,4.614756608604362,4.4221068784702915
FRA,2013-Q3,1.1966018300953176,4.610569390613557,4.3846535788261685
FRA,2013-Q4,1.2064263435003728,4.598572503224261,4.386839155828401
FRA,2014-Q1,1.206934726343315,4.620179219555146,4.386375137875271
FRA,2014-Q2,1.2040601661059236,4.608057543036969,4.399818233347473
FRA,2014-Q3,1.180785908642348,4.614488867781357,4.430552574771653
FRA,2014-Q4,1.15397710992445,4.609935718846054,4.45045105021487
FRA,2015-Q1,1.1634579550107496,4.6245153153609815,4.449417719856547
FRA,2015-Q2,1.1938771805083586,4.6361885574667205,4.435819831225422
FRA,2015-Q3,1.17726354050952,4.661939356351878,4.477420228274171
FRA,2015-Q4,1.1790494725819483,4.656739028374783,4.481308504784388
FRA,2016-Q1,1.1731644677556596,4.656341529668916,4.484517444163083
FRA,2016-Q2,1.1547168141554531,4.64176625535327,4.4871555678564325
FRA,2016-Q3,1.1388565588918083,4.637880390151747,4.49312683926795
FRA,2016-Q4,1.1494324577610695,4.650426400012645,4.493961433089091
FRA,2017-Q1,1.1780297721039645,4.670566172345552,4.488356502985888
FRA,2017-Q2,1.1516064764582796,4.657122865861999,4.4831536188672825
FRA,2017-Q3,1.1623817123226254,4.679514984264112,4.485662319814042
FRA,2017-Q4,1.2141846091133102,4.7116277414402115,4.480510948247036
FRA,2018-Q1,1.2395991449922994,4.724896439504685,4.472818261506879
FRA,2018-Q2,1.2771073258353265,4.7674323557558465,4.477414714922257
FRA,2018-Q3,1.2691784754138191,4.756956571773775,4.476590056660944
FRA,2018-Q4,1.2282225569512895,4.737063477707546,4.5021499514896846
FRA,2019-Q1,1.2286872345450965,4.706489072729461,4.465385404363789
FRA,2019-Q2,1.237842242357311,4.741409958959244,4.484758007142626
FRA,2019-Q3,1.239504484454815,4.759497272086326,4.506449285030091
FRA,2019-Q4,1.2634378089961225,4.7633855786681165,4.478348431543969
JPN,2005-Q1,1.4829540556472367,4.5612379133571705,4.129741639576216
JPN,2005-Q2,1.4823444219103215,4.571358508043448,4.132148312268367
JPN,2005-Q3,1.5009869534118194,4.596012327722359,4.145370822728956
JPN,2005-Q4,1.5306831362506643,4.63432181661161,4.148795598370913
JPN,2006-Q1,1.56074377279304,4.659609217911973,4.152241940463349
JPN,2006-Q2,1.5133056472418391,4.627791733285339,4.169316197552989
JPN,2006-Q3,1.4812856387874513,4.607200193950625,4.164575526629728
JPN,2006-Q4,1.4886615507126422,4.5997038223967115,4.169017338283843
JPN,2007-Q1,1.5141210923583421,4.605225643400928,4.165083208953267
JPN,2007-Q2,1.5201075664610462,4.620578823810311,4.161565765541782
JPN,2007-Q3,1.5054622385527756,4.611063947547241,4.159928183689753
JPN,2007-Q4,1.5098636133263588,4.619799282836783,4.166260190264259
JPN,2008-Q1,1.505821730237849,4.609691624189717,4.162078960939307
JPN,2008-Q2,1.4813150894847882,4.602461268129877,4.18391530282291
JPN,2008-Q3,1.4853096197753182,4.579328046192913,4.173496193289617
JPN,2008-Q4,1.4614725617388573,4.565863381270694,4.173693118627197
JPN,2009-Q1,1.4296985078865354,4.543829689158367,4.170097152753084
JPN,2009-Q2,1.3753307253970461,4.52931222409882,4.19480182101839
JPN,2009-Q3,1.3913371771470093,4.555385060030977,4.200750142666064
JPN,2009-Q4,1.3629669181748583,4.5413970822543375,4.219227810758094
JPN,2010-Q1,1.4610415842586382,4.599044723551085,4.199944405162539
JPN,2010-Q2,1.4605810300967126,4.613911081568703,4.206950159150578
JPN,2010-Q3,1.4545224724089556,4.6226078040426,4.223294621084929
JPN,2010-Q4,1.4368313757299715,4.610440648438976,4.227528880924061
JPN,2011-Q1,1.448000752522019,4.629446846027156,4.246511086550042
JPN,2011-Q2,1.4674344836539186,4.6229340895024,4.241751759798536
JPN,2011-Q3,1.4349874689897066,4.630374285795307,4.26589197140132
JPN,2011-Q4,1.4430970816567805,4.686575976560683,4.303375443255609
JPN,2012-Q1,1.4565284408939458,4.68965477856619,4.300932864849014
JPN,2012-Q2,1.4901107365437871,4.7176402450919035,4.297250327028003
JPN,2012-Q3,1.469234603157783,4.708576716589386,4.3220510941847685
JPN,2012-Q4,1.4433051733490776,4.7128769467794465,4.348744676370729
JPN,2013-Q1,1.4766566292389929,4.753292959492157,4.34390177596343
JPN,2013-Q2,1.4735843394934032,4.745753618336401,4.340598973706992
JPN,2013-Q3,1.5220555416927648,4.78700258949634,4.339372204574085
JPN,2013-Q4,1.5596919474080935,4.806157628205449,4.322205446908571
JPN,2014-Q1,1.5620105361250634,4.799908292687563,4.311425667711308
JPN,2014-Q2,1.5957665105185883,4.817556447468673,4.299363556210027
JPN,2014-Q3,1.6325927676740433,4.842007536461208,4.290846592733465
JPN,2014-Q4,1.652378617515558,4.859443735705551,4.293326319422664
JPN,2015-Q1,1.6155069751956803,4.833039241307742,4.299839540410712
JPN,2015-Q2,1.5687806957540924,4.823496497791244,4.326097047802923
JPN,2015-Q3,1.57629573134863,4.823546125080214,4.314121737191842
JPN,2015-Q4,1.5694832479763718,4.827057456498213,4.33188657316899
JPN,2016-Q1,1.572080791046635,4.844470898449226,4.331676740505608
JPN,2016-Q2,1.5797148444277949,4.8530249184678915,4.333934784860822
JPN,2016-Q3,1.538202198061487,4.831318031293689,4.347057077243321
JPN,2016-Q4,1.564189394990938,4.8439219883138085,4.3332162469198865
JPN,2017-Q1,1.5848417208107064,4.861133703219485,4.341952393112647
JPN,2017-Q2,1.5931909486750546,4.877329512178106,4.347449176235843
JPN,2017-Q3,1.606328310447633,4.903945126689198,4.357835945195966
JPN,2017-Q4,1.604442258343759,4.925623569780176,4.365173474854583
JPN,2018-Q1,1.5884985790243717,4.939807171364745,4.405002976953246
JPN,2018-Q2,1.604445225546402,4.943403857135571,4.398436877189476
JPN,2018-Q3,1.6004173693139563,4.915184638465251,4.393471922864449
JPN,2018-Q4,1.6091049976893879,4.9287770028479025,4.387124814968077
JPN,2019-Q1,1.6209839031137088,4.9379307565911645,4.381792658180673
JPN,2019-Q2,1.6364537167532405,4.948362333335072,4.375231851271076
JPN,2019-Q3,1.6072983942209664,4.927827361818665,4.39606709923769
JPN,2019-Q4,1.5581926394369716,4.9112062310105005,4.420374662957538
CAN,2005-Q1,1.190394034051715,4.541853228865551,4.360789650971654
CAN,2005-Q2,1.1953405970936386,4.550735028723517,4.375195870813818
CAN,2005-Q3,1.2207242117178139,4.577207663720713,4.38998287319358
CAN,2005-Q4,1.183972510164269,4.561677357732491,4.399364736620355
CAN,2006-Q1,1.2102245242601624,4.569336751215428,4.387860094473417
CAN,2006-Q2,1.1927274702004014,4.560334334916645,4.390144424131288
CAN,2006-Q3,1.21299403688868,4.589235267495141,4.393090386044929
CAN,2006-Q4,1.208486758721564,4.563771529399466,4.378714915707041
CAN,2007-Q1,1.1790506693723621,4.5575930924540335,4.404265890233549
CAN,2007-Q2,1.1547526476469572,4.570137329955324,4.420426324592184
CAN,2007-Q3,1.2074296384985483,4.606447810540011,4.420111861984739
CAN,2007-Q4,1.2179832890980076,4.6101328053185515,4.423515149569657
CAN,2008-Q1,1.1928873762724463,4.604028814784687,4.42964089168887
CAN,2008-Q2,1.264343876916353,4.646651956173499,4.402014868662506
CAN,2008-Q3,1.242918661534402,4.622691678165174,4.401307207924697
CAN,2008-Q4,1.2101179232393744,4.583715559032773,4.39407744420473
CAN,2009-Q1,1.227094655174356,4.597515848033839,4.382053144056306
CAN,2009-Q2,1.2158633928895108,4.592474763546787,4.380836639663017
CAN,2009-Q3,1.1717494540798619,4.5770501072041725,4.41080193756576
CAN,2009-Q4,1.1911799818143476,4.596217236150159,4.423414580484765
CAN,2010-Q1,1.209345621485117,4.606093250425583,4.417846895638023
CAN,2010-Q2,1.1842385206672568,4.599811677810848,4.429435637358366
CAN,2010-Q3,1.1459994810344456,4.57920558983743,4.453425968907156
CAN,2010-Q4,1.1198268749661502,4.601654736403034,4.470295474150848
CAN,2011-Q1,1.151682953013397,4.619658759962206,4.474189929699651
CAN,2011-Q2,1.144941249637705,4.6226752426866184,4.467485878034067
CAN,2011-Q3,1.1756498017922223,4.6646079826075715,4.48095922773827
CAN,2011-Q4,1.1443479495085802,4.648206287281048,4.4898615085195965
CAN,2012-Q1,1.0964609186556664,4.622695783862553,4.506289406820013
CAN,2012-Q2,1.0954862224700042,4.613857622464928,4.518816983845243
CAN,2012-Q3,1.0788196610922343,4.6179459021378175,4.537560274575033
CAN,2012-Q4,1.100448943857914,4.627812691124271,4.532531746401625
CAN,2013-Q1,1.0786428430342456,4.627987969967145,4.55529265738614
CAN,2013-Q2,1.0905052428777497,4.640029077897431,4.561256651456526
CAN,2013-Q3,1.0363930521314557,4.619998289413622,4.595385564545905
CAN,2013-Q4,1.064041277910602,4.653873581495087,4.588047747274562
CAN,2014-Q1,1.0516559692300653,4.657230557927235,4.617087204322041
CAN,2014-Q2,1.0674410104381595,4.684576474558998,4.6230558660739804
CAN,2014-Q3,1.0715239846947353,4.696430981486552,4.616284596019764
CAN,2014-Q4,1.091022042057927,4.710566045869627,4.612026308508949
CAN,2015-Q1,1.1292846406299992,4.726961391474271,4.610221098886035
CAN,2015-Q2,1.1414143724902681,4.740915562674617,4.6195835880820635
CAN,2015-Q3,1.1417141915010385,4.758770017871968,4.630426120402596
CAN,2015-Q4,1.174198213757427,4.790353068474617,4.624820620343518
CAN,2016-Q1,1.1774770126826437,4.799283491868646,4.627455301459603
CAN,2016-Q2,1.18339500245611,4.818463567020417,4.662589356838781
CAN,2016-Q3,1.156049394706173,4.821668853134672,4.691502504390292
CAN,2016-Q4,1.1796415235007698,4.855471197443661,4.701047359435402
CAN,2017-Q1,1.1730802910269718,4.846943351402476,4.704617411607925
CAN,2017-Q2,1.2052593528522981,4.887962160060692,4.709417881508699
CAN,2017-Q3,1.1894476173475015,4.892159001047805,4.721620651099656
CAN,2017-Q4,1.1733368619198061,4.868543499005444,4.70927876262168
CAN,2018-Q1,1.1796210848717639,4.87610558730366,4.70841811456033
CAN,2018-Q2,1.1918756436741462,4.867484554154162,4.686389353452166
CAN,2018-Q3,1.2115414672069107,4.889297425133936,4.695377700291246
CAN,2018-Q4,1.188813121521474,4.881244945547889,4.708085639386788
CAN,2019-Q1,1.1945666428030575,4.877321276883593,4.703837842452297
CAN,2019-Q2,1.130833035269527,4.844530462264682,4.730447643901648
CAN,2019-Q3,1.1407338175081387,4.840484335879701,4.715061158956614
CAN,2019-Q4,1.0944457920052157,4.797006749347122,4.696095535753466
AUS,2005-Q1,1.3527008091085557,4.637449151205372,4.334648847589799
AUS,2005-Q2,1.4236496590149446,4.684216645300986,4.316805260588345
AUS,2005-Q3,1.449775507987913,4.686424852737883,4.295124279383992
AUS,2005-Q4,1.4541754025114295,4.713588509072633,4.3134628358641365
AUS,2006-Q1,1.3962380237335095,4.6977903905301215,4.353059121959226
AUS,2006-Q2,1.3896856493760044,4.715045868631373,4.376823214236884
AUS,2006-Q3,1.3602199344489005,4.6989775573679,4.38828185103767
AUS,2006-Q4,1.3505749144902472,4.691502178153983,4.400203166162649
AUS,2007-Q1,1.3973469191000127,4.734782805231319,4.416004399544354
AUS,2007-Q2,1.3699740220118457,4.735969157216052,4.430388328391156
AUS,2007-Q3,1.3540589720119178,4.7453178146796455,4.437606199750697
AUS,2007-Q4,1.372080434105906,4.767719169293421,4.442169216309975
AUS,2008-Q1,1.411741069471551,4.782632807052873,4.444230319391482
AUS,2008-Q2,1.4129907478325712,4.790641185155744,4.435920850558483
AUS,2008-Q3,1.4403802897666391,4.802940405205068,4.434710724405481
AUS,2008-Q4,1.5259449307828794,4.856008716909834,4.41231637219255
AUS,2009-Q1,1.5130261426552645,4.859856340969162,4.413841277790629
AUS,2009-Q2,1.534433648793555,4.868878321903461,4.402012411183366
AUS,2009-Q3,1.5849843729290853,4.894891409823613,4.388458571425129
AUS,2009-Q4,1.5940098931997815,4.922001928482772,4.394156983692432
AUS,2010-Q1,1.5919553285398582,4.95074253459398,4.418037017987602
AUS,2010-Q2,1.5843335828187715,4.968517139034564,4.434811767077637
AUS,2010-Q3,1.5766651147009219,4.950657040779954,4.4142542580232895
AUS,2010-Q4,1.6225768440094563,4.988325671425976,4.402409835974734
AUS,2011-Q1,1.5792708147420673,4.970398763565602,4.419521403794557
AUS,2011-Q2,1.6088537847891031,4.981451472870383,4.407784092891482
AUS,2011-Q3,1.5958522629329182,4.971365955869995,4.407414595641527
AUS,2011-Q4,1.5960564544701568,4.975083188938135,4.418665377126896
AUS,2012-Q1,1.606676471887364,4.986658437144205,4.407140210303941
AUS,2012-Q2,1.6236544640600892,4.99808558145321,4.4117208428961305
AUS,2012-Q3,1.6662217851816488,5.011523996537916,4.394710460472358
AUS,2012-Q4,1.6897268457094425,5.048798221919088,4.3886899458130895
AUS,2013-Q1,1.7058259491929204,5.062868907949367,4.396486674825228
AUS,2013-Q2,1.7422514492420758,5.062985775243554,4.375591768822253
AUS,2013-Q3,1.7433425801531874,5.0872675186093215,4.385198889891659
AUS,2013-Q4,1.7887402470011944,5.116056928387814,4.387904322907759
AUS,2014-Q1,1.7588847906674112,5.0965047720850745,4.399191672224016
AUS,2014-Q2,1.7589226059018435,5.113452773482072,4.405550384234986
AUS,2014-Q3,1.7535903501733445,5.13247622832829,4.429012490684594
AUS,2014-Q4,1.7532761495806435,5.13152495826109,4.433890858224312
AUS,2015-Q1,1.7882689596626131,5.164039094527322,4.430449775107434
AUS,2015-Q2,1.7893872048760189,5.166037982786671,4.435284237652918
AUS,2015-Q3,1.773922641304325,5.173549511856102,4.446433708088464
AUS,2015-Q4,1.7743500123910105,5.175088075370424,4.45016660914335
AUS,2016-Q1,1.7620571608042448,5.180399656322053,4.453775484511409
AUS,2016-Q2,1.7558895287197696,5.163474154584149,4.446245609194308
AUS,2016-Q3,1.7333648050654165,5.139673136932263,4.439302095431043
AUS,2016-Q4,1.7860107085596497,5.176563238196763,4.421263016354048
AUS,2017-Q1,1.7629457678303977,5.164624011230396,4.450506667501852
AUS,2017-Q2,1.7750105949954218,5.14979616424127,4.434848718970983
AUS,2017-Q3,1.7473789586297122,5.111728361969195,4.427455141004044
AUS,2017-Q4,1.7324911353612604,5.103949127015405,4.419679032020507
AUS,2018-Q1,1.6919452288799817,5.082487331147255,4.436102897674673
AUS,2018-Q2,1.7446426672825557,5.120327634349982,4.434678652500293
AUS,2018-Q3,1.7468120931337356,5.145523976136834,4.456394783590399
AUS,2018-Q4,1.7660100224653605,5.13676096923328,4.4492924242267415
AUS,2019-Q1,1.8042147129430817,5.186809685340166,4.4564773366600985
AUS,2019-Q2,1.8331061620157005,5.211444995079998,4.4469471308612025
AUS,2019-Q3,1.7877287950957255,5.209948367409826,4.4821243677778035
AUS,2019-Q4,1.755888779140303,5.164960253112354,4.467310391492361
ITA,2005-Q1,1.1541537727137883,4.477129524542918,4.370810867668859
ITA,2005-Q2,1.144234632283686,4.455504865471762,4.351537398142111
ITA,2005-Q3,1.135871620443439,4.423780758009696,4.316228581118581
ITA,2005-Q4,1.1548846865188764,4.438940584547947,4.333243379787171
ITA,2006-Q1,1.1516880267076965,4.421873252424469,4.31574019931094
ITA,2006-Q2,1.1121774083861546,4.383815440565419,4.31536871828255
ITA,2006-Q3,1.1540139462070882,4.396587012656038,4.30081702289166
ITA,2006-Q4,1.235343291032557,4.451447003004694,4.276787316327959
ITA,2007-Q1,1.2298042630446757,4.4563255847738965,4.287909257251031
ITA,2007-Q2,1.2547709286735547,4.478095400262929,4.302296584655571
ITA,2007-Q3,1.2512788903836647,4.4847319874338805,4.296648928644671
ITA,2007-Q4,1.2948369182564103,4.487754194370058,4.260783294262497
ITA,2008-Q1,1.3179729751961882,4.511135724029813,4.2555896275387095
ITA,2008-Q2,1.306598818160403,4.51033023314604,4.2644666876197475
ITA,2008-Q3,1.3475449751992639,4.520678079427478,4.245283014088136
ITA,2008-Q4,1.351012451883335,4.532112035551398,4.251033412884823
ITA,2009-Q1,1.3386336373254561,4.523750226478537,4.253803765147228
ITA,2009-Q2,1.3562545671489425,4.548591073469267,4.265493137641244
ITA,2009-Q3,1.3417156845490357,4.550091878335359,4.270286843167457
ITA,2009-Q4,1.3305820587365906,4.539976975145502,4.258690809054234
ITA,2010-Q1,1.3144773581011424,4.55570717201691,4.2796393815792015
ITA,2010-Q2,1.2840500406198547,4.542737812381089,4.280261437983797
ITA,2010-Q3,1.3154637380444387,4.548301435528471,4.282851869891148
ITA,2010-Q4,1.31959457687022,4.553119055595587,4.27185285050505
ITA,2011-Q1,1.3506012089368806,4.579836966912219,4.2682036167371775
ITA,2011-Q2,1.375259258429361,4.594330931569818,4.257931576026774
ITA,2011-Q3,1.3851195410174244,4.598830392394915,4.2583373851279225
ITA,2011-Q4,1.386919186551477,4.620185718378921,4.287013012330058
ITA,2012-Q1,1.4441331801605257,4.652989869359267,4.269434495186087
ITA,2012-Q2,1.4718392258257391,4.669146075486304,4.248231074217936
ITA,2012-Q3,1.449380773557046,4.674353127883172,4.27329862913034
ITA,2012-Q4,1.4309623558828586,4.653116403236169,4.273158773973062
ITA,2013-Q1,1.4182583792054078,4.6368141299746615,4.2661226828931635
ITA,2013-Q2,1.4147092256823184,4.635709635887568,4.284721253204105
ITA,2013-Q3,1.4137472461038298,4.628519391844382,4.278637020108052
ITA,2013-Q4,1.387157524643084,4.629779965784673,4.309027165811256
ITA,2014-Q1,1.38117956510863,4.635912964282615,4.322196053881345
ITA,2014-Q2,1.4069385682325144,4.651506819369749,4.317877382759159
ITA,2014-Q3,1.3693369803247284,4.655096843808567,4.353237005958142
ITA,2014-Q4,1.371291809576372,4.669826876685091,4.347151282113091
ITA,2015-Q1,1.3672124170605684,4.676116364981294,4.361282712693231
ITA,2015-Q2,1.3173370334096424,4.641607033654216,4.368772101399328
ITA,2015-Q3,1.27673794378028,4.627820325777841,4.39129822074031
ITA,2015-Q4,1.2605829480315895,4.6299385746634085,4.417720888691213
ITA,2016-Q1,1.2501327777872178,4.6107446798065865,4.4212009509272
ITA,2016-Q2,1.2718191562892645,4.627743254406511,4.412899682872007
ITA,2016-Q3,1.2978807802435322,4.663358271053385,4.422799265016094
ITA,2016-Q4,1.3485978997601589,4.692733508087331,4.415633534469812
ITA,2017-Q1,1.3114369223326676,4.6934646506687265,4.448834343182711
ITA,2017-Q2,1.3615287965431526,4.728279173405726,4.453882373148953
ITA,2017-Q3,1.3658480012791971,4.736252522549768,4.451402549879271
ITA,2017-Q4,1.3307795758466128,4.7345108031274075,4.457172754467245
ITA,2018-Q1,1.3465699097257684,4.727242749856589,4.4399658601243
ITA,2018-Q2,1.3574689391763681,4.726193356126826,4.42839164954664
ITA,2018-Q3,1.3430470867002686,4.723429819756001,4.449397858165806
ITA,2018-Q4,1.3586866360639454,4.731838144203511,4.442544443981236
ITA,2019-Q1,1.371749874584752,4.7400496238245085,4.429840779241006
ITA,2019-Q2,1.3494062470885602,4.745110544227576,4.440890570528916
ITA,2019-Q3,1.3410638683256302,4.758849307622503,4.461676132848861
ITA,2019-Q4,1.34877061630561,4.78766223311823,4.475460432508838
ESP,2005-Q1,1.1375588673048018,4.412921482529292,4.35885784044206
ESP,2005-Q2,1.114698045184405,4.394003821288588,4.354525099115266
ESP,2005-Q3,1.1457285695405528,4.407895874652991,4.340730837615931
ESP,2005-Q4,1.1603060232641647,4.436828504385904,4.345844131319599
ESP,2006-Q1,1.1516755233321874,4.4296328462995165,4.322317540836156
ESP,2006-Q2,1.1622537645321565,4.431952502966058,4.330165056548928
ESP,2006-Q3,1.1827095877628455,4.437246266860642,4.330951017754448
ESP,2006-Q4,1.154497110642081,4.426548300598997,4.326960470226425
ESP,2007-Q1,1.191861741765279,4.444513909275874,4.306039924217423
ESP,2007-Q2,1.198962560357852,4.447094946303718,4.3167439258159686
ESP,2007-Q3,1.2423837821322785,4.460485595181859,4.31175341322104
ESP,2007-Q4,1.2413437157024774,4.4477357516258165,4.297204660685386
ESP,2008-Q1,1.2682032336195994,4.443986585619348,4.2571207274861615
ESP,2008-Q2,1.283881974860213,4.463434212775904,4.2597080039104025
ESP,2008-Q3,1.2665921398266713,4.460977549734069,4.2892917778604485
ESP,2008-Q4,1.2683295440212314,4.500516826758736,4.317210666078666
ESP,2009-Q1,1.2607428966541538,4.497524103046445,4.313354222229872
ESP,2009-Q2,1.2735189996667937,4.507017797561482,4.307321041324446
ESP,2009-Q3,1.280507810916887,4.530669614198944,4.317352655165571
ESP,2009-Q4,1.2752342930062157,4.507302299540283,4.305376873577747
ESP,2010-Q1,1.2567939303061704,4.477086123300667,4.312903752075039
ESP,2010-Q2,1.2172854924112666,4.451572997009265,4.327394956250809
ESP,2010-Q3,1.2207259731697104,4.481824679077809,4.348798954609074
ESP,2010-Q4,1.2090115016648832,4.47578751615996,4.350296643461875
ESP,2011-Q1,1.2495910644191675,4.5319515018733245,4.350241537209221
ESP,2011-Q2,1.2669911866575911,4.525666549900176,4.340071798407872
ESP,2011-Q3,1.2849366830776867,4.534357575964117,4.330668593097275
ESP,2011-Q4,1.3200455238736781,4.570199775015475,4.330271409718752
ESP,2012-Q1,1.3896013947052506,4.615321632778657,4.338781892320995
ESP,2012-Q2,1.413245297219131,4.6615517043113845,4.355485661714494
ESP,2012-Q3,1.4368371867688456,4.690719028923247,4.346437977454289
ESP,2012-Q4,1.4299462597639312,4.716200279439477,4.371828305988682
ESP,2013-Q1,1.4587243915268906,4.7330508184235,4.370761451973044
ESP,2013-Q2,1.4738628866131684,4.753618039946833,4.373440942557817
ESP,2013-Q3,1.4586073984886663,4.747594325620262,4.3652327673706
ESP,2013-Q4,1.4919741295636364,4.736230347951816,4.331869163466505
ESP,2014-Q1,1.4727292026563847,4.741162858803596,4.348129844411921
ESP,2014-Q2,1.4801455405975334,4.742759166353098,4.362182502868308
ESP,2014-Q3,1.4832792780563555,4.738694605366552,4.3609625895115345
ESP,2014-Q4,1.487113336195399,4.757622354315687,4.364967450269908
ESP,2015-Q1,1.510001553638983,4.7817284584870965,4.37570653853547
ESP,2015-Q2,1.5317411117824562,4.7884965962129336,4.355268350682172
ESP,2015-Q3,1.575249948004741,4.823047197834039,4.350332560521977
ESP,2015-Q4,1.5416374980581553,4.805213415551369,4.365246530716305
ESP,2016-Q1,1.5446624672685338,4.806340226365774,4.349432189368766
ESP,2016-Q2,1.5202093920346167,4.797003779953718,4.356835558351266
ESP,2016-Q3,1.5165632113739393,4.7646730476122565,4.339486831281915
ESP,2016-Q4,1.504200863651708,4.768019433895402,4.3494832810184185
ESP,2017-Q1,1.4996132054189382,4.7705844837277365,4.351948658783956
ESP,2017-Q2,1.5473133051515935,4.805853478592579,4.3307216815453735
ESP,2017-Q3,1.5520885543157203,4.823469712283674,4.351192771862231
ESP,2017-Q4,1.5663540240705256,4.80798597579709,4.343173898210261
ESP,2018-Q1,1.6015003164300443,4.850067827123773,4.334020111655045
ESP,2018-Q2,1.624567434225691,4.87948850103428,4.340028649613509
ESP,2018-Q3,1.6346183263315817,4.896130455103652,4.36025820985494
ESP,2018-Q4,1.641954300967214,4.896600773126655,4.348020882570264
ESP,2019-Q1,1.625400280889547,4.882411988392186,4.351946080317983
ESP,2019-Q2,1.5994682183023656,4.879967852870765,4.361378327822942
ESP,2019-Q3,1.6179146371484872,4.906742825264849,4.3747749119318895
ESP,2019-Q4,1.6523528477085876,4.949434551383541,4.380421535261048
NLD,2005-Q1,1.358599076296436,4.64785949935198,4.4187386051564745
NLD,2005-Q2,1.3858712304916905,4.659375425683623,4.419932887697171
NLD,2005-Q3,1.4130373129748108,4.66826311171517,4.390342844506961
NLD,2005-Q4,1.395517077414012,4.666199785858956,4.406054169664217
NLD,2006-Q1,1.4031239874800712,4.67796946272819,4.401024246874909
NLD,2006-Q2,1.3883635565418881,4.67706143452541,4.402666247640346
NLD,2006-Q3,1.387288323932924,4.685430654050802,4.410645952598882
NLD,2006-Q4,1.4175047793638904,4.716782604762961,4.416503447795568
NLD,2007-Q1,1.3881148964673684,4.701651753457368,4.430145225052654
NLD,2007-Q2,1.4163814976612408,4.7294493246799485,4.426612929494107
NLD,2007-Q3,1.4277439612863372,4.760791626026745,4.437309516466748
NLD,2007-Q4,1.4380096342963646,4.763430255486924,4.4364163163029895
NLD,2008-Q1,1.3769879214591199,4.7259931575067515,4.450498473516302
NLD,2008-Q2,1.3735970124836099,4.718836717764863,4.462728985776498
NLD,2008-Q3,1.4199895519565517,4.749776608696085,4.451697405245829
NLD,2008-Q4,1.3929372940516895,4.754319247450107,4.470987136988454
NLD,2009-Q1,1.3858605098652714,4.739333202804209,4.465947685311744
NLD,2009-Q2,1.3632235373290211,4.734237704379645,4.4810685522859615
NLD,2009-Q3,1.3855455123219609,4.756050104909735,4.489577861986982
NLD,2009-Q4,1.3874334068048093,4.771984776273762,4.520150617138909
NLD,2010-Q1,1.367418710189828,4.772206134290369,4.519798627403332
NLD,2010-Q2,1.3728123283262235,4.769869646054075,4.5175588754615585
NLD,2010-Q3,1.3683601187881633,4.767034483073198,4.5202675813732425
NLD,2010-Q4,1.3655385021090287,4.753586279383228,4.518719884630729
NLD,2011-Q1,1.389620676074984,4.790893793172617,4.5337190131598595
NLD,2011-Q2,1.4010089183115289,4.78944738378839,4.512474354033311
NLD,2011-Q3,1.4415994737219124,4.8187905542049005,4.499669117746116
NLD,2011-Q4,1.4841826234673552,4.85421687524335,4.4866520739224285
NLD,2012-Q1,1.5065124069230456,4.879183093206309,4.503906687802032
NLD,2012-Q2,1.4739065707413233,4.875550686951947,4.532565888390761
NLD,2012-Q3,1.5041267406598857,4.888625288758679,4.533999150112699
NLD,2012-Q4,1.5015618202678789,4.893141376630861,4.5344668242648485
NLD,2013-Q1,1.473330207197193,4.880067339416258,4.5385176067115465
NLD,2013-Q2,1.4485613866489089,4.89155452505069,4.558945781250669
NLD,2013-Q3,1.4269171528516253,4.872973729227494,4.54803548423781
NLD,2013-Q4,1.4415036287214769,4.901727316996726,4.554611018978832
NLD,2014-Q1,1.432781840258091,4.897434971050758,4.572238983425569
NLD,2014-Q2,1.442943569899157,4.906458164168214,4.582755395974667
NLD,2014-Q3,1.4350249101793735,4.917123921599137,4.588599120223648
NLD,2014-Q4,1.4326749244466594,4.916945822125055,4.606614811612156
NLD,2015-Q1,1.4842669548044698,4.9336796981545605,4.569066327217167
NLD,2015-Q2,1.471016061469068,4.92918162502211,4.582234457010131
NLD,2015-Q3,1.5179981355408312,4.951607570971255,4.575423321763219
NLD,2015-Q4,1.5258057172778385,4.92968797736632,4.550963828310373
NLD,2016-Q1,1.5146989475605452,4.937215568957248,4.561631867303247
NLD,2016-Q2,1.5230696079684298,4.9809941489384135,4.5852367454806915
NLD,2016-Q3,1.4862563484595073,4.9659875224463015,4.586175017761276
NLD,2016-Q4,1.4601270991464765,4.957432623035804,4.60346813596932
NLD,2017-Q1,1.4531044508878295,4.972710780028982,4.630652309839149
NLD,2017-Q2,1.4346302348722295,4.981302415667774,4.65337602664291
NLD,2017-Q3,1.4245631001222758,4.993315017653245,4.680975494583481
NLD,2017-Q4,1.4311598307032636,5.008098760256198,4.6951074069495595
NLD,2018-Q1,1.445867107084185,5.025793189627433,4.699238911533084
NLD,2018-Q2,1.4906401712268607,5.052987186466558,4.678209424354627
NLD,2018-Q3,1.5102987603028482,5.066183559605128,4.677518487032677
NLD,2018-Q4,1.526895060947074,5.066358406512757,4.6678697881029345
NLD,2019-Q1,1.4991999253033363,5.084809880536811,4.703433928865402
NLD,2019-Q2,1.5594414375258896,5.1278075192347154,4.703795641678917
NLD,2019-Q3,1.5541693958128797,5.1301548443070635,4.708643713780684
NLD,2019-Q4,1.5276410003526375,5.11566425821365,4.7199159944212905
CHE,2005-Q1,1.3305673820577961,4.6062321634884835,4.32332161312635
CHE,2005-Q2,1.315687466012632,4.598983415995675,4.32499616873827
CHE,2005-Q3,1.3459990667788244,4.611213486499797,4.322446003290039
CHE,2005-Q4,1.3047773158706095,4.593338962353384,4.321564062350032
CHE,2006-Q1,1.3207426125136905,4.600510156468914,4.348543769907603
CHE,2006-Q2,1.3178889707953274,4.6048455566560245,4.359957561626722
CHE,2006-Q3,1.3147879843404964,4.605683219510573,4.358525356856284
CHE,2006-Q4,1.2972219910407305,4.608112469281795,4.3719796729239455
CHE,2007-Q1,1.2654181343295288,4.5754754883718425,4.369972380577606
CHE,2007-Q2,1.2403805324428137,4.569500990217023,4.3905692501414055
CHE,2007-Q3,1.2410073652407048,4.576357888239845,4.399113883024377
CHE,2007-Q4,1.248538111401878,4.5845550160797925,4.400504350864313
CHE,2008-Q1,1.2191154771615362,4.569001513261274,4.410220104751468
CHE,2008-Q2,1.2642162209699637,4.599315670078568,4.389656962470441
CHE,2008-Q3,1.2622112987029328,4.586992173114277,4.3757554504367935
CHE,2008-Q4,1.2985649117069904,4.6113813171248115,4.360846575340807
CHE,2009-Q1,1.318190352023441,4.624925204362245,4.365990721762263
CHE,2009-Q2,1.2837339367387575,4.617000658165368,4.39497844675454
CHE,2009-Q3,1.2541502979617354,4.657506876017559,4.431447948947429
CHE,2009-Q4,1.2351354408115083,4.638634139382429,4.444018715469041
CHE,2010-Q1,1.2520942635459915,4.662017222854629,4.454531382593208
CHE,2010-Q2,1.3018492108780098,4.687028869215488,4.430515516580917
CHE,2010-Q3,1.2953880211972646,4.678616465033954,4.425375409584907
CHE,2010-Q4,1.3499481704612675,4.711465771035241,4.416558653306284
CHE,2011-Q1,1.3635199524532888,4.711464840743261,4.410245939332517
CHE,2011-Q2,1.361693939835357,4.722238713328858,4.410723782053745
CHE,2011-Q3,1.3792956050881084,4.732445150104282,4.406642423388289
CHE,2011-Q4,1.3968315460659853,4.734758975274871,4.379952926232652
CHE,2012-Q1,1.3917222764410973,4.755975140738067,4.394171580074415
CHE,2012-Q2,1.4247374587678037,4.776844915149111,4.381080434688318
CHE,2012-Q3,1.402407207081796,4.746874275684347,4.3876691376499855
CHE,2012-Q4,1.4102504511413385,4.77796108054191,4.421780377696235
CHE,2013-Q1,1.3959983594753937,4.749711240781197,4.410989608822439
CHE,2013-Q2,1.4609685855256098,4.775362164868031,4.376035295981245
CHE,2013-Q3,1.4907590689785641,4.8028962676045825,4.374745232653043
CHE,2013-Q4,1.4435251691976432,4.786076939000279,4.394259627178022
CHE,2014-Q1,1.411037589368064,4.782860653241187,4.4266348389913315
CHE,2014-Q2,1.4152243521406442,4.765746559871468,4.411191595074546
CHE,2014-Q3,1.4091145897900397,4.766448139265694,4.421642083423094
CHE,2014-Q4,1.4188271839972384,4.765287453581979,4.417662426571393
CHE,2015-Q1,1.4380290608418997,4.785880664227365,4.419073201256832
CHE,2015-Q2,1.4230151377817408,4.817086839149757,4.461738351462087
CHE,2015-Q3,1.4801719257871084,4.850000515365556,4.44219379653616
CHE,2015-Q4,1.4594447451620183,4.84375715483399,4.448999891458579
CHE,2016-Q1,1.436316968571086,4.8445727173591,4.45901528903506
CHE,2016-Q2,1.3857999276477235,4.81590395351468,4.47830208390915
CHE,2016-Q3,1.3626013846637128,4.804786552184757,4.482771831211213
CHE,2016-Q4,1.374646926885005,4.829083584846706,4.490392589303775
CHE,2017-Q1,1.416898395266218,4.8663952413176705,4.4875178607924475
CHE,2017-Q2,1.385141059586343,4.846708263880072,4.494554764911125
CHE,2017-Q3,1.3817608245628357,4.839858978697014,4.492406880778663
CHE,2017-Q4,1.3589774159216315,4.844330863557835,4.504730459126504
CHE,2018-Q1,1.3827416772740155,4.854934086734227,4.50218630408585
CHE,2018-Q2,1.3682040368416788,4.843742016335794,4.510842809994383
CHE,2018-Q3,1.3746589139841712,4.857223237225075,4.513403867789108
CHE,2018-Q4,1.3619290161097324,4.852746450283657,4.533294621550691
CHE,2019-Q1,1.3753404712179291,4.857457404866092,4.535523715696863
CHE,2019-Q2,1.3970610594515047,4.873383089826166,4.51192822867376
CHE,2019-Q3,1.3762486245703198,4.878511535222384,4.53385705118447
CHE,2019-Q4,1.380234275123832,4.874783817411853,4.523271066671531
SWE,2005-Q1,0.9663757437018548,4.35901453483367,4.382947484193175
SWE,2005-Q2,0.925730431371139,4.323937287545535,4.4040057507507075
SWE,2005-Q3,0.9254923548995141,4.341645648149719,4.4049140566154925
SWE,2005-Q4,0.8952491522265129,4.32186048025265,4.401161217642722
SWE,2006-Q1,0.9048151348947882,4.328059132857977,4.404169137025571
SWE,2006-Q2,0.9066685156382678,4.33860667161714,4.416187238259508
SWE,2006-Q3,0.9610908096749646,4.370819843533913,4.397529416017505
SWE,2006-Q4,0.974549141239566,4.34964343555153,4.366086701720447
SWE,2007-Q1,0.9219798140150377,4.2942531924351135,4.360828648978074
SWE,2007-Q2,0.9613921524358535,4.302930183330187,4.345517962589361
SWE,2007-Q3,0.9869140676559138,4.343940406960404,4.340895859624652
SWE,2007-Q4,1.0095564810715205,4.373719334019192,4.3416791548423905
SWE,2008-Q1,1.0253535652608605,4.382912522324685,4.337880428707045
SWE,2008-Q2,0.9822981068450581,4.378079798612044,4.362667441724106
SWE,2008-Q3,1.00080772619572,4.399222250544789,4.370568613193141
SWE,2008-Q4,1.000890769729935,4.3847513265507,4.378075728587303
SWE,2009-Q1,1.0021217392278148,4.399278481937825,4.390408835747954
SWE,2009-Q2,1.0327376282420704,4.414387885121157,4.376326338981243
SWE,2009-Q3,1.026443285216779,4.4405920832711345,4.394913015792547
SWE,2009-Q4,1.081472678809588,4.500785284049356,4.396776551494515
SWE,2010-Q1,1.08136524913329,4.513633603392932,4.409833760753133
SWE,2010-Q2,1.0899096701175406,4.508454330878782,4.396755902257531
SWE,2010-Q3,1.1311502387835,4.512942844634941,4.37644952076729
SWE,2010-Q4,1.0897728198662464,4.482561326537159,4.391717865637665
SWE,2011-Q1,1.0585316350120142,4.473667063915378,4.400364008529128
SWE,2011-Q2,1.069865841380113,4.470481415153116,4.389833235213766
SWE,2011-Q3,1.0797385466116887,4.464999647194424,4.379788288994646
SWE,2011-Q4,1.0780400640661887,4.4730467446350985,4.399669810760868
SWE,2012-Q1,1.092931919538058,4.461598345987454,4.384828632367858
SWE,2012-Q2,1.0748054428102982,4.489018959333944,4.412468726666698
SWE,2012-Q3,1.079826364891769,4.494023100632307,4.40195941564698
SWE,2012-Q4,1.060252504942201,4.498837094209535,4.414535294531105
SWE,2013-Q1,1.0625910854963836,4.4972791998792765,4.412606017394871
SWE,2013-Q2,1.0670279084666052,4.505383013556456,4.424653828861106
SWE,2013-Q3,1.1047679197445928,4.526884978849808,4.419492118829393
SWE,2013-Q4,1.0889877887861883,4.51454237453559,4.420050225238309
SWE,2014-Q1,1.0727571122129338,4.506380044754084,4.423664012869245
SWE,2014-Q2,1.0853132672165888,4.50530552417855,4.411631201032523
SWE,2014-Q3,1.0405329792467615,4.483388105709086,4.425743566213825
SWE,2014-Q4,1.056967488759311,4.472002948514656,4.421045362716751
SWE,2015-Q1,1.032085096777323,4.467478531043763,4.420616363986651
SWE,2015-Q2,1.0698612558020064,4.489966314658017,4.408701123367524
SWE,2015-Q3,1.1362973380212245,4.500217541238055,4.373266118485595
SWE,2015-Q4,1.1393913844709562,4.509089339465406,4.373400702046593
SWE,2016-Q1,1.116301505842872,4.531107298708766,4.4125899333707865
SWE,2016-Q2,1.0979679172952488,4.533359862940777,4.427358997689257
SWE,2016-Q3,1.1057646954775078,4.546169159939355,4.430070091993241
SWE,2016-Q4,1.1235650272627367,4.549104724880705,4.429126729555117
SWE,2017-Q1,1.1044331650825172,4.559411971868697,4.432463717947297
SWE,2017-Q2,1.1057526767856933,4.552756798716466,4.443670504674926
SWE,2017-Q3,1.060541647420458,4.508980455550938,4.428958312445293
SWE,2017-Q4,1.0434114720883185,4.511294872307212,4.448673137865327
SWE,2018-Q1,1.0616989575001898,4.544749835029211,4.462403857596946
SWE,2018-Q2,1.0806227262551398,4.568274143074042,4.476176643482565
SWE,2018-Q3,1.0799073362652891,4.592582092765865,4.48575377956471
SWE,2018-Q4,1.1161263284959912,4.62230470720199,4.48904802943012
SWE,2019-Q1,1.132281370709757,4.629077859021218,4.502140947969623
SWE,2019-Q2,1.11120800282678,4.63802417316933,4.514018159975743
SWE,2019-Q3,1.1089946482867623,4.630671135260643,4.511707549311628
SWE,2019-Q4,1.1067406851987924,4.629349678140102,4.506103522718174
NOR,2005-Q1,1.229893957735165,4.563883080928956,4.301914777741575
NOR,2005-Q2,1.2658248539610992,4.60497004312469,4.311465856017578
NOR,2005-Q3,1.2644132181453884,4.6061519672901445,4.320530277342003
NOR,2005-Q4,1.2635896106777,4.6255471261331085,4.342067010219336
NOR,2006-Q1,1.2688797289836447,4.604681666975685,4.3290012050246
NOR,2006-Q2,1.2339097159318042,4.590552939439324,4.342204446606357
NOR,2006-Q3,1.2288669747928518,4.605001064996932,4.3630920592935265
NOR,2006-Q4,1.2706014059997772,4.639683385567651,4.339413245533429
NOR,2007-Q1,1.2703262151366301,4.651795652543364,4.347208022922214
NOR,2007-Q2,1.2812392502766312,4.650534491932901,4.342645325457099
NOR,2007-Q3,1.291311610813141,4.655520320041368,4.344422485360574
NOR,2007-Q4,1.2564622029286607,4.635512165361973,4.352637632613649
NOR,2008-Q1,1.2754463407091252,4.652602471889081,4.348329204151946
NOR,2008-Q2,1.2890756601489477,4.675249133135549,4.341193582964522
NOR,2008-Q3,1.281822938592859,4.671207326478887,4.344705869226842
NOR,2008-Q4,1.3034158683178998,4.666806483523697,4.3313971801439
NOR,2009-Q1,1.332748586888188,4.677124048116737,4.318109803210622
NOR,2009-Q2,1.3190876439065542,4.673389653395925,4.3313004024549695
NOR,2009-Q3,1.3347728174878828,4.677067001103409,4.31706849192759
NOR,2009-Q4,1.366788601214573,4.724061436886739,4.330063179441228
NOR,2010-Q1,1.348846599645726,4.724120922871819,4.340002048834037
NOR,2010-Q2,1.3775145604211383,4.721954119831395,4.317114947902178
NOR,2010-Q3,1.3795120033541226,4.714003283718691,4.309951478117143
NOR,2010-Q4,1.3811440272569013,4.73388712314869,4.330863119162854
NOR,2011-Q1,1.3859183677159739,4.735262639684327,4.319145636195759
NOR,2011-Q2,1.3598008287815875,4.727275178917899,4.315179572261118
NOR,2011-Q3,1.3983336528726988,4.758701259563359,4.325110485659897
NOR,2011-Q4,1.4131413134372126,4.792093319653631,4.339861343299136
NOR,2012-Q1,1.4003830630121952,4.785084848338857,4.339088260008468
NOR,2012-Q2,1.385011459984291,4.752754049311645,4.3331256070880935
NOR,2012-Q3,1.3826688504924733,4.777904323108383,4.357461155013572
NOR,2012-Q4,1.3572021145058133,4.769211726593183,4.386544649970535
NOR,2013-Q1,1.3645190002224938,4.790024238576438,4.404227520732262
NOR,2013-Q2,1.3294338566126267,4.755622162222202,4.408507292870738
NOR,2013-Q3,1.3434322322772074,4.7784741089881875,4.399383307046124
NOR,2013-Q4,1.3468601669075957,4.759250670402571,4.389926640947776
NOR,2014-Q1,1.355367098150774,4.778865952783902,4.400764352526762
NOR,2014-Q2,1.3448818617979557,4.784151414140631,4.410040325840092
NOR,2014-Q3,1.3073594435043587,4.7700726257526975,4.434064304734289
NOR,2014-Q4,1.2726719731473477,4.766931899494161,4.446821056122331
NOR,2015-Q1,1.319640432359365,4.785658268633295,4.427274851595934
NOR,2015-Q2,1.2996859838417396,4.7927761576956,4.4460540658617775
NOR,2015-Q3,1.3193069787644303,4.809464417305049,4.434083156452061
NOR,2015-Q4,1.3585717486627487,4.853993228995359,4.431323587372776
NOR,2016-Q1,1.3462678613369363,4.827708396761137,4.438076590466552
NOR,2016-Q2,1.3477713464042516,4.86505264826051,4.471011602813311
NOR,2016-Q3,1.3248055699910193,4.872139767010974,4.520660381153392
NOR,2016-Q4,1.2927508696312944,4.859164086044511,4.532761227040435
NOR,2017-Q1,1.254292259997561,4.837557813529731,4.533013277759629
NOR,2017-Q2,1.2387804021514226,4.83877540571419,4.544030862486838
NOR,2017-Q3,1.2654236278889874,4.8622084079526795,4.560345693874946
NOR,2017-Q4,1.2694331003063872,4.864657425545129,4.558535679491588
NOR,2018-Q1,1.270629445696224,4.899880524150076,4.588463849830274
NOR,2018-Q2,1.244368917717258,4.875857010349044,4.594914911218145
NOR,2018-Q3,1.2450284705740693,4.880615231392123,4.605381057554515
NOR,2018-Q4,1.2226051334074115,4.86056736250386,4.618369921335332
NOR,2019-Q1,1.2362943528922932,4.872840000156359,4.627693720494549
NOR,2019-Q2,1.232883581124494,4.895577747958305,4.643277828001594
NOR,2019-Q3,1.2186692642022563,4.892162512084684,4.6370190302033905
NOR,2019-Q4,1.1741448234357181,4.845078234952141,4.6316445038942
DNK,2005-Q1,1.2875604228637414,4.539042075987433,4.203624107378939
DNK,2005-Q2,1.2721193914085767,4.543069028956023,4.216969724457617
DNK,2005-Q3,1.273305157813023,4.548724968864255,4.212425102899347
DNK,2005-Q4,1.252469986311406,4.5385550621702535,4.219377411129313
DNK,2006-Q1,1.28059459004061,4.538947047886138,4.226790773064516
DNK,2006-Q2,1.2751840816782343,4.525462385000772,4.226274656059771
DNK,2006-Q3,1.2860776216778502,4.5482663532232674,4.217518171075975
DNK,2006-Q4,1.3049600490070399,4.573971339917742,4.210160055291231
DNK,2007-Q1,1.2918959380740966,4.54204758267298,4.199417176559013
DNK,2007-Q2,1.2941187786560198,4.528457365469132,4.189939843435557
DNK,2007-Q3,1.2716470655479724,4.50352678036733,4.191932169084817
DNK,2007-Q4,1.2664604287578949,4.495526301679192,4.184195769248156
DNK,2008-Q1,1.254410113154886,4.4988575422833845,4.197426550233845
DNK,2008-Q2,1.2081363116174393,4.4748646378894135,4.222735242563885
DNK,2008-Q3,1.2000995054274177,4.461427441626907,4.2170344439433345
DNK,2008-Q4,1.155167070703703,4.446348294185277,4.223625511451365
DNK,2009-Q1,1.1574285942170228,4.455493640773256,4.234120788105909
DNK,2009-Q2,1.1500473963630273,4.461880527513982,4.244200822169699
DNK,2009-Q3,1.1441578594375765,4.452445776447236,4.24834015118844
DNK,2009-Q4,1.172033696653943,4.4609821938900245,4.262480387463836
DNK,2010-Q1,1.1531243465349788,4.455048592198279,4.2727141217540465
DNK,2010-Q2,1.1595266572509932,4.454615489991758,4.257149185419137
DNK,2010-Q3,1.1882010035839594,4.493084531797728,4.273186526384976
DNK,2010-Q4,1.2036795777580689,4.524893752833535,4.289495888943978
DNK,2011-Q1,1.1904964116027348,4.503902128094983,4.281046597381299
DNK,2011-Q2,1.2099409703706194,4.525496776452566,4.284615664913013
DNK,2011-Q3,1.2334091808438343,4.546724707542397,4.29786559980518
DNK,2011-Q4,1.1945524523538018,4.5287594417673445,4.297725892511489
DNK,2012-Q1,1.1981567206277133,4.550134994642441,4.31682056322798
DNK,2012-Q2,1.182383509789457,4.585893633010692,4.3552786506472705
DNK,2012-Q3,1.1793897086662797,4.568442736885804,4.346488860157746
DNK,2012-Q4,1.1729804428735477,4.555092680465519,4.3287731911104395
DNK,2013-Q1,1.1882471753613277,4.580445909802389,4.336330470044513
DNK,2013-Q2,1.1843059604541077,4.590875816018902,4.350153907621405
DNK,2013-Q3,1.213124169419608,4.606905341523692,4.349690912013734
DNK,2013-Q4,1.2081914025409055,4.618717125851702,4.374489821963549
DNK,2014-Q1,1.2220807408716017,4.631531044270265,4.357410734967701
DNK,2014-Q2,1.188961466875767,4.610001601704043,4.370804514313175
DNK,2014-Q3,1.214613357203192,4.635947955836471,4.364716602001791
DNK,2014-Q4,1.2042575746179054,4.664339755685027,4.393507270594901
DNK,2015-Q1,1.17522706835302,4.664751940803666,4.426395000892422
DNK,2015-Q2,1.1893542480329753,4.668882401807388,4.417895152075673
DNK,2015-Q3,1.197375256670141,4.643260251756273,4.412651795037044
DNK,2015-Q4,1.1967088280307083,4.65854534687663,4.428545613341741
DNK,2016-Q1,1.19781076953212,4.674986495710913,4.425738653594898
DNK,2016-Q2,1.1946742354711513,4.678742675370927,4.4280574853259145
DNK,2016-Q3,1.2314403319634515,4.706229742568337,4.431438311634051
DNK,2016-Q4,1.275086378383341,4.704548197948738,4.405643214291087
DNK,2017-Q1,1.2655145478291143,4.72084031646661,4.408435648099673
DNK,2017-Q2,1.2383777062527646,4.705447029692768,4.401089731488711
DNK,2017-Q3,1.271449771186956,4.709975986675283,4.396692889152715
DNK,2017-Q4,1.2503970819278336,4.711488901517226,4.421347369204748
DNK,2018-Q1,1.2646339878560453,4.720995059958045,4.405499765790559
DNK,2018-Q2,1.25329279050939,4.718604521381378,4.420697843591778
DNK,2018-Q3,1.2295172076214018,4.720975069467944,4.419513399636801
DNK,2018-Q4,1.2594943835831376,4.742496012896774,4.418316997109364
DNK,2019-Q1,1.249229858063884,4.73876072815201,4.43317257555014
DNK,2019-Q2,1.2257904726639262,4.711629186137237,4.441273344968673
DNK,2019-Q3,1.2430963430947817,4.751620864221345,4.452832539926966
DNK,2019-Q4,1.2614098570110859,4.784249945795155,4.470355309834959
BEL,2005-Q1,0.9908806144054794,4.361186306091062,4.325538375567431
BEL,2005-Q2,0.9566064328558826,4.3462699981952575,4.349588925119309
BEL,2005-Q3,0.944397084602773,4.36429272303173,4.363057474207395
BEL,2005-Q4,0.9814009084837269,4.386461745364864,4.359411813890468
BEL,2006-Q1,0.9922900915974592,4.386769333965716,4.355219419379479
BEL,2006-Q2,0.978787139094971,4.392534093864916,4.36266805255659
BEL,2006-Q3,0.9443202099651052,4.368562265572245,4.372615824485604
BEL,2006-Q4,0.9390318946452404,4.367568732612109,4.378575208470072
BEL,2007-Q1,0.9355714983723384,4.3715646402712744,4.386244838571716
BEL,2007-Q2,0.969320895402698,4.428980502091874,4.414744199190362
BEL,2007-Q3,0.9473665028362016,4.411741161576391,4.4338173464738855
BEL,2007-Q4,0.9823451798634483,4.446024706351439,4.439676880342861
BEL,2008-Q1,0.9708111036950315,4.470961881820755,4.456796539054373
BEL,2008-Q2,0.9997084671267679,4.481574609910558,4.44430868050146
BEL,2008-Q3,1.0420383481060762,4.521747019594461,4.453277586250662
BEL,2008-Q4,1.0227080782549802,4.534189129046598,4.483417181496659
BEL,2009-Q1,1.0416607208041255,4.546972312959956,4.483146493065774
BEL,2009-Q2,1.0686548560216402,4.550909899899605,4.473431984136488
BEL,2009-Q3,1.1043613855469763,4.5803812775479775,4.466650650807591
BEL,2009-Q4,1.1365089292623252,4.6073106622241955,4.453306155247455
BEL,2010-Q1,1.1400361753540422,4.599797116474271,4.44453472662554
BEL,2010-Q2,1.113795400784847,4.578412172582295,4.44197710514669
BEL,2010-Q3,1.1264200289172441,4.579352559834382,4.423893599859011
BEL,2010-Q4,1.1039523247449028,4.568351788546429,4.427127874868255
BEL,2011-Q1,1.104533091078653,4.572081297054122,4.443662032475054
BEL,2011-Q2,1.130449567029799,4.601830059747805,4.43304568977285
BEL,2011-Q3,1.113908198368319,4.597684026646069,4.4588349486274765
BEL,2011-Q4,1.106440559711213,4.601827559019837,4.469496829955391
BEL,2012-Q1,1.0744860998455255,4.607988013716005,4.487955538739752
BEL,2012-Q2,1.1072324464311007,4.629956631360111,4.48108802043197
BEL,2012-Q3,1.0295371707825594,4.590018844680419,4.496905898837969
BEL,2012-Q4,1.047679791244015,4.582884838785112,4.4835268903320395
BEL,2013-Q1,1.0514773197342175,4.592110512630701,4.499880602844588
BEL,2013-Q2,1.0677733313894542,4.6211120917592385,4.505458192941491
BEL,2013-Q3,1.053805966492156,4.616274042809114,4.5167569612412635
BEL,2013-Q4,1.0557335454804577,4.583742988688277,4.5021230421568905
BEL,2014-Q1,1.0728320804711435,4.6011372176076,4.491696994522742
BEL,2014-Q2,1.0401295814989326,4.593429969831087,4.503655417796542
BEL,2014-Q3,1.0488413987303524,4.57463663664928,4.49243019773318
BEL,2014-Q4,1.0476115856801875,4.567149728855015,4.502378292114667
BEL,2015-Q1,1.0581828628250554,4.568459221701898,4.484871225017764
BEL,2015-Q2,1.0396713320206528,4.561364328411134,4.500593838207764
BEL,2015-Q3,1.022362172374877,4.5222530072691525,4.485105988486237
BEL,2015-Q4,1.0175994140090094,4.545194331206895,4.496390487551429
BEL,2016-Q1,1.026790526534707,4.5756918320324695,4.508774951556119
BEL,2016-Q2,1.063189000116535,4.593722271859259,4.501323374279676
BEL,2016-Q3,1.0458878053923217,4.575968558450763,4.5130537727859465
BEL,2016-Q4,1.037258048611414,4.576938727771812,4.51996040673595
BEL,2017-Q1,1.0308979935065843,4.581808301467222,4.514877778893059
BEL,2017-Q2,1.077252376560788,4.598784189258461,4.502749458631916
BEL,2017-Q3,1.1089533741164,4.617150999032822,4.476310073256828
BEL,2017-Q4,1.0838098402820526,4.607467523057252,4.484554823966324
BEL,2018-Q1,1.112645834132868,4.614107434185524,4.464082782395893
BEL,2018-Q2,1.1356863339022842,4.628253042277828,4.468512945387513
BEL,2018-Q3,1.1730801974129392,4.662369488720763,4.467561222146279
BEL,2018-Q4,1.176220067494498,4.681459619517258,4.4807483637778525
BEL,2019-Q1,1.197081930673564,4.7022407532647685,4.479217681285505
BEL,2019-Q2,1.2004874742700562,4.708917285823356,4.477275964490299
BEL,2019-Q3,1.221215951038441,4.742126468727426,4.491254025054624
BEL,2019-Q4,1.1965564886992888,4.755321724646615,4.4992798954908855
AUT,2005-Q1,1.0738259834668766,4.45550888113953,4.324132193491678
AUT,2005-Q2,1.0922694681909781,4.456419456719808,4.318889089372745
AUT,2005-Q3,1.1210704519164614,4.496528970686118,4.3201376006358165
AUT,2005-Q4,1.1679791452631985,4.5329893651904145,4.31360423301475
AUT,2006-Q1,1.1118665782364614,4.528673253808051,4.342687003292551
AUT,2006-Q2,1.1147929786197428,4.530656499576717,4.340868361800783
AUT,2006-Q3,1.0927484188192427,4.534177548264549,4.37135671745297
AUT,2006-Q4,1.0681626310378656,4.530144358741357,4.386568993884745
AUT,2007-Q1,1.0628256749518321,4.539044858421919,4.396799994794776
AUT,2007-Q2,1.0440117861479292,4.528879217044167,4.405330992004539
AUT,2007-Q3,1.027010167672416,4.511266910345417,4.414237951477783
AUT,2007-Q4,1.0722466167608145,4.528721134823422,4.388322862787598
AUT,2008-Q1,1.0718184323524715,4.546311726507858,4.387139611875337
AUT,2008-Q2,1.0327886394948778,4.5352254113146575,4.402816981443102
AUT,2008-Q3,1.0599812799423796,4.558132519929909,4.405083523690991
AUT,2008-Q4,1.0856595425563311,4.550500965346603,4.387005675988938
AUT,2009-Q1,1.0721193784346081,4.5605642701073625,4.389219609230276
AUT,2009-Q2,1.072469747659959,4.581971150359611,4.417781191974108
AUT,2009-Q3,1.0600824940310598,4.586298899065537,4.4394845677071295
AUT,2009-Q4,1.094745090140369,4.60039371730836,4.441554507566639
AUT,2010-Q1,1.0702575646157297,4.595065124430608,4.458826246722511
AUT,2010-Q2,1.0801849107735146,4.596135792762046,4.456328641416991
AUT,2010-Q3,1.1056598282763526,4.597018604144439,4.43377056761459
AUT,2010-Q4,1.085300837591175,4.587087037213633,4.422903577792646
AUT,2011-Q1,1.0744036702622048,4.5885515539513175,4.449346909320269
AUT,2011-Q2,1.053870246623292,4.562579187974042,4.44823701309283
AUT,2011-Q3,1.0556569849909048,4.5577561130312,4.447586253402204
AUT,2011-Q4,1.0948080762691321,4.5570586031638065,4.4460886804580815
AUT,2012-Q1,1.029864645657329,4.556935008113899,4.4776507293016765
AUT,2012-Q2,1.0174529581992688,4.557105059196483,4.505040113032107
AUT,2012-Q3,0.9751798806415793,4.56086977519928,4.54132181653383
AUT,2012-Q4,0.9880728903562004,4.575458605561002,4.541936138377829
AUT,2013-Q1,0.9990434038484313,4.597948947043652,4.549370505709035
AUT,2013-Q2,1.0041506742103596,4.5899536425066865,4.529620867467724
AUT,2013-Q3,0.9538237304227036,4.5708896253989035,4.554774883859498
AUT,2013-Q4,0.957216714883308,4.555048737154041,4.540258190590479
AUT,2014-Q1,0.9310562242860366,4.550304678730143,4.546509824046919
AUT,2014-Q2,0.95453950538428,4.548266252373812,4.533050286132426
AUT,2014-Q3,0.9467483694153978,4.537866331049863,4.527217283731346
AUT,2014-Q4,0.9259892713223841,4.516943997764865,4.517658347265601
AUT,2015-Q1,0.9282085576018513,4.512821581215381,4.511540218355464
AUT,2015-Q2,0.9591520530431187,4.521450113617661,4.506453377808229
AUT,2015-Q3,0.9754115169891455,4.538350702934372,4.501229345884353
AUT,2015-Q4,0.9585953241963397,4.532202241872206,4.516729354561058
AUT,2016-Q1,0.9613968045724042,4.528942285429337,4.50315641266512
AUT,2016-Q2,0.9511854446927371,4.515408319252391,4.509464534070328
AUT,2016-Q3,0.9403046422810657,4.519779535844895,4.530733921354911
AUT,2016-Q4,0.9488771838062972,4.507810963161079,4.52603597588721
AUT,2017-Q1,0.9639570137633217,4.524273519425903,4.518267192525997
AUT,2017-Q2,0.9357336840366048,4.4935561895872205,4.517809323148293
AUT,2017-Q3,0.908564631323939,4.4913635961381715,4.538505201273703
AUT,2017-Q4,0.9226567992699698,4.502385742922006,4.544416815738003
AUT,2018-Q1,0.9224418072593629,4.511062433248456,4.53944860131889
AUT,2018-Q2,0.9759807800466932,4.569923106528066,4.549706751086711
AUT,2018-Q3,0.9955696511885368,4.581919107019424,4.536172368839164
AUT,2018-Q4,0.9644141996671908,4.566838015082583,4.549392761495809
AUT,2019-Q1,0.9579374348759481,4.569928730140801,4.558521871111336
AUT,2019-Q2,0.9303276552297315,4.539403803471472,4.556904744044252
AUT,2019-Q3,0.9405183667942387,4.5427918084855365,4.547325957067544
AUT,2019-Q4,0.9405236254530136,4.531130687345521,4.5370257432332926
FIN,2005-Q1,1.3816304696976507,4.736717708634328,4.398544968561522
FIN,2005-Q2,1.3618796132550703,4.723932892069761,4.402625521480778
FIN,2005-Q3,1.3791968698447254,4.748038903234516,4.402442386932261
FIN,2005-Q4,1.4333031611787344,4.770559839085111,4.391163610031928
FIN,2006-Q1,1.4518918852274907,4.805013252600131,4.395325817809711
FIN,2006-Q2,1.432766500567428,4.797933640080746,4.402192105911853
FIN,2006-Q3,1.4527756553763682,4.798342666973539,4.386565697279629
FIN,2006-Q4,1.4056895437891415,4.7705529837230305,4.394578343538302
FIN,2007-Q1,1.4023350480888621,4.767703561601813,4.395249457805931
FIN,2007-Q2,1.460131139880673,4.792634971813402,4.36963234443777
FIN,2007-Q3,1.4642771685499167,4.788305064228838,4.359726569276078
FIN,2007-Q4,1.4866846956745643,4.806114660132854,4.356522486274754
FIN,2008-Q1,1.4531755599125362,4.807304598012898,4.387837801134856
FIN,2008-Q2,1.4410883904942582,4.818785738577329,4.399186098002863
FIN,2008-Q3,1.4499734122593508,4.800831910781016,4.382153874466365
FIN,2008-Q4,1.4675850937312793,4.807536099773693,4.39244441880763
FIN,2009-Q1,1.4304452455130632,4.7527133803556785,4.372234858973554
FIN,2009-Q2,1.412766899362165,4.753975457192439,4.3914752247818605
FIN,2009-Q3,1.3941088506182764,4.7263659923181365,4.387408355004593
FIN,2009-Q4,1.4054319337108672,4.755485882649073,4.389003812173505
FIN,2010-Q1,1.4214706375511845,4.7760340297043635,4.411890761886638
FIN,2010-Q2,1.449973906650913,4.790367449343685,4.395583308357875
FIN,2010-Q3,1.5161497621496092,4.825787573886872,4.37762653558118
FIN,2010-Q4,1.4932357934073412,4.811809243470376,4.3718725456859895
FIN,2011-Q1,1.5298355840265074,4.851756507428687,4.390448228451279
FIN,2011-Q2,1.5735002887569387,4.875400338713894,4.370658037319127
FIN,2011-Q3,1.6111918405215437,4.875669232969515,4.331175703347468
FIN,2011-Q4,1.6380396965024737,4.903381635913174,4.327408320471333
FIN,2012-Q1,1.6015698326440961,4.8862557656649415,4.338684432469997
FIN,2012-Q2,1.577918708804906,4.874765482434388,4.35968835871608
FIN,2012-Q3,1.5702827768313474,4.867593687969594,4.355740938284799
FIN,2012-Q4,1.5437122354844226,4.862014133808313,4.352569539178059
FIN,2013-Q1,1.4988577336295132,4.845882980953108,4.372878050191896
FIN,2013-Q2,1.5567885409718865,4.875344642295014,4.3478319246964645
FIN,2013-Q3,1.5667938262993428,4.875167554287617,4.345004113068719
FIN,2013-Q4,1.5744698857919253,4.887217653654754,4.350860471417595
FIN,2014-Q1,1.5721177933633357,4.88081062632648,4.3605987522368705
FIN,2014-Q2,1.5233073522151772,4.849398560315509,4.355951651839008
FIN,2014-Q3,1.5357069493383195,4.8597997074833374,4.359468267014596
FIN,2014-Q4,1.521031634103828,4.826554607974942,4.325143356713401
FIN,2015-Q1,1.5462810063567356,4.830181927053233,4.318269630528393
FIN,2015-Q2,1.5158941936852273,4.807815626276577,4.32807226121671
FIN,2015-Q3,1.5787622942037498,4.852561146261193,4.31633785070289
FIN,2015-Q4,1.5897415750113213,4.875788400704687,4.320222614026735
FIN,2016-Q1,1.6027327950287307,4.8829034765301165,4.329925701538775
FIN,2016-Q2,1.643673226111516,4.91317761008321,4.327787463525908
FIN,2016-Q3,1.6275777880485607,4.901251290533895,4.333344420090857
FIN,2016-Q4,1.6487292352383942,4.917120878107297,4.321903431611587
FIN,2017-Q1,1.6606069682258084,4.926117086781671,4.321804262416147
FIN,2017-Q2,1.6478142773581375,4.936397488408344,4.333957504959986
FIN,2017-Q3,1.6808873402504727,4.96684455841048,4.339312099374513
FIN,2017-Q4,1.719860814815869,4.986494400466076,4.333514130331054
FIN,2018-Q1,1.7279513030909983,4.997268873722576,4.339877376395416
FIN,2018-Q2,1.6707077599671112,4.96917112499801,4.353596523254965
FIN,2018-Q3,1.6843674978331482,4.954970199092421,4.3258474040763035
FIN,2018-Q4,1.6500597007916527,4.957516020420506,4.346233515050642
FIN,2019-Q1,1.666099032730075,4.964383467906039,4.344189693970426
FIN,2019-Q2,1.642884384615733,4.946779393412561,4.35357204296903
FIN,2019-Q3,1.6545952595130933,5.0000129269241285,4.374530746823709
FIN,2019-Q4,1.700183802701149,5.0353408080292,4.356955641365252
IRL,2005-Q1,1.127141293431577,4.457529165488435,4.269914025285917
IRL,2005-Q2,1.147352092382893,4.467558637667245,4.261627496725622
IRL,2005-Q3,1.1769744878708466,4.468673255027674,4.242625718866387
IRL,2005-Q4,1.1554102238467905,4.458557425024507,4.238104686663103
IRL,2006-Q1,1.1669723845688647,4.484531567552838,4.255734373540273
IRL,2006-Q2,1.2041305496809063,4.522639709814604,4.266468794866932
IRL,2006-Q3,1.1793779370913748,4.517968480137673,4.284145126547353
IRL,2006-Q4,1.1881779620343385,4.510725141794577,4.294977264736362
IRL,2007-Q1,1.1899999906576322,4.525549295102817,4.281422217308407
IRL,2007-Q2,1.1984844988361956,4.523388707507877,4.279460378943494
IRL,2007-Q3,1.2031625192729025,4.525600763494612,4.270757392006732
IRL,2007-Q4,1.2050782619283884,4.545393826529105,4.293716015567317
IRL,2008-Q1,1.187093752070367,4.51220670477896,4.278764185870923
IRL,2008-Q2,1.1904852472755028,4.543572751276013,4.29516965121176
IRL,2008-Q3,1.1820677154403951,4.5500263617626,4.311563959263391
IRL,2008-Q4,1.128590787095789,4.546796498871356,4.3420082622891325
IRL,2009-Q1,1.1457009587211644,4.550011815786927,4.3388629633996905
IRL,2009-Q2,1.140738512156317,4.554260402887338,4.352547795793393
IRL,2009-Q3,1.080426384675773,4.52463637681844,4.389772573341476
IRL,2009-Q4,1.1303600292387903,4.559535141367505,4.383507948187471
IRL,2010-Q1,1.1554463391503755,4.565361654012917,4.363482344474486
IRL,2010-Q2,1.1917751635510567,4.579221696621865,4.33828219396587
IRL,2010-Q3,1.1899119428632041,4.603252692033346,4.35197287439879
IRL,2010-Q4,1.192881947596509,4.587829442882139,4.3267256212779115
IRL,2011-Q1,1.2241279257440885,4.602298880862843,4.324140835483843
IRL,2011-Q2,1.2266456420367797,4.6019460590448675,4.333700533289427
IRL,2011-Q3,1.2347601312098562,4.623881474549197,4.339478166341876
IRL,2011-Q4,1.1850447363805545,4.586336926142168,4.348859839304638
IRL,2012-Q1,1.1702699098945881,4.589355040137342,4.3551941871416515
IRL,2012-Q2,1.1537832069309315,4.582298627021663,4.377377174341352
IRL,2012-Q3,1.1825666995851458,4.595943886034346,4.36609242863027
IRL,2012-Q4,1.2195779580884227,4.61034476978171,4.358937501553392
IRL,2013-Q1,1.201638740109933,4.601192251885269,4.35034760987433
IRL,2013-Q2,1.169781923197311,4.591948774601748,4.365800487052269
IRL,2013-Q3,1.1571448514998628,4.594735467230602,4.3823064658781945
IRL,2013-Q4,1.13935161346552,4.581802622684298,4.392074845667972
IRL,2014-Q1,1.1352529010296966,4.60364229659334,4.412827250671321
IRL,2014-Q2,1.1373362485632708,4.601258152584391,4.3981566376606755
IRL,2014-Q3,1.0665896236696575,4.548118388197958,4.426164999333943
IRL,2014-Q4,1.0439229323640182,4.545621947065522,4.452013578659627
IRL,2015-Q1,1.0017184617640957,4.529851070648642,4.466047908618314
IRL,2015-Q2,0.958403645882954,4.502225554339423,4.495774892249879
IRL,2015-Q3,0.9684783991563295,4.482477021574971,4.473925544134713
IRL,2015-Q4,0.9757560250633036,4.489665191011631,4.469058822090773
IRL,2016-Q1,1.0114673212882421,4.521238007576596,4.461029270180544
IRL,2016-Q2,1.0109296694214016,4.532501697053895,4.474851460036904
IRL,2016-Q3,1.0038086982959513,4.52537162928958,4.462099348942871
IRL,2016-Q4,1.0035615903348891,4.539489713192994,4.4764617761829335
IRL,2017-Q1,0.9539956564957363,4.535307906988614,4.500019818342884
IRL,2017-Q2,0.9466857376799589,4.526415899605351,4.513447861844144
IRL,2017-Q3,0.9074698227290504,4.508328646240692,4.520704127199067
IRL,2017-Q4,0.9101897998543071,4.478292070105657,4.5088860270855555
IRL,2018-Q1,0.9134156081937904,4.475493595974468,4.499183262593675
IRL,2018-Q2,0.8984419881182506,4.483654665772871,4.520927546173125
IRL,2018-Q3,0.8816853260116939,4.486722192372573,4.535617781231705
IRL,2018-Q4,0.8757544630116586,4.483402853813626,4.538032488441043
IRL,2019-Q1,0.8820361151126866,4.46948793259969,4.534763845254554
IRL,2019-Q2,0.8993743081161583,4.486652856433389,4.507376727157884
IRL,2019-Q3,0.9096925021748969,4.465310218034458,4.494313940877618
IRL,2019-Q4,0.9021709874189888,4.485830776311327,4.525985227184713
PRT,2005-Q1,1.2102976434867525,4.318946752821418,4.192468760695076
PRT,2005-Q2,1.1694318580814795,4.3008797426094985,4.202341282416906
PRT,2005-Q3,1.2074301577097108,4.328626033456793,4.190645464046154
PRT,2005-Q4,1.2317386758697941,4.340397090982511,4.176345477998068
PRT,2006-Q1,1.244357895636014,4.3266385794517825,4.154035312791407
PRT,2006-Q2,1.2854767259138542,4.335971078959875,4.130126925323389
PRT,2006-Q3,1.292731566071525,4.320456025287069,4.112795212776705
PRT,2006-Q4,1.309247860203726,4.347472453255522,4.105159898412247
PRT,2007-Q1,1.3188811061138865,4.373699872552985,4.137458785475146
PRT,2007-Q2,1.3422890033860282,4.389339996529423,4.132570590336718
PRT,2007-Q3,1.3621913097430125,4.401573217754363,4.1382368419307385
PRT,2007-Q4,1.393339249947978,4.44179698025171,4.147244062728333
PRT,2008-Q1,1.3998902239606046,4.446790706799474,4.152210040521571
PRT,2008-Q2,1.3776328745808912,4.428153224291058,4.154048388610682
PRT,2008-Q3,1.4141015005915218,4.442142702547704,4.139118982156694
PRT,2008-Q4,1.433103596066223,4.488863643538446,4.1638828953808815
PRT,2009-Q1,1.3794303451190344,4.473568453674729,4.19399084503545
PRT,2009-Q2,1.4173553918656598,4.471339198340849,4.17175096462361
PRT,2009-Q3,1.4417508606773797,4.484668119102878,4.1593905357603145
PRT,2009-Q4,1.4428112752506415,4.488590022122763,4.15819338062466
PRT,2010-Q1,1.4182917316837262,4.473943950515216,4.1467253137010065
PRT,2010-Q2,1.4200802962791301,4.501381107639825,4.157314797002845
PRT,2010-Q3,1.4846740482924714,4.552781922080171,4.149390713966746
PRT,2010-Q4,1.460337091787942,4.561704551260649,4.184866554983845
PRT,2011-Q1,1.4203524381827661,4.548623185465929,4.205724783898999
PRT,2011-Q2,1.3915041286417058,4.5226439749648595,4.211913394358483
PRT,2011-Q3,1.4000589545942934,4.532803494589283,4.230318188308279
PRT,2011-Q4,1.4103758207548975,4.559881041455608,4.249906694673639
PRT,2012-Q1,1.4139537561243956,4.574384396385515,4.244447482352765
PRT,2012-Q2,1.4269746924833475,4.579336319567138,4.235204223684636
PRT,2012-Q3,1.4082605651223599,4.572550886531351,4.239376369629181
PRT,2012-Q4,1.3742358323785093,4.555707613876989,4.25530091149665
PRT,2013-Q1,1.389705952677581,4.577402640403487,4.260386817476451
PRT,2013-Q2,1.4321987329950767,4.600678072831198,4.239731870243586
PRT,2013-Q3,1.4065452864866748,4.574763477097384,4.2306895035843235
PRT,2013-Q4,1.4465796137050606,4.611560256660997,4.232579910630408
PRT,2014-Q1,1.4604560609251371,4.628041681078877,4.23444492656552
PRT,2014-Q2,1.4366534377607723,4.661033573981793,4.2670330592173675
PRT,2014-Q3,1.4654804406812898,4.639191019012091,4.249243240081383
PRT,2014-Q4,1.4459539123705576,4.616874535903782,4.259827078708922
PRT,2015-Q1,1.4173487811564514,4.618895149708436,4.285163775333846
PRT,2015-Q2,1.3955815873839839,4.6339508382463395,4.3222355215151875
PRT,2015-Q3,1.4278442359293797,4.6748780547048785,4.3191695601674285
PRT,2015-Q4,1.4570567741835319,4.693999632981181,4.329541001958232
PRT,2016-Q1,1.4619960826969907,4.694146007444941,4.341087407316212
PRT,2016-Q2,1.4345680604904836,4.678618623291623,4.347019633289511
PRT,2016-Q3,1.467141230666921,4.7082186347460055,4.348536955270921
PRT,2016-Q4,1.437968389149317,4.693924526230991,4.358076586113422
PRT,2017-Q1,1.491663957832898,4.7314938973264375,4.323092894835127
PRT,2017-Q2,1.473793997605838,4.730806204334307,4.336323937186067
PRT,2017-Q3,1.508384626441829,4.767617845786664,4.341216605740996
PRT,2017-Q4,1.5233057779965289,4.78619647158785,4.340879482289322
PRT,2018-Q1,1.4914256612962589,4.788456561799001,4.374582415225116
PRT,2018-Q2,1.494128189557914,4.783068634362478,4.367458404943258
PRT,2018-Q3,1.496137894234828,4.781250476815557,4.3644122651072825
PRT,2018-Q4,1.4787095041043934,4.794816810663061,4.397285564640353
PRT,2019-Q1,1.484919920921147,4.801359940587416,4.387804645067606
PRT,2019-Q2,1.479861768300263,4.794483712426041,4.382552915823558
PRT,2019-Q3,1.4726752826871616,4.796171084219688,4.383347534472096
PRT,2019-Q4,1.480604337072715,4.802742624814071,4.398958551704039
GRC,2005-Q1,0.8381113942554006,4.184152958723951,4.415359034331693
GRC,2005-Q2,0.759092536412392,4.137090216967405,4.440124055903663
GRC,2005-Q3,0.7633305188681916,4.134864005728058,4.456315311520724
GRC,2005-Q4,0.7755749985474467,4.138580322502282,4.443154670365953
GRC,2006-Q1,0.7412873244494969,4.123368358103703,4.466802117116246
GRC,2006-Q2,0.7157558965767895,4.118063990227538,4.474499099216444
GRC,2006-Q3,0.7293932234431905,4.153667894204806,4.487805086154328
GRC,2006-Q4,0.7352496182336743,4.17196643745084,4.512803199043507
GRC,2007-Q1,0.71990560458434,4.158475155163278,4.499129495300804
GRC,2007-Q2,0.6889661247363584,4.131523171771369,4.501592111620207
GRC,2007-Q3,0.6958225923486571,4.129982825419174,4.496620293349819
GRC,2007-Q4,0.7202422970356818,4.130713689832165,4.476102401969338
GRC,2008-Q1,0.7262806364757987,4.145637673579431,4.484303051633412
GRC,2008-Q2,0.6851705883616468,4.139931339328077,4.524976399907178
GRC,2008-Q3,0.7316608498713663,4.155161330835314,4.500375233739592
GRC,2008-Q4,0.7779273304191554,4.198864411636519,4.5028910245738505
GRC,2009-Q1,0.7729802267072368,4.220174432085404,4.515499168599972
GRC,2009-Q2,0.7696344845488917,4.224212661938789,4.520345341624815
GRC,2009-Q3,0.7826811162227977,4.2255496525177225,4.52164842083708
GRC,2009-Q4,0.803143646462922,4.223416189834125,4.5051601753853925
GRC,2010-Q1,0.8068650204077371,4.252029008083167,4.511651976529495
GRC,2010-Q2,0.8120338544501946,4.244482739164141,4.503300516874257
GRC,2010-Q3,0.827544633021974,4.250387193344141,4.473451691299578
GRC,2010-Q4,0.8187315584382123,4.256411151381762,4.494370574607284
GRC,2011-Q1,0.8190857039116327,4.2513754675255315,4.511746361904915
GRC,2011-Q2,0.7803408126001329,4.22892615656785,4.515521276557681
GRC,2011-Q3,0.7777354130764385,4.2403856466402035,4.521957396880767
GRC,2011-Q4,0.773043953228168,4.244165567203096,4.5410721670715
GRC,2012-Q1,0.7660657276431027,4.259170376591827,4.5474372619231715
GRC,2012-Q2,0.7420013649606576,4.253498370463044,4.5639975252445915
GRC,2012-Q3,0.7838895203621246,4.282914796439305,4.562535292231484
GRC,2012-Q4,0.7440736662950358,4.270379320815068,4.5852150483100935
GRC,2013-Q1,0.7762654090362173,4.3096201264954255,4.593026834199084
GRC,2013-Q2,0.7507373627256944,4.27966739629886,4.598937613353172
GRC,2013-Q3,0.7844921082078188,4.293362797589998,4.5828866970224915
GRC,2013-Q4,0.792955006673628,4.30787141124053,4.590191034837018
GRC,2014-Q1,0.7863448181624342,4.296960269881712,4.580711711074601
GRC,2014-Q2,0.8098739121226168,4.310448148638932,4.574137470176674
GRC,2014-Q3,0.847183864002399,4.341038522034135,4.564906835751932
GRC,2014-Q4,0.8248986549359475,4.301702145247054,4.551913311773444
GRC,2015-Q1,0.7983749543095704,4.31675704139687,4.586784882818699
GRC,2015-Q2,0.7289881644688707,4.2718916249902685,4.609754968748525
GRC,2015-Q3,0.6737095664315269,4.257578328919804,4.641560481280688
GRC,2015-Q4,0.729773968244036,4.2951616562178225,4.626217055987355
GRC,2016-Q1,0.7135059432461145,4.288526015549981,4.630285862236018
GRC,2016-Q2,0.7045059978136734,4.270048416261801,4.613883247857957
GRC,2016-Q3,0.7218622700064833,4.271089661682107,4.606447824700001
GRC,2016-Q4,0.7847488103312084,4.317447788445378,4.595675919948753
GRC,2017-Q1,0.741252301048518,4.285814143501257,4.617269680045376
GRC,2017-Q2,0.7228411819726585,4.269787945268471,4.614326234873849
GRC,2017-Q3,0.74342605358474,4.304736578932063,4.63335192487926
GRC,2017-Q4,0.7782090839337649,4.346890625802818,4.645413738223088
GRC,2018-Q1,0.745809198297435,4.349822001317012,4.68296831950466
GRC,2018-Q2,0.734071856779394,4.330040947266479,4.663776656157564
GRC,2018-Q3,0.7610468342992861,4.376957817302662,4.685665154754366
GRC,2018-Q4,0.7812494614724514,4.413846665137646,4.705861767810377
GRC,2019-Q1,0.8103167401825689,4.432425604892891,4.6942610852399715
GRC,2019-Q2,0.7592464913730606,4.421177557914143,4.712368085287069
GRC,2019-Q3,0.7624927616857875,4.425196971097382,4.720410259732462
GRC,2019-Q4,0.7903064402208466,4.426989769476485,4.719998115833161
