id,period,treatment,earnings,education,age,female
1,0,1,4788.71,13.5,44.4,1
1,1,1,5252.19,13.5,44.4,1
2,0,1,5991.48,11.6,29.8,0
2,1,1,6123.01,11.6,29.8,0
3,0,0,6043.36,13.9,36.0,0
3,1,0,4885.95,13.9,36.0,0
4,0,1,5324.69,16.6,30.4,1
4,1,1,7441.81,16.6,30.4,1
5,0,1,4906.61,11.3,30.7,0
5,1,1,5661.02,11.3,30.7,0
6,0,1,6268.06,11.3,31.9,0
6,1,1,5262.62,11.3,31.9,0
7,0,0,6089.92,16.7,37.2,0
7,1,0,4916.25,16.7,37.2,0
8,0,0,6101.02,14.3,30.2,0
8,1,0,5759.13,14.3,30.2,0
9,0,1,4907.25,10.6,47.6,1
9,1,1,4620.41,10.6,47.6,1
10,0,1,4957.0,13.6,26.1,0
10,1,1,6079.36,13.6,26.1,0
11,0,1,3302.41,10.6,33.1,0
11,1,1,5194.12,10.6,33.1,0
12,0,0,4895.09,10.6,30.6,1
12,1,0,4558.56,10.6,30.6,1
13,0,1,6878.82,12.7,49.5,1
13,1,1,6675.86,12.7,49.5,1
14,0,0,4979.23,6.3,37.0,1
14,1,0,5317.5,6.3,37.0,1
15,0,0,4666.81,6.8,45.3,0
15,1,0,4099.51,6.8,45.3,0
16,0,0,4633.26,10.3,20.1,0
16,1,0,4749.18,10.3,20.1,0
17,0,1,3486.69,9.0,37.7,1
17,1,1,5448.38,9.0,37.7,1
18,0,0,5833.26,12.9,43.9,1
18,1,0,4711.44,12.9,43.9,1
19,0,0,5547.3,9.3,35.8,0
19,1,0,5698.33,9.3,35.8,0
20,0,1,6105.9,7.8,45.7,0
20,1,1,6032.43,7.8,45.7,0
21,0,0,5904.72,16.4,29.8,0
21,1,0,5946.62,16.4,29.8,0
22,0,0,6092.61,11.3,49.1,1
22,1,0,5458.38,11.3,49.1,1
23,0,0,6106.99,12.2,58.0,0
23,1,0,6585.12,12.2,58.0,0
24,0,1,4917.84,7.7,31.4,0
24,1,1,7203.07,7.7,31.4,0
25,0,1,4357.68,10.4,30.5,0
25,1,1,5395.72,10.4,30.5,0
26,0,0,5718.31,12.3,49.5,1
26,1,0,6214.45,12.3,49.5,1
27,0,1,4554.98,8.5,50.8,1
27,1,1,5392.1,8.5,50.8,1
28,0,1,4423.17,13.1,29.8,0
28,1,1,5899.19,13.1,29.8,0
29,0,0,5462.23,10.2,30.8,1
29,1,0,5314.14,10.2,30.8,1
30,0,1,4467.17,11.1,32.2,1
30,1,1,6636.08,11.1,32.2,1
31,0,1,4890.65,10.2,21.6,0
31,1,1,4597.62,10.2,21.6,0
32,0,1,5953.43,17.6,25.8,0
32,1,1,6554.97,17.6,25.8,0
33,0,0,5509.69,12.0,25.0,0
33,1,0,5948.62,12.0,25.0,0
34,0,1,4924.52,8.8,27.3,1
34,1,1,5566.42,8.8,27.3,1
35,0,1,5561.75,14.5,34.7,1
35,1,1,5657.24,14.5,34.7,1
36,0,0,4764.3,8.3,37.3,1
36,1,0,4939.15,8.3,37.3,1
37,0,0,5698.83,12.6,50.5,1
37,1,0,5915.45,12.6,50.5,1
38,0,0,5040.09,6.1,25.0,0
38,1,0,4504.96,6.1,25.0,0
39,0,0,5948.75,8.0,44.8,1
39,1,0,4829.32,8.0,44.8,1
40,0,1,5592.24,12.6,32.9,0
40,1,1,6058.79,12.6,32.9,0
41,0,0,5729.11,14.2,34.5,0
41,1,0,5670.31,14.2,34.5,0
42,0,0,5760.07,12.5,41.7,1
42,1,0,6155.31,12.5,41.7,1
43,0,1,3683.68,11.7,23.8,1
43,1,1,5098.15,11.7,23.8,1
44,0,0,5048.34,11.1,38.8,0
44,1,0,5495.9,11.1,38.8,0
45,0,1,5253.72,7.6,36.7,1
45,1,1,5516.15,7.6,36.7,1
46,0,0,5377.29,9.8,39.9,1
46,1,0,5644.79,9.8,39.9,1
47,0,0,5195.75,10.6,37.9,0
47,1,0,5510.09,10.6,37.9,0
48,0,0,5409.36,15.2,59.6,1
48,1,0,4314.75,15.2,59.6,1
49,0,0,5536.01,13.0,28.6,0
49,1,0,5729.01,13.0,28.6,0
50,0,0,4059.5,6.7,29.7,0
50,1,0,3335.49,6.7,29.7,0
51,0,1,5177.41,13.0,28.8,0
51,1,1,4659.91,13.0,28.8,0
52,0,1,4239.59,10.8,29.4,1
52,1,1,3126.1,10.8,29.4,1
53,0,0,5333.0,10.0,28.6,1
53,1,0,5206.15,10.0,28.6,1
54,0,1,4746.94,13.8,46.9,0
54,1,1,4979.33,13.8,46.9,0
55,0,1,6909.69,15.1,49.2,0
55,1,1,6768.42,15.1,49.2,0
56,0,1,5970.27,14.8,29.3,1
56,1,1,6210.85,14.8,29.3,1
57,0,0,3842.71,9.5,26.7,0
57,1,0,3541.16,9.5,26.7,0
58,0,0,6169.07,11.1,39.7,1
58,1,0,5866.45,11.1,39.7,1
59,0,0,4622.53,13.0,29.5,1
59,1,0,5072.38,13.0,29.5,1
60,0,1,7089.81,14.9,41.3,0
60,1,1,7079.02,14.9,41.3,0
61,0,1,5433.84,10.6,37.0,1
61,1,1,6594.9,10.6,37.0,1
62,0,0,3713.7,11.4,19.8,0
62,1,0,4921.53,11.4,19.8,0
63,0,0,6155.77,8.7,50.5,1
63,1,0,6221.91,8.7,50.5,1
64,0,1,4083.79,8.4,53.0,1
64,1,1,5012.75,8.4,53.0,1
65,0,1,4553.57,14.4,28.9,1
65,1,1,5620.48,14.4,28.9,1
66,0,1,5630.1,16.1,31.1,0
66,1,1,6860.57,16.1,31.1,0
67,0,1,4854.8,11.8,37.9,1
67,1,1,5541.95,11.8,37.9,1
68,0,0,5933.67,15.0,38.3,0
68,1,0,5412.72,15.0,38.3,0
69,0,1,7057.2,13.1,41.6,0
69,1,1,6602.45,13.1,41.6,0
70,0,1,5044.76,10.1,55.1,0
70,1,1,5658.71,10.1,55.1,0
71,0,0,5084.06,13.1,33.2,1
71,1,0,5787.51,13.1,33.2,1
72,0,1,6331.45,16.6,27.0,0
72,1,1,7673.47,16.6,27.0,0
73,0,1,4398.01,11.9,21.2,1
73,1,1,5367.03,11.9,21.2,1
74,0,0,5640.95,16.7,27.7,1
74,1,0,5452.52,16.7,27.7,1
75,0,1,3966.32,6.0,34.7,0
75,1,1,4552.06,6.0,34.7,0
76,0,1,6059.53,14.5,52.9,1
76,1,1,6279.12,14.5,52.9,1
77,0,1,4693.05,12.3,29.8,0
77,1,1,5563.16,12.3,29.8,0
78,0,0,7164.99,11.1,37.2,1
78,1,0,6638.55,11.1,37.2,1
79,0,0,6197.66,12.3,34.8,1
79,1,0,6041.54,12.3,34.8,1
80,0,1,4708.68,6.0,46.9,0
80,1,1,6041.5,6.0,46.9,0
81,0,0,5603.37,11.3,60.0,1
81,1,0,7164.94,11.3,60.0,1
82,0,1,4225.39,13.1,29.7,0
82,1,1,5281.03,13.1,29.7,0
83,0,1,5378.85,16.4,30.1,0
83,1,1,6965.43,16.4,30.1,0
84,0,0,5464.5,10.4,45.4,1
84,1,0,4320.38,10.4,45.4,1
85,0,1,5454.72,9.6,41.8,0
85,1,1,5983.5,9.6,41.8,0
86,0,1,6839.35,10.5,53.5,0
86,1,1,6897.53,10.5,53.5,0
87,0,0,6366.49,14.7,40.8,0
87,1,0,5648.91,14.7,40.8,0
88,0,1,5019.71,13.0,31.4,1
88,1,1,5539.01,13.0,31.4,1
89,0,1,4908.51,10.4,40.9,0
89,1,1,5454.03,10.4,40.9,0
90,0,1,4658.07,13.5,46.1,0
90,1,1,6347.48,13.5,46.1,0
91,0,1,4024.22,12.3,43.2,1
91,1,1,5212.55,12.3,43.2,1
92,0,0,5430.4,14.9,40.1,1
92,1,0,5263.34,14.9,40.1,1
93,0,1,3862.45,9.9,45.7,0
93,1,1,5432.86,9.9,45.7,0
94,0,1,6524.79,11.0,46.7,0
94,1,1,7681.78,11.0,46.7,0
95,0,1,6780.77,10.8,48.8,0
95,1,1,6988.64,10.8,48.8,0
96,0,1,5480.72,7.6,41.5,0
96,1,1,5386.47,7.6,41.5,0
97,0,0,4640.51,12.9,33.3,0
97,1,0,6106.79,12.9,33.3,0
98,0,1,5061.03,12.8,36.5,1
98,1,1,5669.21,12.8,36.5,1
99,0,0,5088.51,12.0,47.1,1
99,1,0,4865.48,12.0,47.1,1
100,0,0,4855.61,11.3,26.8,1
100,1,0,5237.68,11.3,26.8,1
101,0,0,5171.9,7.8,38.7,0
101,1,0,4651.78,7.8,38.7,0
102,0,1,4098.36,10.7,31.1,1
102,1,1,6098.7,10.7,31.1,1
103,0,1,5598.54,11.0,35.3,0
103,1,1,6605.93,11.0,35.3,0
104,0,1,6110.49,9.6,47.8,1
104,1,1,6194.34,9.6,47.8,1
105,0,1,3934.03,11.5,36.9,1
105,1,1,5478.13,11.5,36.9,1
106,0,1,5017.77,13.2,35.5,0
106,1,1,5116.64,13.2,35.5,0
107,0,1,5517.92,17.7,21.4,1
107,1,1,6479.22,17.7,21.4,1
108,0,0,6716.99,12.5,42.5,0
108,1,0,6142.12,12.5,42.5,0
109,0,0,6095.42,12.8,41.5,1
109,1,0,5634.35,12.8,41.5,1
110,0,0,5246.55,11.8,56.6,0
110,1,0,5041.89,11.8,56.6,0
111,0,1,4663.86,6.2,31.9,0
111,1,1,5589.18,6.2,31.9,0
112,0,1,4123.0,11.9,37.2,1
112,1,1,6089.73,11.9,37.2,1
113,0,0,5013.99,12.2,37.5,0
113,1,0,5636.34,12.2,37.5,0
114,0,0,6541.39,19.4,50.8,1
114,1,0,6645.97,19.4,50.8,1
115,0,1,5100.96,11.4,34.0,0
115,1,1,5501.92,11.4,34.0,0
116,0,0,6465.21,12.9,37.8,1
116,1,0,5982.3,12.9,37.8,1
117,0,1,5572.24,11.9,41.1,1
117,1,1,5620.13,11.9,41.1,1
118,0,1,4648.3,8.5,36.9,0
118,1,1,4036.1,8.5,36.9,0
119,0,0,5294.95,15.4,30.5,0
119,1,0,5216.82,15.4,30.5,0
120,0,0,5372.36,14.3,36.9,0
120,1,0,6433.15,14.3,36.9,0
121,0,1,4931.02,14.4,45.7,0
121,1,1,5621.09,14.4,45.7,0
122,0,1,2834.59,9.3,24.7,0
122,1,1,4545.19,9.3,24.7,0
123,0,1,5225.19,16.2,36.3,1
123,1,1,6082.57,16.2,36.3,1
124,0,1,5275.59,7.8,28.0,1
124,1,1,5344.1,7.8,28.0,1
125,0,0,6750.93,13.8,47.0,1
125,1,0,5955.44,13.8,47.0,1
126,0,1,6495.44,18.6,19.8,1
126,1,1,5951.4,18.6,19.8,1
127,0,1,4397.51,9.0,29.4,1
127,1,1,5293.71,9.0,29.4,1
128,0,1,6281.86,10.3,38.8,1
128,1,1,5974.2,10.3,38.8,1
129,0,0,4536.17,12.3,50.7,0
129,1,0,4727.21,12.3,50.7,0
130,0,1,4528.45,10.5,34.3,1
130,1,1,6185.92,10.5,34.3,1
131,0,1,4285.71,7.3,29.4,1
131,1,1,5851.55,7.3,29.4,1
132,0,0,6117.34,12.2,53.8,1
132,1,0,5645.63,12.2,53.8,1
133,0,0,4311.43,8.8,20.5,0
133,1,0,4872.8,8.8,20.5,0
134,0,1,4969.97,13.4,18.0,0
134,1,1,6212.9,13.4,18.0,0
135,0,0,4196.07,9.2,39.4,0
135,1,0,4161.29,9.2,39.4,0
136,0,0,5060.85,16.6,30.0,1
136,1,0,4578.52,16.6,30.0,1
137,0,0,4744.63,9.7,24.8,0
137,1,0,5087.58,9.7,24.8,0
138,0,1,5283.33,11.0,42.1,0
138,1,1,3882.72,11.0,42.1,0
139,0,1,5695.19,14.4,37.4,1
139,1,1,6119.54,14.4,37.4,1
140,0,1,4752.54,8.3,29.4,0
140,1,1,6779.9,8.3,29.4,0
141,0,0,5034.86,12.7,22.2,0
141,1,0,5307.26,12.7,22.2,0
142,0,1,5968.87,15.9,43.7,0
142,1,1,6745.13,15.9,43.7,0
143,0,1,5537.05,7.2,41.5,1
143,1,1,5676.93,7.2,41.5,1
144,0,1,4415.26,12.6,34.0,1
144,1,1,5657.35,12.6,34.0,1
145,0,1,5914.86,12.8,53.5,0
145,1,1,6689.58,12.8,53.5,0
146,0,0,5894.6,14.3,24.3,1
146,1,0,4811.97,14.3,24.3,1
147,0,1,4245.53,8.3,19.7,0
147,1,1,3152.05,8.3,19.7,0
148,0,0,5354.98,8.0,28.1,1
148,1,0,4574.02,8.0,28.1,1
149,0,1,5873.5,13.6,34.5,1
149,1,1,6162.55,13.6,34.5,1
150,0,0,4967.17,12.9,37.4,1
150,1,0,3196.55,12.9,37.4,1
151,0,0,5916.29,12.8,32.6,0
151,1,0,5872.71,12.8,32.6,0
152,0,0,5134.3,13.0,38.5,1
152,1,0,6216.96,13.0,38.5,1
153,0,1,4462.25,10.0,22.5,1
153,1,1,5923.39,10.0,22.5,1
154,0,0,6493.53,12.7,49.4,0
154,1,0,6837.48,12.7,49.4,0
155,0,1,4283.38,12.9,34.2,1
155,1,1,4596.58,12.9,34.2,1
156,0,0,5403.09,9.9,46.2,0
156,1,0,5145.67,9.9,46.2,0
157,0,0,5224.9,17.6,38.4,1
157,1,0,5682.62,17.6,38.4,1
158,0,1,5421.05,13.4,39.6,0
158,1,1,5888.03,13.4,39.6,0
159,0,0,5421.79,8.4,40.7,1
159,1,0,3861.25,8.4,40.7,1
160,0,0,5585.32,14.0,39.5,0
160,1,0,4417.61,14.0,39.5,0
161,0,1,3590.69,9.1,41.4,0
161,1,1,3785.07,9.1,41.4,0
162,0,0,6340.43,14.4,48.3,0
162,1,0,6081.44,14.4,48.3,0
163,0,0,5050.73,15.5,37.0,0
163,1,0,5976.79,15.5,37.0,0
164,0,0,5218.03,9.5,42.1,0
164,1,0,5554.52,9.5,42.1,0
165,0,1,5117.5,14.9,34.1,0
165,1,1,6262.82,14.9,34.1,0
166,0,1,4837.92,13.2,49.4,1
166,1,1,6154.78,13.2,49.4,1
167,0,1,5315.62,14.5,28.2,0
167,1,1,5726.3,14.5,28.2,0
168,0,1,6203.33,17.7,53.0,0
168,1,1,7053.01,17.7,53.0,0
169,0,0,5006.54,11.3,34.6,1
169,1,0,6135.54,11.3,34.6,1
170,0,0,4601.83,9.7,20.7,0
170,1,0,4115.76,9.7,20.7,0
171,0,1,6021.44,9.3,36.3,1
171,1,1,5908.26,9.3,36.3,1
172,0,0,5336.77,9.6,28.2,1
172,1,0,4769.18,9.6,28.2,1
173,0,0,5389.72,11.8,43.4,1
173,1,0,5426.44,11.8,43.4,1
174,0,0,5977.43,13.0,28.5,1
174,1,0,5542.76,13.0,28.5,1
175,0,0,4171.82,12.8,30.5,1
175,1,0,5957.2,12.8,30.5,1
176,0,1,5721.75,14.5,18.0,0
176,1,1,6426.09,14.5,18.0,0
177,0,0,5752.48,12.0,30.5,0
177,1,0,4195.59,12.0,30.5,0
178,0,1,6399.38,16.4,18.0,0
178,1,1,6404.42,16.4,18.0,0
179,0,0,5107.75,11.2,19.2,1
179,1,0,3696.13,11.2,19.2,1
180,0,1,7714.15,20.0,42.6,0
180,1,1,8439.14,20.0,42.6,0
181,0,0,6716.61,13.9,42.9,1
181,1,0,6297.08,13.9,42.9,1
182,0,0,5280.3,9.4,39.3,1
182,1,0,5117.64,9.4,39.3,1
183,0,1,5707.72,8.8,25.3,1
183,1,1,5074.82,8.8,25.3,1
184,0,1,4941.81,13.4,34.5,0
184,1,1,6487.74,13.4,34.5,0
185,0,0,5536.95,11.3,35.0,0
185,1,0,5479.53,11.3,35.0,0
186,0,0,4242.45,14.1,23.4,1
186,1,0,4981.26,14.1,23.4,1
187,0,0,4814.91,13.4,50.0,1
187,1,0,5062.14,13.4,50.0,1
188,0,0,5657.05,11.8,43.8,0
188,1,0,5341.4,11.8,43.8,0
189,0,0,4745.04,9.5,32.8,0
189,1,0,4740.55,9.5,32.8,0
190,0,0,5290.6,7.5,35.3,1
190,1,0,5827.44,7.5,35.3,1
191,0,0,5220.31,10.7,37.1,1
191,1,0,5021.12,10.7,37.1,1
192,0,0,5343.73,14.6,18.0,1
192,1,0,5132.31,14.6,18.0,1
193,0,1,4659.11,12.6,32.5,1
193,1,1,5316.56,12.6,32.5,1
194,0,1,5124.54,8.3,28.2,1
194,1,1,5037.71,8.3,28.2,1
195,0,1,4890.44,12.5,25.0,0
195,1,1,4331.54,12.5,25.0,0
196,0,0,6120.81,13.2,32.2,0
196,1,0,5748.8,13.2,32.2,0
197,0,0,5035.07,9.3,53.0,0
197,1,0,5753.48,9.3,53.0,0
198,0,1,6030.05,12.5,41.4,0
198,1,1,6797.69,12.5,41.4,0
199,0,0,4801.13,12.2,29.3,1
199,1,0,4742.61,12.2,29.3,1
200,0,0,6560.87,8.6,40.7,1
200,1,0,6120.01,8.6,40.7,1
201,0,1,6602.44,13.1,49.0,1
201,1,1,7207.83,13.1,49.0,1
202,0,1,6461.55,13.7,44.2,0
202,1,1,6899.22,13.7,44.2,0
203,0,1,5666.84,15.2,35.6,1
203,1,1,5950.0,15.2,35.6,1
204,0,0,5772.28,15.2,28.5,1
204,1,0,3852.47,15.2,28.5,1
205,0,0,4766.61,7.9,42.0,1
205,1,0,4346.83,7.9,42.0,1
206,0,1,6535.65,9.2,38.9,1
206,1,1,5837.87,9.2,38.9,1
207,0,0,5976.76,13.5,44.0,0
207,1,0,6524.95,13.5,44.0,0
208,0,1,5449.22,13.5,41.4,0
208,1,1,7231.76,13.5,41.4,0
209,0,1,5514.98,13.5,45.5,0
209,1,1,6398.87,13.5,45.5,0
210,0,1,5899.16,20.0,29.6,0
210,1,1,6724.31,20.0,29.6,0
211,0,0,4247.14,13.7,48.2,0
211,1,0,5694.67,13.7,48.2,0
212,0,0,6261.8,15.4,37.0,1
212,1,0,6252.8,15.4,37.0,1
213,0,1,6403.13,14.9,55.8,1
213,1,1,7093.12,14.9,55.8,1
214,0,1,5632.46,14.0,28.1,1
214,1,1,4940.43,14.0,28.1,1
215,0,1,5119.97,11.1,52.4,1
215,1,1,5072.44,11.1,52.4,1
216,0,0,4938.77,14.3,37.0,0
216,1,0,5558.93,14.3,37.0,0
217,0,0,5068.67,9.7,28.5,1
217,1,0,4643.37,9.7,28.5,1
218,0,1,4351.86,11.3,30.2,0
218,1,1,4634.99,11.3,30.2,0
219,0,1,5009.73,10.5,31.8,0
219,1,1,5679.44,10.5,31.8,0
220,0,1,5085.35,12.2,39.2,0
220,1,1,6454.05,12.2,39.2,0
221,0,0,5779.33,18.9,40.2,0
221,1,0,6618.54,18.9,40.2,0
222,0,1,3587.55,6.4,29.3,0
222,1,1,5265.95,6.4,29.3,0
223,0,1,6411.86,14.1,34.8,0
223,1,1,6548.49,14.1,34.8,0
224,0,1,5759.3,7.2,56.4,0
224,1,1,7020.46,7.2,56.4,0
225,0,0,4893.24,10.6,52.3,1
225,1,0,5240.78,10.6,52.3,1
226,0,0,5972.21,15.3,39.4,0
226,1,0,5867.73,15.3,39.4,0
227,0,1,5598.48,12.2,35.4,0
227,1,1,5800.3,12.2,35.4,0
228,0,0,5265.69,8.8,36.2,0
228,1,0,4792.65,8.8,36.2,0
229,0,0,4438.06,9.9,41.1,1
229,1,0,5378.33,9.9,41.1,1
230,0,1,5660.65,14.0,24.8,0
230,1,1,7024.02,14.0,24.8,0
231,0,0,3636.97,9.8,32.4,0
231,1,0,2884.27,9.8,32.4,0
232,0,1,5761.59,12.6,18.3,0
232,1,1,5979.03,12.6,18.3,0
233,0,0,4177.52,12.1,39.0,0
233,1,0,4720.93,12.1,39.0,0
234,0,1,6085.79,10.0,41.5,0
234,1,1,5359.74,10.0,41.5,0
235,0,1,6493.69,18.4,30.2,0
235,1,1,6258.94,18.4,30.2,0
236,0,0,5075.75,13.9,50.7,0
236,1,0,5849.33,13.9,50.7,0
237,0,0,3244.79,6.0,22.7,0
237,1,0,3154.73,6.0,22.7,0
238,0,0,5697.77,12.6,20.4,0
238,1,0,5915.01,12.6,20.4,0
239,0,0,5042.11,10.0,37.2,1
239,1,0,4215.34,10.0,37.2,1
240,0,1,6385.68,14.6,45.5,1
240,1,1,5728.48,14.6,45.5,1
241,0,1,4763.32,9.6,51.8,0
241,1,1,6515.83,9.6,51.8,0
242,0,0,4850.05,11.7,30.4,0
242,1,0,4625.56,11.7,30.4,0
243,0,0,5468.58,13.5,45.8,1
243,1,0,5731.99,13.5,45.8,1
244,0,0,5284.0,14.6,34.6,0
244,1,0,4273.15,14.6,34.6,0
245,0,1,4920.27,8.4,33.3,0
245,1,1,6197.97,8.4,33.3,0
246,0,0,5045.61,11.0,43.8,1
246,1,0,4148.02,11.0,43.8,1
247,0,1,5771.9,10.6,41.5,0
247,1,1,4539.17,10.6,41.5,0
248,0,1,4693.85,10.0,19.2,0
248,1,1,4238.06,10.0,19.2,0
249,0,1,6774.34,17.3,49.8,0
249,1,1,7032.33,17.3,49.8,0
250,0,0,6924.15,13.2,48.8,1
250,1,0,5455.87,13.2,48.8,1
251,0,1,4726.64,8.2,28.7,0
251,1,1,4654.25,8.2,28.7,0
252,0,0,5271.08,14.8,39.0,1
252,1,0,5252.16,14.8,39.0,1
253,0,0,5872.47,18.4,39.9,1
253,1,0,6142.57,18.4,39.9,1
254,0,1,5276.69,15.1,37.6,0
254,1,1,6100.22,15.1,37.6,0
255,0,1,5096.44,7.4,29.5,0
255,1,1,5818.5,7.4,29.5,0
256,0,0,5170.03,10.5,28.3,0
256,1,0,4353.74,10.5,28.3,0
257,0,0,4894.98,15.8,34.7,0
257,1,0,3514.04,15.8,34.7,0
258,0,0,5612.55,9.9,46.7,0
258,1,0,5636.77,9.9,46.7,0
259,0,0,4113.03,13.3,40.4,1
259,1,0,5139.0,13.3,40.4,1
260,0,0,4464.88,14.3,31.3,1
260,1,0,4328.15,14.3,31.3,1
261,0,0,5610.23,9.2,42.7,1
261,1,0,4045.14,9.2,42.7,1
262,0,0,4502.0,11.8,18.0,0
262,1,0,4962.82,11.8,18.0,0
263,0,1,5919.83,6.0,46.5,1
263,1,1,5779.01,6.0,46.5,1
264,0,1,5232.8,8.9,18.0,1
264,1,1,5735.84,8.9,18.0,1
265,0,1,3186.16,11.2,31.4,1
265,1,1,5244.04,11.2,31.4,1
266,0,0,4485.45,8.3,23.8,0
266,1,0,5094.01,8.3,23.8,0
267,0,1,3561.72,16.9,22.1,1
267,1,1,7676.63,16.9,22.1,1
268,0,1,5117.91,7.7,46.6,0
268,1,1,5018.32,7.7,46.6,0
269,0,1,5018.91,10.7,30.3,0
269,1,1,5979.39,10.7,30.3,0
270,0,1,5022.82,12.4,38.5,0
270,1,1,5733.83,12.4,38.5,0
271,0,1,5721.82,16.3,34.5,1
271,1,1,6152.21,16.3,34.5,1
272,0,1,4767.22,7.7,39.8,1
272,1,1,5198.26,7.7,39.8,1
273,0,0,5225.81,15.5,35.8,0
273,1,0,4763.34,15.5,35.8,0
274,0,1,4731.49,12.0,22.2,0
274,1,1,3894.34,12.0,22.2,0
275,0,1,4854.62,9.1,45.0,0
275,1,1,4897.99,9.1,45.0,0
276,0,1,5760.61,13.4,30.1,0
276,1,1,5987.01,13.4,30.1,0
277,0,1,6500.59,12.6,19.4,0
277,1,1,5797.61,12.6,19.4,0
278,0,0,4480.7,10.2,30.7,0
278,1,0,5548.16,10.2,30.7,0
279,0,0,4911.71,12.2,50.0,1
279,1,0,4709.48,12.2,50.0,1
280,0,1,4576.25,10.8,43.5,0
280,1,1,5512.92,10.8,43.5,0
281,0,1,4193.98,12.3,31.5,0
281,1,1,5387.5,12.3,31.5,0
282,0,1,5848.27,14.0,31.5,0
282,1,1,6210.96,14.0,31.5,0
283,0,0,5845.56,16.8,31.8,1
283,1,0,6542.86,16.8,31.8,1
284,0,0,6072.97,8.3,55.8,1
284,1,0,5326.56,8.3,55.8,1
285,0,1,6298.3,18.4,38.8,1
285,1,1,8255.57,18.4,38.8,1
286,0,1,5121.28,6.1,39.3,0
286,1,1,5888.03,6.1,39.3,0
287,0,1,4642.84,11.5,45.3,1
287,1,1,4951.06,11.5,45.3,1
288,0,0,5036.9,13.8,37.4,0
288,1,0,5337.42,13.8,37.4,0
289,0,1,4351.66,12.8,32.4,1
289,1,1,5759.02,12.8,32.4,1
290,0,0,5028.19,10.1,33.0,1
290,1,0,5256.73,10.1,33.0,1
291,0,1,4922.98,11.4,34.3,1
291,1,1,5748.85,11.4,34.3,1
292,0,0,5310.82,10.5,34.6,1
292,1,0,4888.78,10.5,34.6,1
293,0,0,5175.08,10.2,42.3,1
293,1,0,5529.16,10.2,42.3,1
294,0,1,6811.63,14.5,35.5,0
294,1,1,7766.77,14.5,35.5,0
295,0,1,5032.74,13.1,42.3,1
295,1,1,4637.44,13.1,42.3,1
296,0,0,5577.66,9.9,34.2,0
296,1,0,4860.01,9.9,34.2,0
297,0,1,6395.85,14.7,35.8,0
297,1,1,8370.3,14.7,35.8,0
298,0,0,5116.57,12.9,18.0,0
298,1,0,4772.94,12.9,18.0,0
299,0,0,4385.47,14.4,44.2,0
299,1,0,5182.83,14.4,44.2,0
300,0,0,5484.19,13.9,38.5,0
300,1,0,4406.94,13.9,38.5,0
301,0,0,6382.46,9.5,45.0,0
301,1,0,6349.62,9.5,45.0,0
302,0,1,4834.24,10.3,18.0,0
302,1,1,4046.85,10.3,18.0,0
303,0,0,6170.24,14.2,55.9,1
303,1,0,6522.53,14.2,55.9,1
304,0,0,5952.64,13.8,33.6,0
304,1,0,5456.16,13.8,33.6,0
305,0,1,5514.86,11.9,46.1,0
305,1,1,6050.26,11.9,46.1,0
306,0,0,4789.9,12.4,24.6,1
306,1,0,5252.25,12.4,24.6,1
307,0,1,6368.78,15.8,41.1,0
307,1,1,5511.14,15.8,41.1,0
308,0,0,5968.58,10.2,24.5,1
308,1,0,5836.86,10.2,24.5,1
309,0,1,4517.26,13.6,28.8,1
309,1,1,6197.48,13.6,28.8,1
310,0,0,5383.55,11.4,54.1,1
310,1,0,5900.26,11.4,54.1,1
311,0,0,5423.35,11.3,33.1,1
311,1,0,3918.27,11.3,33.1,1
312,0,0,6602.58,15.3,37.2,0
312,1,0,6032.05,15.3,37.2,0
313,0,0,6327.52,14.5,43.7,1
313,1,0,5860.93,14.5,43.7,1
314,0,0,6615.7,14.4,40.0,0
314,1,0,6349.06,14.4,40.0,0
315,0,1,5923.07,15.9,36.5,0
315,1,1,5833.63,15.9,36.5,0
316,0,1,4593.33,12.1,38.6,1
316,1,1,5202.27,12.1,38.6,1
317,0,1,7154.86,14.0,59.0,0
317,1,1,8107.56,14.0,59.0,0
318,0,1,6491.51,11.1,34.4,1
318,1,1,6759.76,11.1,34.4,1
319,0,0,6107.25,13.0,37.0,1
319,1,0,4755.43,13.0,37.0,1
320,0,0,6306.88,11.6,45.5,1
320,1,0,7043.75,11.6,45.5,1
321,0,0,4773.73,12.3,46.1,1
321,1,0,5034.85,12.3,46.1,1
322,0,0,5364.82,13.8,46.9,0
322,1,0,4920.95,13.8,46.9,0
323,0,1,4771.25,9.5,41.4,0
323,1,1,5218.56,9.5,41.4,0
324,0,1,5652.34,18.3,23.6,1
324,1,1,6819.2,18.3,23.6,1
325,0,0,4498.21,9.0,51.3,0
325,1,0,5238.7,9.0,51.3,0
326,0,0,4833.45,8.4,23.5,1
326,1,0,5644.02,8.4,23.5,1
327,0,1,7575.01,15.5,38.0,1
327,1,1,6819.02,15.5,38.0,1
328,0,1,5155.32,14.4,27.5,1
328,1,1,4915.21,14.4,27.5,1
329,0,0,4934.19,13.9,34.4,0
329,1,0,4982.98,13.9,34.4,0
330,0,1,5869.31,13.9,38.3,0
330,1,1,5873.69,13.9,38.3,0
331,0,1,5250.85,12.0,38.2,0
331,1,1,3813.96,12.0,38.2,0
332,0,0,5159.23,9.3,39.2,0
332,1,0,6139.21,9.3,39.2,0
333,0,0,6346.12,12.2,51.1,1
333,1,0,6027.22,12.2,51.1,1
334,0,1,5359.44,10.0,39.5,0
334,1,1,6096.68,10.0,39.5,0
335,0,1,5243.88,14.9,32.6,0
335,1,1,5992.36,14.9,32.6,0
336,0,1,4629.57,11.6,44.6,0
336,1,1,6397.57,11.6,44.6,0
337,0,0,3959.11,9.5,46.9,1
337,1,0,5046.84,9.5,46.9,1
338,0,0,5788.97,11.0,22.7,1
338,1,0,6140.09,11.0,22.7,1
339,0,1,4721.17,13.2,41.0,0
339,1,1,5219.0,13.2,41.0,0
340,0,1,5846.86,10.3,42.0,0
340,1,1,8217.01,10.3,42.0,0
341,0,0,5907.03,9.5,32.0,0
341,1,0,4966.91,9.5,32.0,0
342,0,1,4857.45,12.7,48.8,0
342,1,1,5303.66,12.7,48.8,0
343,0,1,4742.93,12.7,33.5,1
343,1,1,5911.13,12.7,33.5,1
344,0,1,5930.29,10.5,36.3,1
344,1,1,5769.17,10.5,36.3,1
345,0,1,5444.71,10.6,33.3,0
345,1,1,5671.32,10.6,33.3,0
346,0,1,6498.13,12.7,35.2,0
346,1,1,7566.66,12.7,35.2,0
347,0,0,4612.14,7.7,24.0,1
347,1,0,4110.69,7.7,24.0,1
348,0,1,4984.07,7.8,20.6,0
348,1,1,5256.01,7.8,20.6,0
349,0,0,5417.11,9.8,50.9,1
349,1,0,5044.4,9.8,50.9,1
350,0,1,4322.75,11.4,26.5,0
350,1,1,6941.36,11.4,26.5,0
351,0,0,5520.35,12.9,25.1,0
351,1,0,5708.92,12.9,25.1,0
352,0,1,5016.35,16.4,18.0,0
352,1,1,5161.28,16.4,18.0,0
353,0,0,5436.27,14.6,28.6,0
353,1,0,4354.85,14.6,28.6,0
354,0,0,5281.51,11.5,21.8,1
354,1,0,3301.69,11.5,21.8,1
355,0,0,5577.1,11.9,51.4,0
355,1,0,5831.21,11.9,51.4,0
356,0,0,5776.07,9.0,45.1,0
356,1,0,5360.36,9.0,45.1,0
357,0,1,4636.02,11.9,28.1,0
357,1,1,6629.88,11.9,28.1,0
358,0,1,6566.89,11.1,57.5,0
358,1,1,7155.83,11.1,57.5,0
359,0,1,6183.5,13.0,44.8,0
359,1,1,7673.42,13.0,44.8,0
360,0,0,6247.31,9.5,31.8,0
360,1,0,4621.19,9.5,31.8,0
361,0,0,5581.87,13.6,18.0,1
361,1,0,4859.51,13.6,18.0,1
362,0,0,6383.01,16.6,57.9,0
362,1,0,5067.56,16.6,57.9,0
363,0,0,5456.54,11.7,21.1,0
363,1,0,5210.41,11.7,21.1,0
364,0,1,6172.07,13.2,18.5,1
364,1,1,6576.2,13.2,18.5,1
365,0,0,4437.51,14.1,45.2,0
365,1,0,5686.63,14.1,45.2,0
366,0,0,6684.06,10.8,59.4,1
366,1,0,5656.97,10.8,59.4,1
367,0,0,5773.4,12.7,48.8,0
367,1,0,5522.54,12.7,48.8,0
368,0,0,6307.0,12.0,40.6,1
368,1,0,5840.34,12.0,40.6,1
369,0,1,5002.94,12.3,40.9,1
369,1,1,5175.04,12.3,40.9,1
370,0,1,6643.35,9.7,43.5,1
370,1,1,6834.08,9.7,43.5,1
371,0,0,5019.54,12.1,42.6,1
371,1,0,4906.53,12.1,42.6,1
372,0,0,5182.28,13.5,37.8,0
372,1,0,6038.63,13.5,37.8,0
373,0,0,5774.12,16.4,36.0,1
373,1,0,5158.87,16.4,36.0,1
374,0,0,6415.04,14.9,34.4,0
374,1,0,5844.76,14.9,34.4,0
375,0,0,5810.93,18.5,27.5,0
375,1,0,6669.78,18.5,27.5,0
376,0,1,4520.5,9.7,32.2,0
376,1,1,4802.06,9.7,32.2,0
377,0,1,5095.68,14.6,18.1,0
377,1,1,6315.23,14.6,18.1,0
378,0,1,6058.11,12.6,34.0,0
378,1,1,4972.11,12.6,34.0,0
379,0,0,5478.14,18.6,25.1,1
379,1,0,5438.24,18.6,25.1,1
380,0,0,5454.84,9.6,24.0,0
380,1,0,6154.53,9.6,24.0,0
381,0,1,5774.17,9.5,36.8,1
381,1,1,6751.91,9.5,36.8,1
382,0,1,5174.08,10.2,48.9,1
382,1,1,6095.8,10.2,48.9,1
383,0,1,4908.14,6.0,44.2,0
383,1,1,4933.4,6.0,44.2,0
384,0,0,5611.79,10.4,19.3,0
384,1,0,6472.71,10.4,19.3,0
385,0,1,4354.63,9.7,25.1,0
385,1,1,5243.27,9.7,25.1,0
386,0,0,5656.4,12.5,44.4,0
386,1,0,5306.53,12.5,44.4,0
387,0,1,3061.84,13.0,25.2,0
387,1,1,3850.75,13.0,25.2,0
388,0,1,5713.4,17.6,32.8,0
388,1,1,7645.17,17.6,32.8,0
389,0,1,4925.7,14.9,40.5,0
389,1,1,5288.49,14.9,40.5,0
390,0,0,6293.87,10.3,25.3,1
390,1,0,4762.92,10.3,25.3,1
391,0,1,4430.17,9.3,36.1,1
391,1,1,5074.1,9.3,36.1,1
392,0,0,5530.04,13.5,21.7,0
392,1,0,5285.5,13.5,21.7,0
393,0,0,4541.53,8.0,29.0,1
393,1,0,4427.73,8.0,29.0,1
394,0,0,6037.67,17.5,38.2,0
394,1,0,5974.45,17.5,38.2,0
395,0,1,5497.12,15.5,19.1,0
395,1,1,6428.66,15.5,19.1,0
396,0,0,3509.65,10.6,39.4,1
396,1,0,4050.27,10.6,39.4,1
397,0,0,4966.42,6.9,34.8,0
397,1,0,7262.46,6.9,34.8,0
398,0,1,6097.32,16.1,40.5,0
398,1,1,6182.68,16.1,40.5,0
399,0,0,4648.89,11.7,37.2,1
399,1,0,5025.6,11.7,37.2,1
400,0,1,6685.7,15.7,48.6,1
400,1,1,5622.09,15.7,48.6,1
401,0,0,4752.03,7.2,36.3,1
401,1,0,6053.65,7.2,36.3,1
402,0,0,4045.99,10.2,30.7,1
402,1,0,4369.65,10.2,30.7,1
403,0,1,4568.24,12.0,36.2,1
403,1,1,5380.89,12.0,36.2,1
404,0,0,6421.64,12.1,40.4,0
404,1,0,5654.24,12.1,40.4,0
405,0,0,5168.29,10.6,35.5,0
405,1,0,5325.8,10.6,35.5,0
406,0,1,5142.99,13.9,35.4,0
406,1,1,5929.27,13.9,35.4,0
407,0,1,5099.68,8.8,28.0,0
407,1,1,5882.24,8.8,28.0,0
408,0,1,4787.18,11.6,28.4,0
408,1,1,5095.46,11.6,28.4,0
409,0,0,5024.15,12.4,21.0,0
409,1,0,5575.02,12.4,21.0,0
410,0,0,6637.58,13.5,52.5,1
410,1,0,6725.65,13.5,52.5,1
411,0,1,5028.6,14.1,22.6,1
411,1,1,5187.86,14.1,22.6,1
412,0,1,4676.66,8.6,28.1,1
412,1,1,6036.65,8.6,28.1,1
413,0,1,5874.66,7.4,27.8,0
413,1,1,5506.04,7.4,27.8,0
414,0,1,6500.15,15.8,43.9,1
414,1,1,6803.61,15.8,43.9,1
415,0,1,4684.9,13.0,32.1,0
415,1,1,5041.11,13.0,32.1,0
416,0,0,5829.33,9.8,47.5,1
416,1,0,5689.97,9.8,47.5,1
417,0,0,8087.17,16.7,28.3,0
417,1,0,6246.61,16.7,28.3,0
418,0,1,5105.32,12.3,37.8,1
418,1,1,5159.04,12.3,37.8,1
419,0,0,5073.35,15.5,26.6,0
419,1,0,5346.52,15.5,26.6,0
420,0,0,6128.64,12.2,56.5,1
420,1,0,7036.23,12.2,56.5,1
421,0,1,5600.97,18.2,23.1,1
421,1,1,5024.46,18.2,23.1,1
422,0,1,5631.23,17.3,38.1,0
422,1,1,5084.3,17.3,38.1,0
423,0,0,5915.08,11.3,41.3,0
423,1,0,5949.92,11.3,41.3,0
424,0,0,7340.59,14.9,39.1,1
424,1,0,7433.5,14.9,39.1,1
425,0,0,5235.5,13.9,33.1,0
425,1,0,5490.34,13.9,33.1,0
426,0,1,4992.86,16.1,33.7,1
426,1,1,5265.56,16.1,33.7,1
427,0,1,4362.41,9.1,35.4,1
427,1,1,4171.75,9.1,35.4,1
428,0,0,5521.55,14.1,33.5,0
428,1,0,5335.8,14.1,33.5,0
429,0,0,6777.27,15.2,44.6,0
429,1,0,7433.86,15.2,44.6,0
430,0,1,4705.68,6.7,57.1,0
430,1,1,4544.67,6.7,57.1,0
431,0,0,4675.34,8.5,29.4,1
431,1,0,4757.64,8.5,29.4,1
432,0,1,4059.86,6.0,21.3,0
432,1,1,4058.37,6.0,21.3,0
433,0,1,4558.02,11.2,34.1,0
433,1,1,5600.77,11.2,34.1,0
434,0,0,6983.29,14.2,60.0,0
434,1,0,5924.95,14.2,60.0,0
435,0,1,5933.47,16.5,27.0,1
435,1,1,6933.19,16.5,27.0,1
436,0,0,4657.53,12.2,51.4,1
436,1,0,5584.06,12.2,51.4,1
437,0,0,6681.47,16.9,51.8,1
437,1,0,7087.43,16.9,51.8,1
438,0,1,5402.24,7.9,29.5,0
438,1,1,5219.15,7.9,29.5,0
439,0,0,4094.2,6.9,40.7,1
439,1,0,5207.32,6.9,40.7,1
440,0,1,5785.14,11.8,51.3,1
440,1,1,5154.01,11.8,51.3,1
441,0,1,4167.37,13.2,31.2,1
441,1,1,5541.35,13.2,31.2,1
442,0,0,4962.7,11.9,33.0,1
442,1,0,4846.02,11.9,33.0,1
443,0,0,4767.12,6.0,29.2,0
443,1,0,5042.11,6.0,29.2,0
444,0,0,7393.08,11.7,24.9,0
444,1,0,6436.48,11.7,24.9,0
445,0,0,5648.3,8.1,28.5,1
445,1,0,4769.05,8.1,28.5,1
446,0,0,4573.75,14.0,22.8,0
446,1,0,5162.48,14.0,22.8,0
447,0,0,5015.07,13.1,35.3,1
447,1,0,4210.12,13.1,35.3,1
448,0,0,5321.85,9.2,27.3,1
448,1,0,5575.23,9.2,27.3,1
449,0,1,4871.53,10.5,37.3,0
449,1,1,5758.59,10.5,37.3,0
450,0,1,5580.75,8.8,19.4,1
450,1,1,5203.58,8.8,19.4,1
451,0,1,5064.35,11.8,38.3,0
451,1,1,5244.7,11.8,38.3,0
452,0,0,7631.33,14.9,43.3,0
452,1,0,6669.83,14.9,43.3,0
453,0,0,4704.53,9.0,18.0,1
453,1,0,4172.07,9.0,18.0,1
454,0,1,7298.08,13.5,38.7,1
454,1,1,5555.01,13.5,38.7,1
455,0,0,4925.51,10.4,47.3,0
455,1,0,5409.69,10.4,47.3,0
456,0,0,4811.72,9.6,22.9,0
456,1,0,4963.7,9.6,22.9,0
457,0,1,6761.31,11.7,51.7,1
457,1,1,7007.66,11.7,51.7,1
458,0,1,4318.94,8.9,39.2,1
458,1,1,5049.71,8.9,39.2,1
459,0,1,4820.95,10.3,27.9,1
459,1,1,6423.7,10.3,27.9,1
460,0,0,4007.91,8.4,34.4,0
460,1,0,5457.29,8.4,34.4,0
461,0,1,6264.1,17.9,40.6,0
461,1,1,7309.26,17.9,40.6,0
462,0,1,4250.91,12.1,35.8,0
462,1,1,4546.7,12.1,35.8,0
463,0,1,6013.94,9.9,40.4,1
463,1,1,6574.01,9.9,40.4,1
464,0,1,5146.85,12.6,25.8,0
464,1,1,5430.76,12.6,25.8,0
465,0,1,4379.38,11.7,36.7,0
465,1,1,4022.71,11.7,36.7,0
466,0,1,4316.82,11.3,20.9,1
466,1,1,4313.29,11.3,20.9,1
467,0,0,3991.74,13.8,33.9,0
467,1,0,4265.82,13.8,33.9,0
468,0,1,4326.33,14.3,26.0,1
468,1,1,3899.56,14.3,26.0,1
469,0,1,4104.97,10.4,27.6,1
469,1,1,4122.31,10.4,27.6,1
470,0,1,6243.6,10.3,47.4,1
470,1,1,6599.94,10.3,47.4,1
471,0,0,4264.54,11.2,45.9,0
471,1,0,6420.94,11.2,45.9,0
472,0,0,5691.86,6.0,41.1,0
472,1,0,4303.95,6.0,41.1,0
473,0,1,4833.78,7.5,24.1,1
473,1,1,5226.68,7.5,24.1,1
474,0,1,6674.81,16.1,31.8,1
474,1,1,5314.04,16.1,31.8,1
475,0,1,6853.59,16.9,47.1,1
475,1,1,6265.93,16.9,47.1,1
476,0,1,3661.73,11.3,36.4,0
476,1,1,6022.04,11.3,36.4,0
477,0,1,7617.48,13.7,58.2,1
477,1,1,9297.14,13.7,58.2,1
478,0,1,5990.31,12.9,38.9,1
478,1,1,7294.17,12.9,38.9,1
479,0,1,5295.29,20.0,36.9,1
479,1,1,6067.3,20.0,36.9,1
480,0,1,4539.24,15.4,31.9,1
480,1,1,5447.19,15.4,31.9,1
481,0,1,4577.1,11.6,36.3,1
481,1,1,5735.0,11.6,36.3,1
482,0,0,4014.56,9.1,33.5,1
482,1,0,4898.91,9.1,33.5,1
483,0,0,5822.05,7.2,42.1,0
483,1,0,5549.34,7.2,42.1,0
484,0,1,5992.52,12.6,44.6,0
484,1,1,6156.58,12.6,44.6,0
485,0,0,5451.69,9.7,27.1,0
485,1,0,6463.22,9.7,27.1,0
486,0,0,4655.02,7.7,21.7,0
486,1,0,5682.92,7.7,21.7,0
487,0,0,5608.74,10.1,18.0,0
487,1,0,5008.8,10.1,18.0,0
488,0,0,4948.38,8.8,40.1,0
488,1,0,5187.01,8.8,40.1,0
489,0,0,7004.12,17.1,24.0,0
489,1,0,6096.6,17.1,24.0,0
490,0,0,4950.89,14.6,18.0,0
490,1,0,5168.37,14.6,18.0,0
491,0,1,5323.62,12.0,38.9,1
491,1,1,5581.21,12.0,38.9,1
492,0,1,6398.61,16.4,59.9,1
492,1,1,7068.65,16.4,59.9,1
493,0,0,6092.99,12.2,34.9,0
493,1,0,5979.18,12.2,34.9,0
494,0,0,5080.22,9.4,43.4,1
494,1,0,6141.48,9.4,43.4,1
495,0,1,5043.08,16.6,35.8,0
495,1,1,5484.5,16.6,35.8,0
496,0,0,4805.71,13.6,34.0,0
496,1,0,4725.46,13.6,34.0,0
497,0,1,5024.93,8.9,44.2,0
497,1,1,6253.86,8.9,44.2,0
498,0,1,4584.96,11.4,32.1,0
498,1,1,5547.83,11.4,32.1,0
499,0,1,5716.18,9.4,37.7,1
499,1,1,6238.63,9.4,37.7,1
500,0,0,3324.71,7.9,38.2,1
500,1,0,4076.11,7.9,38.2,1
501,0,1,5674.05,14.8,28.3,0
501,1,1,6095.4,14.8,28.3,0
502,0,0,7065.79,17.7,44.9,0
502,1,0,6614.81,17.7,44.9,0
503,0,1,6470.44,7.8,33.3,0
503,1,1,6281.09,7.8,33.3,0
504,0,1,5267.06,13.7,27.4,0
504,1,1,5584.29,13.7,27.4,0
505,0,0,5076.11,10.0,40.4,0
505,1,0,5622.36,10.0,40.4,0
506,0,0,5363.19,10.5,26.0,0
506,1,0,4600.1,10.5,26.0,0
507,0,0,4899.87,10.2,35.3,1
507,1,0,5061.41,10.2,35.3,1
508,0,1,5146.08,9.4,34.9,1
508,1,1,6504.96,9.4,34.9,1
509,0,0,5440.7,12.1,45.9,0
509,1,0,5575.94,12.1,45.9,0
510,0,1,3502.06,9.5,39.7,1
510,1,1,4133.55,9.5,39.7,1
511,0,0,5619.78,12.8,34.7,0
511,1,0,6029.91,12.8,34.7,0
512,0,1,4755.42,11.8,43.2,0
512,1,1,6283.86,11.8,43.2,0
513,0,1,4315.3,11.3,48.9,0
513,1,1,5791.22,11.3,48.9,0
514,0,1,5897.23,9.3,40.6,1
514,1,1,7747.81,9.3,40.6,1
515,0,1,4597.07,10.3,35.1,1
515,1,1,4022.22,10.3,35.1,1
516,0,0,4094.58,14.3,21.9,1
516,1,0,5073.84,14.3,21.9,1
517,0,0,6696.87,13.5,24.3,0
517,1,0,6513.59,13.5,24.3,0
518,0,1,4544.1,9.1,31.9,1
518,1,1,5438.1,9.1,31.9,1
519,0,0,4671.83,12.3,28.9,0
519,1,0,5340.43,12.3,28.9,0
520,0,0,4403.77,14.3,33.1,1
520,1,0,4876.66,14.3,33.1,1
521,0,0,3914.95,7.0,35.6,0
521,1,0,4960.92,7.0,35.6,0
522,0,0,5711.56,13.6,40.3,0
522,1,0,5834.19,13.6,40.3,0
523,0,0,4437.42,10.0,34.3,1
523,1,0,4039.27,10.0,34.3,1
524,0,1,5242.98,13.7,39.9,1
524,1,1,4923.42,13.7,39.9,1
525,0,0,5665.04,9.7,35.6,0
525,1,0,4549.46,9.7,35.6,0
526,0,1,4039.37,6.6,18.0,1
526,1,1,5544.27,6.6,18.0,1
527,0,0,4093.99,7.1,25.6,0
527,1,0,4151.57,7.1,25.6,0
528,0,1,5021.54,12.1,33.6,1
528,1,1,6248.88,12.1,33.6,1
529,0,0,4413.27,12.8,22.9,1
529,1,0,4552.59,12.8,22.9,1
530,0,1,7707.06,9.3,41.0,1
530,1,1,4319.44,9.3,41.0,1
531,0,1,6432.13,13.9,50.3,1
531,1,1,5991.74,13.9,50.3,1
532,0,0,5327.46,7.0,47.2,0
532,1,0,5305.48,7.0,47.2,0
533,0,1,4743.56,11.8,32.9,0
533,1,1,7548.85,11.8,32.9,0
534,0,1,6213.92,8.4,49.9,1
534,1,1,6095.82,8.4,49.9,1
535,0,1,6297.73,10.0,36.5,0
535,1,1,4810.17,10.0,36.5,0
536,0,1,5232.58,12.1,31.6,0
536,1,1,5539.19,12.1,31.6,0
537,0,0,4599.12,9.4,28.9,0
537,1,0,5231.84,9.4,28.9,0
538,0,1,5092.13,10.8,32.0,0
538,1,1,5724.05,10.8,32.0,0
539,0,0,5624.5,15.0,31.1,1
539,1,0,7337.95,15.0,31.1,1
540,0,0,5692.54,10.3,36.7,0
540,1,0,5894.54,10.3,36.7,0
541,0,1,5066.31,14.5,36.6,1
541,1,1,6822.63,14.5,36.6,1
542,0,0,3465.5,8.6,35.0,0
542,1,0,4001.49,8.6,35.0,0
543,0,1,5236.32,13.6,39.4,0
543,1,1,5333.18,13.6,39.4,0
544,0,1,5763.56,16.3,46.9,0
544,1,1,7065.86,16.3,46.9,0
545,0,1,4105.25,6.0,44.5,0
545,1,1,5883.09,6.0,44.5,0
546,0,1,4212.05,9.6,20.2,0
546,1,1,5979.02,9.6,20.2,0
547,0,0,4950.17,13.7,18.0,1
547,1,0,4951.39,13.7,18.0,1
548,0,0,6018.2,11.4,44.3,0
548,1,0,6558.26,11.4,44.3,0
549,0,0,5135.38,13.1,21.3,1
549,1,0,5744.64,13.1,21.3,1
550,0,0,4265.43,10.2,32.8,0
550,1,0,3409.47,10.2,32.8,0
551,0,0,4778.88,12.3,23.3,0
551,1,0,4545.1,12.3,23.3,0
552,0,0,4447.66,11.5,18.0,1
552,1,0,3863.17,11.5,18.0,1
553,0,1,6139.9,15.5,40.4,0
553,1,1,6297.4,15.5,40.4,0
554,0,1,5331.2,12.8,42.6,0
554,1,1,5730.1,12.8,42.6,0
555,0,0,5623.89,13.0,29.2,0
555,1,0,5041.7,13.0,29.2,0
556,0,1,3541.79,10.8,18.0,0
556,1,1,3008.49,10.8,18.0,0
557,0,0,4681.21,10.5,29.5,1
557,1,0,4707.08,10.5,29.5,1
558,0,0,5041.04,10.7,38.9,0
558,1,0,4770.22,10.7,38.9,0
559,0,1,4057.58,13.2,20.2,1
559,1,1,4103.13,13.2,20.2,1
560,0,1,6206.7,10.7,36.8,1
560,1,1,7493.75,10.7,36.8,1
561,0,1,6182.25,12.9,34.8,0
561,1,1,6661.92,12.9,34.8,0
562,0,0,5714.61,18.2,40.8,1
562,1,0,5698.8,18.2,40.8,1
563,0,1,5198.1,14.6,36.2,0
563,1,1,5738.15,14.6,36.2,0
564,0,1,4598.02,11.0,25.3,1
564,1,1,4588.74,11.0,25.3,1
565,0,1,6022.68,15.6,47.0,0
565,1,1,8520.95,15.6,47.0,0
566,0,1,6278.9,10.8,33.4,1
566,1,1,5731.25,10.8,33.4,1
567,0,1,4525.48,6.0,34.7,0
567,1,1,5307.34,6.0,34.7,0
568,0,1,6055.77,9.0,25.7,0
568,1,1,4999.77,9.0,25.7,0
569,0,1,5388.94,6.4,30.6,1
569,1,1,6582.18,6.4,30.6,1
570,0,1,3978.05,10.9,26.2,1
570,1,1,4393.06,10.9,26.2,1
571,0,1,4501.5,12.1,33.3,0
571,1,1,5832.9,12.1,33.3,0
572,0,0,6384.78,17.0,52.1,0
572,1,0,6910.42,17.0,52.1,0
573,0,1,5580.47,13.0,21.3,1
573,1,1,4854.63,13.0,21.3,1
574,0,0,3560.65,11.3,18.9,1
574,1,0,4710.85,11.3,18.9,1
575,0,0,6140.83,14.5,49.7,1
575,1,0,6110.0,14.5,49.7,1
576,0,1,4263.05,6.0,32.9,1
576,1,1,5150.1,6.0,32.9,1
577,0,1,6059.51,12.7,28.3,1
577,1,1,5908.88,12.7,28.3,1
578,0,1,5121.48,14.3,45.4,1
578,1,1,5485.18,14.3,45.4,1
579,0,0,4189.06,7.6,28.9,0
579,1,0,5079.75,7.6,28.9,0
580,0,1,5397.37,15.4,53.3,0
580,1,1,6174.16,15.4,53.3,0
581,0,0,5782.43,13.0,41.8,1
581,1,0,6808.03,13.0,41.8,1
582,0,1,4660.2,10.8,30.1,1
582,1,1,4444.6,10.8,30.1,1
583,0,1,6719.47,13.9,56.6,0
583,1,1,7273.45,13.9,56.6,0
584,0,1,5386.0,18.8,28.9,0
584,1,1,7644.94,18.8,28.9,0
585,0,1,5459.77,12.5,42.4,1
585,1,1,5953.92,12.5,42.4,1
586,0,1,3768.62,12.7,38.0,0
586,1,1,4445.45,12.7,38.0,0
587,0,1,5085.37,10.6,48.0,0
587,1,1,6165.02,10.6,48.0,0
588,0,0,5087.49,9.5,50.6,0
588,1,0,6906.17,9.5,50.6,0
589,0,0,5289.83,14.5,35.3,0
589,1,0,4603.8,14.5,35.3,0
590,0,1,4469.16,9.4,27.5,0
590,1,1,4280.46,9.4,27.5,0
591,0,1,4950.65,12.2,39.6,0
591,1,1,7793.15,12.2,39.6,0
592,0,0,5536.22,10.6,28.2,0
592,1,0,5480.6,10.6,28.2,0
593,0,1,5658.49,13.4,55.1,1
593,1,1,5302.82,13.4,55.1,1
594,0,0,4401.41,13.0,36.4,0
594,1,0,5138.74,13.0,36.4,0
595,0,1,4965.42,15.1,31.3,1
595,1,1,4447.56,15.1,31.3,1
596,0,1,4949.4,10.5,36.8,1
596,1,1,5802.43,10.5,36.8,1
597,0,1,5227.98,11.2,21.5,0
597,1,1,6450.34,11.2,21.5,0
598,0,1,4740.57,9.1,25.3,1
598,1,1,5023.82,9.1,25.3,1
599,0,0,6184.74,10.7,47.0,0
599,1,0,5108.88,10.7,47.0,0
600,0,0,6438.12,13.1,28.4,1
600,1,0,6482.58,13.1,28.4,1
601,0,1,5177.06,14.3,24.5,0
601,1,1,5584.7,14.3,24.5,0
602,0,1,4578.42,9.2,40.4,1
602,1,1,5460.92,9.2,40.4,1
603,0,0,6236.6,14.6,46.9,1
603,1,0,5503.63,14.6,46.9,1
604,0,1,5450.13,16.1,42.2,0
604,1,1,5804.22,16.1,42.2,0
605,0,0,6731.71,13.2,45.0,0
605,1,0,6308.17,13.2,45.0,0
606,0,1,5404.19,17.6,27.4,1
606,1,1,6004.29,17.6,27.4,1
607,0,1,5698.43,9.7,20.8,1
607,1,1,4879.74,9.7,20.8,1
608,0,0,5888.14,8.3,50.0,0
608,1,0,5367.11,8.3,50.0,0
609,0,0,4215.72,6.7,31.8,1
609,1,0,6328.97,6.7,31.8,1
610,0,1,4531.83,16.5,32.5,0
610,1,1,5050.65,16.5,32.5,0
611,0,1,5563.97,14.0,48.3,1
611,1,1,7156.11,14.0,48.3,1
612,0,1,6662.95,11.8,40.6,0
612,1,1,7232.09,11.8,40.6,0
613,0,1,6428.79,12.8,39.6,1
613,1,1,5933.94,12.8,39.6,1
614,0,1,4945.1,8.6,56.7,0
614,1,1,4585.8,8.6,56.7,0
615,0,1,8257.12,19.3,28.6,0
615,1,1,7710.21,19.3,28.6,0
616,0,1,4995.16,12.4,44.3,0
616,1,1,6303.16,12.4,44.3,0
617,0,0,5885.8,12.3,35.6,0
617,1,0,6366.3,12.3,35.6,0
618,0,0,4655.63,14.2,37.7,0
618,1,0,5191.28,14.2,37.7,0
619,0,0,6059.64,13.4,50.3,0
619,1,0,5447.93,13.4,50.3,0
620,0,1,5789.91,12.7,40.1,1
620,1,1,6802.28,12.7,40.1,1
621,0,0,4757.88,9.6,40.4,0
621,1,0,5015.01,9.6,40.4,0
622,0,1,5639.97,13.4,45.7,0
622,1,1,6281.26,13.4,45.7,0
623,0,1,6111.86,17.6,31.4,0
623,1,1,7739.29,17.6,31.4,0
624,0,1,4492.7,16.0,26.6,0
624,1,1,5028.29,16.0,26.6,0
625,0,0,6459.4,16.8,24.6,0
625,1,0,6247.94,16.8,24.6,0
626,0,0,3624.0,10.5,18.0,0
626,1,0,2857.46,10.5,18.0,0
627,0,0,4988.53,9.0,55.6,0
627,1,0,4715.86,9.0,55.6,0
628,0,0,5700.62,11.6,24.0,0
628,1,0,5691.06,11.6,24.0,0
629,0,0,4310.99,12.2,32.8,0
629,1,0,3634.87,12.2,32.8,0
630,0,1,4848.81,15.3,32.2,1
630,1,1,5735.75,15.3,32.2,1
631,0,1,3765.56,6.9,38.1,0
631,1,1,5020.91,6.9,38.1,0
632,0,1,8522.37,16.6,43.2,0
632,1,1,7967.59,16.6,43.2,0
633,0,1,5406.15,11.5,43.6,1
633,1,1,4960.93,11.5,43.6,1
634,0,0,5152.78,10.7,29.2,0
634,1,0,4078.85,10.7,29.2,0
635,0,1,5310.61,9.0,33.3,1
635,1,1,4976.46,9.0,33.3,1
636,0,1,6305.42,7.0,37.8,0
636,1,1,6767.49,7.0,37.8,0
637,0,0,5086.05,14.5,32.5,1
637,1,0,5308.59,14.5,32.5,1
638,0,1,4560.59,12.2,51.1,1
638,1,1,5996.39,12.2,51.1,1
639,0,0,6547.64,8.1,39.9,0
639,1,0,5205.82,8.1,39.9,0
640,0,1,6078.46,8.1,42.3,1
640,1,1,6060.51,8.1,42.3,1
641,0,1,5785.88,11.0,41.6,0
641,1,1,6694.9,11.0,41.6,0
642,0,0,5656.02,17.0,46.7,0
642,1,0,5722.11,17.0,46.7,0
643,0,1,5123.7,11.2,36.8,1
643,1,1,6197.31,11.2,36.8,1
644,0,1,4589.92,7.5,22.0,1
644,1,1,5356.65,7.5,22.0,1
645,0,1,4933.49,11.3,39.0,0
645,1,1,5856.74,11.3,39.0,0
646,0,0,6479.94,11.2,28.5,0
646,1,0,5808.86,11.2,28.5,0
647,0,1,5147.51,6.0,29.7,0
647,1,1,5754.87,6.0,29.7,0
648,0,0,5516.05,11.8,40.9,0
648,1,0,4958.31,11.8,40.9,0
649,0,0,6004.2,11.3,47.4,1
649,1,0,5102.86,11.3,47.4,1
650,0,0,5653.51,14.1,35.2,0
650,1,0,5584.23,14.1,35.2,0
651,0,1,6597.52,17.5,38.1,0
651,1,1,7184.78,17.5,38.1,0
652,0,1,6623.27,15.4,52.0,0
652,1,1,5574.7,15.4,52.0,0
653,0,1,4414.77,11.2,37.4,0
653,1,1,5221.67,11.2,37.4,0
654,0,1,6534.87,8.7,60.0,0
654,1,1,6303.12,8.7,60.0,0
655,0,0,6228.94,19.7,40.7,1
655,1,0,6442.13,19.7,40.7,1
656,0,0,3821.47,12.2,18.0,1
656,1,0,4265.77,12.2,18.0,1
657,0,0,5296.81,12.0,42.5,1
657,1,0,6131.22,12.0,42.5,1
658,0,0,6741.45,11.9,38.8,0
658,1,0,6823.09,11.9,38.8,0
659,0,0,4452.66,12.6,47.9,1
659,1,0,5092.31,12.6,47.9,1
660,0,0,6370.46,11.6,41.7,1
660,1,0,4953.33,11.6,41.7,1
661,0,0,5277.44,10.3,33.6,1
661,1,0,5473.69,10.3,33.6,1
662,0,0,5228.74,10.4,22.8,0
662,1,0,4620.9,10.4,22.8,0
663,0,0,2975.34,11.9,32.9,0
663,1,0,6259.01,11.9,32.9,0
664,0,0,4844.51,10.4,26.5,0
664,1,0,2910.96,10.4,26.5,0
665,0,1,4745.64,9.9,29.2,0
665,1,1,6184.5,9.9,29.2,0
666,0,1,5969.66,12.3,40.9,0
666,1,1,6398.21,12.3,40.9,0
667,0,1,4412.79,11.2,51.7,0
667,1,1,5478.59,11.2,51.7,0
668,0,0,6512.72,16.5,38.9,0
668,1,0,6894.36,16.5,38.9,0
669,0,0,4157.45,6.0,23.0,1
669,1,0,4206.86,6.0,23.0,1
670,0,1,6627.06,15.3,39.4,0
670,1,1,6295.33,15.3,39.4,0
671,0,0,6653.77,15.7,47.0,0
671,1,0,5945.17,15.7,47.0,0
672,0,0,4958.86,6.0,28.9,1
672,1,0,4628.53,6.0,28.9,1
673,0,0,5276.04,11.0,33.7,1
673,1,0,4116.48,11.0,33.7,1
674,0,0,5359.61,10.9,35.1,1
674,1,0,4820.06,10.9,35.1,1
675,0,0,4676.43,7.8,27.2,1
675,1,0,4683.39,7.8,27.2,1
676,0,0,5111.08,9.7,41.5,0
676,1,0,6425.04,9.7,41.5,0
677,0,1,6356.42,8.7,33.8,1
677,1,1,5822.33,8.7,33.8,1
678,0,0,5733.28,17.3,39.2,0
678,1,0,7973.53,17.3,39.2,0
679,0,0,3915.74,14.8,26.1,0
679,1,0,4808.34,14.8,26.1,0
680,0,1,5950.16,15.8,30.6,0
680,1,1,7218.67,15.8,30.6,0
681,0,0,5499.06,14.2,42.2,0
681,1,0,5118.15,14.2,42.2,0
682,0,0,3954.86,8.6,31.3,0
682,1,0,4301.66,8.6,31.3,0
683,0,1,4579.64,10.4,52.3,1
683,1,1,5466.13,10.4,52.3,1
684,0,0,4574.46,13.5,31.0,1
684,1,0,4106.91,13.5,31.0,1
685,0,0,6476.3,8.3,37.2,1
685,1,0,5802.2,8.3,37.2,1
686,0,0,5470.28,14.1,44.3,0
686,1,0,6337.79,14.1,44.3,0
687,0,0,5883.76,11.3,20.8,1
687,1,0,4564.99,11.3,20.8,1
688,0,1,4325.75,10.9,18.0,1
688,1,1,3790.91,10.9,18.0,1
689,0,1,6254.55,14.1,19.7,0
689,1,1,5695.58,14.1,19.7,0
690,0,0,4978.42,13.3,47.6,1
690,1,0,4835.6,13.3,47.6,1
691,0,1,4639.21,10.9,29.5,0
691,1,1,5380.74,10.9,29.5,0
692,0,1,5881.79,15.5,60.0,0
692,1,1,5977.1,15.5,60.0,0
693,0,0,5437.09,8.8,29.4,1
693,1,0,5067.85,8.8,29.4,1
694,0,1,5111.86,13.8,36.8,0
694,1,1,4575.16,13.8,36.8,0
695,0,0,7037.99,13.8,50.4,0
695,1,0,6629.21,13.8,50.4,0
696,0,0,5631.64,11.1,55.1,1
696,1,0,6928.96,11.1,55.1,1
697,0,0,7159.3,13.0,55.6,1
697,1,0,6388.73,13.0,55.6,1
698,0,0,4757.01,8.2,47.1,0
698,1,0,4580.31,8.2,47.1,0
699,0,0,6727.52,14.8,45.2,0
699,1,0,6323.7,14.8,45.2,0
700,0,1,6183.09,11.4,40.9,0
700,1,1,6111.68,11.4,40.9,0
701,0,0,5121.53,10.4,42.8,1
701,1,0,3851.95,10.4,42.8,1
702,0,0,5758.65,15.1,29.5,0
702,1,0,7248.23,15.1,29.5,0
703,0,0,4609.14,9.9,26.8,0
703,1,0,4697.63,9.9,26.8,0
704,0,1,4381.14,7.8,35.0,1
704,1,1,4178.31,7.8,35.0,1
705,0,1,3001.09,7.3,33.3,0
705,1,1,4726.22,7.3,33.3,0
706,0,1,5124.3,13.8,30.5,0
706,1,1,5188.28,13.8,30.5,0
707,0,1,5950.91,8.2,42.0,0
707,1,1,6336.42,8.2,42.0,0
708,0,1,6614.61,17.3,44.6,1
708,1,1,6531.99,17.3,44.6,1
709,0,0,4771.53,6.0,35.9,0
709,1,0,4892.29,6.0,35.9,0
710,0,1,6219.6,17.1,49.8,0
710,1,1,7081.25,17.1,49.8,0
711,0,1,4445.25,12.6,23.6,1
711,1,1,5389.46,12.6,23.6,1
712,0,1,5875.81,11.7,33.1,0
712,1,1,5774.55,11.7,33.1,0
713,0,1,4277.58,10.4,27.8,0
713,1,1,3551.66,10.4,27.8,0
714,0,0,3843.29,13.2,18.0,0
714,1,0,5029.83,13.2,18.0,0
715,0,0,5097.12,11.9,34.2,0
715,1,0,5403.54,11.9,34.2,0
716,0,0,5723.42,15.3,33.8,0
716,1,0,4972.44,15.3,33.8,0
717,0,1,5618.44,12.3,50.1,0
717,1,1,5162.04,12.3,50.1,0
718,0,0,6742.52,12.5,41.3,0
718,1,0,4732.54,12.5,41.3,0
719,0,0,5202.09,10.9,24.8,0
719,1,0,4889.13,10.9,24.8,0
720,0,1,6458.81,11.8,53.5,1
720,1,1,6477.83,11.8,53.5,1
721,0,0,4857.47,12.9,47.2,1
721,1,0,5864.41,12.9,47.2,1
722,0,1,4720.2,6.9,40.8,1
722,1,1,5513.65,6.9,40.8,1
723,0,0,4723.71,8.0,32.7,1
723,1,0,4444.63,8.0,32.7,1
724,0,0,5842.14,14.2,25.4,0
724,1,0,5635.07,14.2,25.4,0
725,0,0,4813.92,12.5,31.3,1
725,1,0,4569.36,12.5,31.3,1
726,0,1,5805.17,11.4,45.9,0
726,1,1,5524.73,11.4,45.9,0
727,0,0,5742.68,12.1,53.8,1
727,1,0,4722.0,12.1,53.8,1
728,0,0,6361.11,13.0,50.4,1
728,1,0,5236.11,13.0,50.4,1
729,0,1,6077.34,10.4,30.1,1
729,1,1,5575.66,10.4,30.1,1
730,0,0,4635.09,9.7,23.8,1
730,1,0,4002.1,9.7,23.8,1
731,0,1,5026.31,12.6,36.4,1
731,1,1,5927.25,12.6,36.4,1
732,0,1,4397.43,9.1,18.0,0
732,1,1,5170.76,9.1,18.0,0
733,0,0,4988.15,13.2,38.2,0
733,1,0,5765.97,13.2,38.2,0
734,0,1,4245.54,6.9,33.5,1
734,1,1,4991.47,6.9,33.5,1
735,0,0,5783.42,15.1,30.3,0
735,1,0,7388.59,15.1,30.3,0
736,0,1,3857.76,13.4,19.1,1
736,1,1,5338.79,13.4,19.1,1
737,0,0,4669.03,12.8,40.1,1
737,1,0,4263.31,12.8,40.1,1
738,0,1,6075.17,14.9,29.7,0
738,1,1,6447.73,14.9,29.7,0
739,0,0,5649.46,17.0,23.3,1
739,1,0,5764.49,17.0,23.3,1
740,0,1,6741.73,15.0,18.0,1
740,1,1,5848.17,15.0,18.0,1
741,0,0,4816.73,6.5,34.7,1
741,1,0,4041.92,6.5,34.7,1
742,0,0,5578.64,8.2,52.7,1
742,1,0,5404.82,8.2,52.7,1
743,0,0,5310.24,10.1,51.6,0
743,1,0,6034.01,10.1,51.6,0
744,0,0,6019.54,12.1,30.4,1
744,1,0,5506.46,12.1,30.4,1
745,0,1,4003.84,13.6,29.0,1
745,1,1,5533.53,13.6,29.0,1
746,0,0,6317.13,9.8,39.7,0
746,1,0,4974.04,9.8,39.7,0
747,0,1,5239.48,12.6,25.0,0
747,1,1,6092.39,12.6,25.0,0
748,0,1,5201.81,9.7,38.0,1
748,1,1,5355.33,9.7,38.0,1
749,0,1,3916.18,10.2,42.7,0
749,1,1,5271.43,10.2,42.7,0
750,0,0,4187.81,7.8,47.3,1
750,1,0,4638.41,7.8,47.3,1
751,0,0,4102.75,9.2,34.0,1
751,1,0,4878.07,9.2,34.0,1
752,0,1,4900.89,7.9,33.0,0
752,1,1,5655.16,7.9,33.0,0
753,0,0,4553.29,9.1,26.2,1
753,1,0,5760.84,9.1,26.2,1
754,0,0,4920.89,15.2,26.7,1
754,1,0,4286.98,15.2,26.7,1
755,0,1,5034.31,9.2,32.7,0
755,1,1,5978.4,9.2,32.7,0
756,0,1,6697.47,19.9,38.7,0
756,1,1,7941.33,19.9,38.7,0
757,0,1,5791.9,13.5,44.1,0
757,1,1,6703.91,13.5,44.1,0
758,0,0,4042.03,12.6,27.0,0
758,1,0,5307.84,12.6,27.0,0
759,0,1,5565.11,9.4,49.9,1
759,1,1,5308.83,9.4,49.9,1
760,0,0,5025.64,14.1,32.3,0
760,1,0,6178.7,14.1,32.3,0
761,0,0,4322.22,10.3,34.8,1
761,1,0,4728.52,10.3,34.8,1
762,0,1,4247.87,12.4,27.5,0
762,1,1,4519.45,12.4,27.5,0
763,0,0,4998.65,19.7,18.0,0
763,1,0,4621.6,19.7,18.0,0
764,0,0,7090.61,11.7,43.8,1
764,1,0,6242.53,11.7,43.8,1
765,0,0,6919.89,15.4,42.4,1
765,1,0,5329.73,15.4,42.4,1
766,0,1,3963.29,9.9,32.2,0
766,1,1,4954.77,9.9,32.2,0
767,0,1,5582.46,11.9,35.7,0
767,1,1,5526.11,11.9,35.7,0
768,0,1,6679.71,17.3,40.2,0
768,1,1,5777.98,17.3,40.2,0
769,0,1,4562.55,10.1,19.4,0
769,1,1,5048.4,10.1,19.4,0
770,0,0,4297.3,17.4,29.7,1
770,1,0,4994.5,17.4,29.7,1
771,0,0,6023.62,14.1,42.9,0
771,1,0,5902.38,14.1,42.9,0
772,0,0,6059.85,10.3,22.5,0
772,1,0,6047.9,10.3,22.5,0
773,0,0,5432.38,13.9,37.9,0
773,1,0,4941.63,13.9,37.9,0
774,0,0,5268.89,14.9,21.4,1
774,1,0,5255.66,14.9,21.4,1
775,0,1,5858.76,13.9,39.7,1
775,1,1,6428.73,13.9,39.7,1
776,0,0,4778.28,7.3,34.6,0
776,1,0,4941.13,7.3,34.6,0
777,0,0,3714.15,9.8,18.8,1
777,1,0,4197.18,9.8,18.8,1
778,0,0,6057.91,11.3,46.6,0
778,1,0,5596.76,11.3,46.6,0
779,0,0,5637.66,11.8,27.7,0
779,1,0,4636.22,11.8,27.7,0
780,0,1,4693.85,13.9,26.9,1
780,1,1,6103.15,13.9,26.9,1
781,0,0,5133.21,12.5,37.0,1
781,1,0,5596.41,12.5,37.0,1
782,0,0,3831.09,8.0,46.5,1
782,1,0,5750.3,8.0,46.5,1
783,0,1,6232.12,13.1,24.8,1
783,1,1,5323.22,13.1,24.8,1
784,0,0,4903.96,13.8,35.6,0
784,1,0,6191.87,13.8,35.6,0
785,0,0,4707.55,13.7,39.3,1
785,1,0,4660.76,13.7,39.3,1
786,0,0,4557.86,15.2,41.9,0
786,1,0,5506.8,15.2,41.9,0
787,0,1,5569.17,14.5,36.8,1
787,1,1,6681.09,14.5,36.8,1
788,0,1,4915.61,13.4,31.3,0
788,1,1,5702.2,13.4,31.3,0
789,0,1,5700.09,11.8,26.7,1
789,1,1,6888.01,11.8,26.7,1
790,0,0,3652.14,7.0,35.9,0
790,1,0,4768.46,7.0,35.9,0
791,0,1,6456.76,13.3,24.3,0
791,1,1,7379.14,13.3,24.3,0
792,0,0,5064.96,12.6,18.0,1
792,1,0,3940.81,12.6,18.0,1
793,0,0,6093.74,12.8,39.4,0
793,1,0,6619.07,12.8,39.4,0
794,0,0,4511.29,8.2,44.0,0
794,1,0,4790.97,8.2,44.0,0
795,0,0,4646.17,8.8,18.0,0
795,1,0,2770.13,8.8,18.0,0
796,0,1,7080.12,15.2,24.9,0
796,1,1,5712.5,15.2,24.9,0
797,0,1,6430.01,11.9,41.2,0
797,1,1,6877.56,11.9,41.2,0
798,0,1,7206.85,14.0,55.6,0
798,1,1,7452.81,14.0,55.6,0
799,0,1,5615.29,12.1,35.2,1
799,1,1,5348.14,12.1,35.2,1
800,0,1,5350.32,12.1,27.7,0
800,1,1,4382.59,12.1,27.7,0
