satisfaction,age,female,educ,tenure,log_wage
3.0,23.0,1.0,15.0,9.791272422981322,2.3386895745516543
4.0,50.0,1.0,14.0,0.8954900837655559,2.0337461008710536
2.0,46.0,1.0,17.0,7.376521409308083,2.4595023929029645
3.0,37.0,1.0,17.0,13.885491595891029,2.5842545242831245
3.0,37.0,1.0,15.0,0.7636537851202941,2.022358985176649
2.0,54.0,1.0,11.0,8.817318379625041,2.1006598590382852
3.0,23.0,0.0,13.0,1.5141203050192558,1.9821115432330583
3.0,47.0,1.0,12.0,0.6119544222303284,2.796018765106755
3.0,28.0,0.0,14.0,0.5166297918669743,2.1782470669451843
2.0,23.0,0.0,16.0,2.5959218244172257,2.78952886375314
2.0,41.0,0.0,11.0,0.0729140935844849,1.9920424416935383
1.0,59.0,1.0,13.0,1.407128173824853,2.241857574198721
1.0,49.0,0.0,8.0,2.610203978189623,1.5296928182883154
2.0,50.0,0.0,15.0,2.9308633233272356,2.145186855672913
1.0,48.0,0.0,12.0,1.1583271826548154,2.1747436730633223
3.0,51.0,0.0,12.0,1.912579734251103,2.594926946630471
3.0,40.0,0.0,13.0,1.0092216198155328,2.2266870495010362
2.0,25.0,1.0,10.0,1.3934343049332532,2.429050451407232
3.0,53.0,0.0,13.0,5.988460572110262,2.4021033387819783
2.0,38.0,1.0,15.0,2.6738463483750676,2.7649588653231567
2.0,40.0,1.0,11.0,6.827587247311947,2.1005632072816027
2.0,34.0,0.0,9.0,1.382725604042694,2.680894069235968
3.0,27.0,0.0,11.0,0.1362561633151096,1.905743700758914
1.0,57.0,1.0,9.0,3.8564926793638326,1.7586263765343375
3.0,51.0,0.0,11.0,6.288709266545021,1.74987123775874
2.0,45.0,0.0,14.0,0.49979826011914574,2.904305384068613
2.0,36.0,1.0,9.0,5.658436811162151,2.2524186398969905
1.0,52.0,1.0,15.0,0.613096585228233,2.15589474583819
3.0,41.0,1.0,10.0,1.7947571943359635,2.3926543810054084
3.0,37.0,0.0,16.0,4.077244260021896,2.5470800981355537
3.0,38.0,1.0,15.0,0.5069786067319991,2.844908027479997
4.0,29.0,1.0,10.0,4.876902007201561,1.5844191702500423
4.0,23.0,0.0,13.0,3.8044698589604553,2.108436666095328
2.0,42.0,1.0,9.0,5.360550816045478,1.8648490929776074
1.0,55.0,0.0,8.0,0.4006763263927059,1.3119019603413467
3.0,22.0,0.0,17.0,1.4548412772716237,2.6826465742066246
2.0,54.0,1.0,16.0,8.230222011208507,2.301183253371077
3.0,53.0,0.0,9.0,0.1188555129076762,2.1730779166250453
3.0,31.0,0.0,10.0,8.707119180039314,2.7950027720992767
2.0,45.0,1.0,9.0,6.52397195929168,1.9092666120446342
3.0,26.0,1.0,11.0,0.4851647161679129,1.9285057523645326
4.0,50.0,1.0,10.0,0.8374531796935769,2.0439737827141347
3.0,48.0,1.0,11.0,7.51354830429127,2.4213096889379355
2.0,34.0,1.0,13.0,3.301366172920635,2.0129997541361613
4.0,22.0,0.0,9.0,2.7424018220876674,1.7881355390812375
3.0,58.0,0.0,16.0,1.5558638824418214,2.6327154198968277
2.0,37.0,0.0,15.0,2.8609196225577636,2.392200993376988
2.0,55.0,0.0,15.0,2.2186824834618886,1.6587683459331726
2.0,47.0,1.0,9.0,2.643390305447631,1.6088163632137438
3.0,51.0,0.0,15.0,8.883477785357012,2.7892055370017332
1.0,50.0,0.0,16.0,0.17389931459490826,2.4223174780695924
1.0,27.0,0.0,9.0,10.934717826966331,1.8306883989584886
1.0,34.0,0.0,15.0,1.6904270173656548,2.215781373003162
1.0,38.0,1.0,11.0,1.659488479793449,2.0705658866384353
2.0,39.0,0.0,15.0,5.658347845454076,2.5273034865385897
3.0,21.0,0.0,12.0,9.814404241764919,1.7906650239600126
2.0,41.0,0.0,16.0,4.086177469578897,2.0885770330946514
2.0,26.0,0.0,9.0,1.3824155121531096,2.045710881580548
1.0,49.0,1.0,11.0,0.5461340955039364,2.025510966806404
2.0,47.0,0.0,10.0,2.700427941716037,2.198562034208173
2.0,56.0,0.0,10.0,0.3861253269456428,1.6350090340615773
3.0,49.0,0.0,11.0,9.524970502005562,2.2523883079014517
2.0,34.0,1.0,11.0,1.7349113724455332,2.394824199537697
2.0,58.0,1.0,9.0,6.462625888879292,2.160671823033578
5.0,36.0,1.0,15.0,8.183072687487922,2.3735642488033566
2.0,33.0,1.0,13.0,4.291096079423576,2.1641458800244444
2.0,56.0,1.0,16.0,6.616520547990776,2.1157098596484567
2.0,34.0,0.0,15.0,4.172533443924744,2.2701257567073108
2.0,23.0,0.0,9.0,2.125422937036056,2.349165985234482
2.0,38.0,1.0,8.0,6.298743420475921,1.9272788822247215
2.0,51.0,0.0,12.0,5.838650392874102,1.891445307124218
1.0,27.0,1.0,12.0,0.764146602986081,1.959967339400245
1.0,38.0,0.0,10.0,7.091304131514481,2.1311681304979238
2.0,25.0,1.0,15.0,2.248581201839693,2.160431612864143
3.0,47.0,1.0,13.0,13.412143106853696,2.429712415987479
2.0,39.0,1.0,15.0,9.24503638153632,2.499303492040072
2.0,33.0,1.0,9.0,3.6116384457084165,2.2528113385784785
3.0,29.0,1.0,16.0,4.681338206449219,2.773881223744002
3.0,42.0,1.0,10.0,0.7083460346543725,2.305841077658252
2.0,46.0,0.0,12.0,3.3716498657810763,1.8534447794134228
2.0,57.0,0.0,12.0,2.9232048557369046,1.8581717145844876
2.0,37.0,1.0,16.0,2.3009103358762326,2.300277660420815
3.0,26.0,0.0,10.0,3.0698044292989017,1.8953454371211647
3.0,53.0,0.0,10.0,20.730803346724063,1.865810015378958
3.0,45.0,1.0,11.0,0.7525745041699318,1.9250182067898007
3.0,48.0,1.0,11.0,0.4505198722433611,1.9121513186367216
3.0,23.0,0.0,9.0,3.0018447456691764,1.77846412552833
2.0,32.0,0.0,9.0,2.0036816159144797,1.8752999703126432
3.0,50.0,0.0,10.0,5.184883090994599,2.405384086005445
3.0,53.0,0.0,12.0,1.403943588666245,2.173810848261434
2.0,37.0,1.0,11.0,9.688176425101148,2.888424487067652
2.0,52.0,0.0,11.0,8.211392215579599,2.1832663779616905
2.0,53.0,0.0,15.0,1.0384546730280373,2.173364814549105
3.0,35.0,1.0,10.0,0.6736285096478277,2.007976149892938
2.0,55.0,0.0,17.0,5.661792309708754,2.4835655166301494
2.0,31.0,0.0,15.0,0.16887377008843543,2.3822649248522034
2.0,29.0,1.0,9.0,1.5315292611890063,2.5883286903695972
1.0,47.0,1.0,11.0,10.044755098385792,1.8968514114905872
2.0,45.0,1.0,9.0,0.6838734558033056,2.2145525520113534
2.0,25.0,1.0,10.0,4.306908357149427,2.1053942628557314
2.0,53.0,0.0,11.0,3.1165571728166035,1.6098362489569809
4.0,27.0,1.0,9.0,16.627745843102083,2.34748709305945
1.0,52.0,1.0,8.0,2.2811621255951016,2.3030986894971224
2.0,20.0,1.0,12.0,8.47872956235199,1.927634374490291
1.0,51.0,1.0,15.0,11.79639592472083,2.3652837988796174
1.0,51.0,1.0,11.0,0.8169906762505714,1.5405636281601944
2.0,51.0,1.0,16.0,3.248473820439088,1.9548428002990896
2.0,46.0,0.0,11.0,3.723745326804054,2.401646326553216
4.0,38.0,1.0,17.0,3.209922744916338,2.242174275646933
3.0,48.0,0.0,10.0,8.728719136535913,1.7546462988839473
2.0,31.0,1.0,13.0,0.25484047627769046,2.2213865141003057
2.0,51.0,1.0,15.0,1.3475680216942079,2.106751950787635
3.0,42.0,1.0,8.0,1.0570485553122309,1.7693239882204614
3.0,38.0,1.0,17.0,0.43968056320824095,2.5761946133345535
1.0,40.0,0.0,11.0,1.2959022889791803,1.7144390152094877
1.0,42.0,1.0,12.0,1.9030011472000907,1.8474204476674514
2.0,21.0,1.0,14.0,1.9597209743070312,2.265821207387731
3.0,25.0,0.0,14.0,0.155833582526621,2.4923812730497277
5.0,29.0,0.0,8.0,3.638698307764561,2.3078350735246005
2.0,24.0,0.0,16.0,0.8647359367430157,2.1091288432589432
2.0,37.0,1.0,14.0,2.64395389022166,2.507652628978111
1.0,46.0,0.0,17.0,3.265287464511861,2.147410186603996
3.0,46.0,1.0,12.0,4.521641140564866,2.6930792154776886
1.0,38.0,0.0,14.0,2.3840424078763705,1.8837091164528452
3.0,54.0,1.0,12.0,0.4309805435987012,2.5028534486735063
3.0,42.0,0.0,16.0,0.05926178032545454,2.103646785757637
3.0,23.0,1.0,16.0,2.493993499895806,2.928913871437338
2.0,50.0,0.0,17.0,7.93154059172153,2.6067116245729607
3.0,42.0,1.0,13.0,17.499017516852785,2.020185216346061
3.0,45.0,1.0,15.0,6.562451238595628,2.1589529685232045
2.0,42.0,1.0,11.0,2.2146933981573325,2.3065012955486957
5.0,42.0,1.0,12.0,13.374961416661977,2.549542939451288
2.0,23.0,0.0,15.0,11.987327289900083,2.348658595381662
3.0,42.0,0.0,8.0,7.264718808659238,1.9860446723756322
1.0,51.0,0.0,15.0,12.335124201187998,2.6008571518050996
3.0,32.0,0.0,8.0,6.87152098701652,2.008254737973411
4.0,44.0,1.0,13.0,3.7242784392461785,1.799191326590949
2.0,21.0,1.0,12.0,7.746446421314132,1.9335722568210871
3.0,33.0,1.0,12.0,4.972491828054558,2.2202609012260455
3.0,37.0,1.0,12.0,11.466403488450949,2.5793087598338174
2.0,59.0,1.0,12.0,1.2288324776335677,2.5970830520249497
3.0,28.0,1.0,12.0,0.7501398658143689,2.341360224889579
1.0,31.0,0.0,12.0,3.046620901460688,2.2166534373255162
2.0,36.0,0.0,13.0,0.6033205874055898,2.380677371668799
3.0,59.0,1.0,15.0,3.119094343352684,2.0811656883714704
3.0,54.0,1.0,13.0,5.672343155164887,2.160754143474185
2.0,21.0,0.0,14.0,9.530290921016357,2.0480636928083205
2.0,29.0,1.0,16.0,17.497309032219185,2.1003503071098786
2.0,52.0,1.0,17.0,1.8957141361045213,2.469021844851907
3.0,22.0,0.0,9.0,2.4097031356057883,2.029751023331481
1.0,54.0,0.0,15.0,2.188429121022449,2.4781800365629283
3.0,31.0,1.0,10.0,0.23343777080408523,2.166167926975775
3.0,56.0,1.0,9.0,0.8664419872872218,2.031457701270031
2.0,31.0,0.0,15.0,0.5320376581658769,2.422305376284925
3.0,37.0,1.0,8.0,4.116825543515765,1.9283633265669144
2.0,46.0,0.0,16.0,2.800987163172916,2.451877290198449
3.0,25.0,1.0,15.0,14.043140870019355,2.172588087894286
1.0,42.0,0.0,17.0,0.1417107194200653,2.46232888488594
3.0,40.0,1.0,14.0,1.5926491840353334,2.416451797426156
1.0,51.0,0.0,16.0,2.5258472162383705,2.124354043740723
2.0,59.0,0.0,9.0,4.552439795389766,2.011074027651752
2.0,46.0,1.0,16.0,1.3112676339647125,2.1260319234508387
1.0,36.0,0.0,9.0,1.8722627805481538,1.810770618850647
1.0,36.0,0.0,11.0,1.3323822750788648,1.725845016220142
4.0,36.0,0.0,9.0,5.754275468195028,2.387275232231917
3.0,52.0,1.0,12.0,1.3159372204490603,2.432864924620505
2.0,32.0,1.0,15.0,6.212119348571809,2.4733513497539192
3.0,26.0,1.0,10.0,6.24227583037562,2.6540815438869
2.0,33.0,0.0,16.0,3.8011481801883207,2.2812377728313655
5.0,20.0,0.0,14.0,1.8263165442813614,3.127791889976004
3.0,24.0,0.0,14.0,0.5864639731307582,2.137605815122342
2.0,23.0,1.0,17.0,2.8284731848412843,2.454842737375218
4.0,50.0,1.0,12.0,5.614463562793423,2.0368112614458718
1.0,48.0,1.0,11.0,30.0,2.461697668018091
3.0,47.0,1.0,17.0,1.8655680678862607,2.619340159044736
4.0,38.0,0.0,13.0,0.7173365816311462,2.122998447900386
2.0,48.0,1.0,14.0,0.4541978057663927,2.73755793219295
1.0,26.0,0.0,10.0,11.089582983289501,2.182640615222933
2.0,56.0,0.0,10.0,3.4321882608460936,2.1154674984415207
3.0,40.0,0.0,9.0,1.7653087578775362,1.69495377922466
2.0,57.0,0.0,10.0,2.931186774131198,2.154861590106427
1.0,26.0,0.0,9.0,2.033215771107171,1.930123991468262
2.0,39.0,0.0,15.0,2.7684715134109354,2.0952127963329237
1.0,47.0,0.0,8.0,4.871987867602041,1.7157775562315112
3.0,39.0,1.0,14.0,1.2753783536823702,3.0142827974638298
4.0,37.0,0.0,17.0,6.743319159578819,2.3383900165420775
3.0,26.0,0.0,15.0,7.894989729010683,1.8918542710557265
3.0,35.0,1.0,12.0,0.7235134641905099,1.8977686967221337
1.0,29.0,1.0,8.0,0.7884263365360965,1.8924139115224967
1.0,32.0,1.0,16.0,2.8317685907149883,2.4923177956920948
3.0,47.0,0.0,8.0,6.798961161440861,2.1344285681320025
1.0,45.0,1.0,14.0,2.2425696542843503,2.4254100620758012
3.0,44.0,0.0,14.0,25.688752533666054,2.263429433345462
3.0,34.0,0.0,9.0,8.22672495360342,2.1343993825864978
1.0,58.0,1.0,15.0,0.2701538399007879,1.9898836991658342
1.0,23.0,1.0,9.0,4.381280873613603,1.8079199138319324
2.0,33.0,1.0,10.0,6.628034114108797,1.7909676487910104
3.0,24.0,1.0,16.0,0.6820109026713221,1.9503034526472323
4.0,33.0,1.0,17.0,9.444602760210778,2.7637088742595104
3.0,58.0,0.0,10.0,1.2285351564536842,2.218868861858203
3.0,34.0,0.0,17.0,1.1661128793831859,2.654660739787271
2.0,56.0,0.0,17.0,4.7036929780546926,2.408830849587836
1.0,39.0,0.0,15.0,0.3311631406076029,2.48635394106562
1.0,47.0,1.0,9.0,5.219962777199059,1.473812806379227
3.0,38.0,0.0,10.0,1.4014111115383394,2.27294036652899
3.0,30.0,1.0,14.0,1.195200592952165,2.265087954931031
1.0,50.0,1.0,17.0,6.021958053257678,2.5983524605773263
2.0,58.0,1.0,16.0,3.4195502020534763,2.4482024917351186
3.0,30.0,0.0,12.0,6.338737555148823,1.8672708291904223
2.0,51.0,0.0,10.0,3.9184791711891864,1.5897728590945777
1.0,30.0,1.0,17.0,10.712309029060505,2.243506840435716
5.0,48.0,1.0,10.0,7.960193749795509,2.2490771218798287
2.0,51.0,1.0,11.0,2.4561099920857425,2.281588524473476
3.0,37.0,1.0,17.0,5.229688468382031,1.9919142014692612
2.0,49.0,1.0,13.0,0.6122463601413389,1.8617926533609488
2.0,30.0,0.0,10.0,6.023712980357931,1.8432664240213275
1.0,23.0,1.0,8.0,0.5821584121838765,1.798630066041794
4.0,23.0,0.0,12.0,0.09111199023198746,1.6922958706465243
3.0,37.0,1.0,17.0,2.5761094835307494,1.9491455649932676
3.0,56.0,1.0,12.0,2.1772988173524586,1.8752223992512587
3.0,25.0,1.0,14.0,5.682039288215933,2.2826965437496614
1.0,38.0,0.0,10.0,0.426432261109852,1.6500860206850512
4.0,48.0,0.0,15.0,11.45709220718577,2.329829869080328
2.0,28.0,1.0,15.0,9.166304168166764,2.659228886524212
3.0,48.0,0.0,14.0,13.86278140591704,1.9480938928351175
1.0,32.0,0.0,15.0,0.5001391107900223,2.1930676635847384
1.0,52.0,0.0,13.0,2.145319541623338,2.4788802155414653
2.0,43.0,0.0,11.0,0.9378263103853182,1.9338977459947102
1.0,41.0,0.0,15.0,1.2271355716440258,2.090170448458915
1.0,27.0,1.0,16.0,2.9147181540089573,2.6781959258320316
3.0,38.0,0.0,16.0,1.532226311934671,2.223461639427882
4.0,54.0,0.0,10.0,1.248106582069997,2.3438295733823704
4.0,20.0,0.0,14.0,2.2230347225048313,2.350919964563208
2.0,50.0,0.0,8.0,3.816708896162239,1.8353136930886713
2.0,39.0,0.0,13.0,0.9249439927845426,2.3031565991071044
3.0,48.0,1.0,13.0,2.0272136063171646,2.266406990216983
3.0,46.0,0.0,11.0,3.1451864397109404,2.3877167106978514
2.0,37.0,0.0,17.0,10.330889958073309,2.2888052382212276
2.0,32.0,0.0,16.0,3.838664431029285,2.3507484643447785
3.0,45.0,0.0,8.0,13.832126226831027,2.019866558386919
3.0,25.0,0.0,10.0,14.94869128994492,2.3607313553913847
2.0,43.0,0.0,10.0,1.082174403715418,1.7032679857039015
3.0,23.0,1.0,16.0,0.4850784850793214,2.6099438993221495
4.0,45.0,0.0,13.0,14.738889718817061,2.4372875288392954
4.0,45.0,1.0,15.0,12.121662021859683,1.976139098128713
4.0,23.0,0.0,16.0,20.742188641492888,2.869900734059079
4.0,50.0,0.0,15.0,7.1387549701505755,2.991615473940825
2.0,36.0,0.0,8.0,0.5320427193062465,2.205870618057885
4.0,51.0,1.0,9.0,4.734181367039475,2.4254372438383354
3.0,21.0,1.0,11.0,3.7645339493300023,2.1132567539740763
5.0,27.0,0.0,11.0,8.745381504623143,1.6390023391246782
1.0,39.0,0.0,15.0,1.0777326743532154,1.707541191393275
1.0,27.0,0.0,9.0,0.951608735342024,2.0360407005137477
3.0,33.0,0.0,11.0,4.250118087851193,1.9149075385595178
2.0,46.0,1.0,10.0,0.6552039389590394,1.732179155891385
4.0,25.0,0.0,9.0,0.7137883544815022,1.9383138783542124
2.0,47.0,0.0,9.0,11.574368103513887,2.2504192673935255
3.0,24.0,1.0,9.0,13.670215927544794,1.6508748952468038
4.0,27.0,0.0,13.0,10.329627433580368,2.1186329882516883
3.0,43.0,0.0,12.0,6.545071671841719,2.618411921654512
1.0,51.0,1.0,12.0,1.966714048056307,1.797080626414151
4.0,26.0,0.0,12.0,2.016279292666751,2.3810911490761546
4.0,31.0,0.0,15.0,9.363223920937294,2.198213010744675
3.0,57.0,0.0,16.0,17.50364943819832,2.638774622336969
3.0,59.0,1.0,13.0,0.025010236619396328,2.479448354527054
3.0,43.0,0.0,14.0,24.186261734987134,2.664247147445378
2.0,37.0,0.0,15.0,1.0618466840732108,2.533366347504895
3.0,33.0,0.0,14.0,8.82371782073995,1.9427591181850128
2.0,44.0,0.0,9.0,1.2050216332009502,2.296148128354399
2.0,43.0,1.0,17.0,2.2653588545913332,2.1168456541554677
1.0,31.0,0.0,9.0,5.156774546822907,2.0794302751396905
2.0,20.0,1.0,12.0,1.3914082327364963,2.191387938426533
3.0,26.0,1.0,14.0,12.162449722102622,2.467161264881901
2.0,58.0,1.0,12.0,0.7716003186927707,2.208803006004985
2.0,36.0,0.0,10.0,0.34816211339756675,1.7503386275765587
3.0,39.0,1.0,17.0,16.021942790376904,2.1052592042150544
2.0,38.0,1.0,8.0,8.248106610126362,2.244185670089794
4.0,51.0,0.0,10.0,2.3562166387146957,2.0793125396428214
3.0,22.0,1.0,17.0,3.2014529757603025,2.7268275820449484
2.0,23.0,1.0,15.0,5.4489857830857975,2.2910699775744976
3.0,31.0,0.0,8.0,8.046954527521317,1.558920237072125
1.0,39.0,1.0,15.0,2.3723804757709965,2.5635627090589415
2.0,46.0,0.0,17.0,5.105167732727609,2.289940494428944
3.0,39.0,1.0,8.0,1.5805159435181673,2.0184061966614877
1.0,37.0,1.0,12.0,0.16863088059448816,1.907448480262089
4.0,57.0,0.0,12.0,9.058014056441888,2.6838706536345263
4.0,26.0,1.0,9.0,0.549380264349054,1.6925243553885314
2.0,42.0,0.0,10.0,0.10363719052130571,1.8998074456733605
3.0,41.0,1.0,9.0,10.932880690551352,2.0915634177147084
3.0,38.0,1.0,9.0,11.532129328369846,1.7376665951576111
2.0,52.0,0.0,12.0,2.981098108962531,2.228966839665904
3.0,30.0,0.0,12.0,4.058327070614728,2.624156413946394
1.0,58.0,0.0,10.0,2.2304985460999656,1.8751663372528864
2.0,33.0,0.0,10.0,2.657320763930212,2.14511605334882
1.0,41.0,0.0,9.0,1.385119816414265,1.139020582352576
3.0,40.0,0.0,15.0,1.2266525693940658,2.2505877655484885
3.0,53.0,0.0,10.0,2.070823892841482,1.9267955531505532
2.0,37.0,0.0,17.0,8.964691022912142,2.194097629506006
2.0,31.0,1.0,13.0,16.026168174392122,2.6346968226324807
2.0,20.0,1.0,16.0,8.063389697835754,2.282760792491209
3.0,34.0,1.0,14.0,6.142929405236445,2.2081860479242885
4.0,53.0,0.0,10.0,3.260327217579343,1.919445409739072
3.0,20.0,1.0,14.0,1.6912394104346193,1.6418676325748234
2.0,55.0,1.0,10.0,5.020482919587468,1.7106088971727862
3.0,41.0,0.0,9.0,0.3373959645259602,2.2417020054813244
2.0,25.0,0.0,10.0,19.309304011387848,1.560107846049887
2.0,32.0,1.0,10.0,6.170902273407258,1.8318144178493607
1.0,42.0,0.0,9.0,10.52279662614965,1.9353119493745674
4.0,32.0,1.0,8.0,0.06538283325898048,2.4237403885200592
1.0,24.0,1.0,17.0,0.5264837664026678,2.5858459673129373
3.0,46.0,0.0,13.0,7.1184156874255695,2.0540329987583257
2.0,46.0,0.0,12.0,0.1367510028548546,2.492721619163214
2.0,24.0,1.0,17.0,3.836543462872024,2.1662106884783845
4.0,31.0,1.0,10.0,1.272393353988963,2.3154538746600912
1.0,29.0,0.0,12.0,1.8752456295089002,1.7110892825181843
2.0,46.0,1.0,16.0,6.2397959852452285,2.6843753093891993
2.0,49.0,1.0,14.0,1.3647244205329727,2.0918071505640343
2.0,49.0,1.0,11.0,1.8899406094652862,1.7603481338122717
2.0,57.0,1.0,10.0,4.812809496933743,1.9829850110464433
1.0,50.0,0.0,8.0,0.8747293992928101,1.9919505479089925
1.0,32.0,0.0,8.0,6.098942488670845,1.8125648957289946
4.0,24.0,1.0,9.0,9.424259715116634,2.2104286489497635
3.0,44.0,0.0,15.0,11.959519358807555,2.1946970284888554
3.0,56.0,1.0,14.0,3.7628636770148693,2.4237403549495564
2.0,59.0,1.0,12.0,1.2584872245944214,2.245251490856924
2.0,29.0,0.0,15.0,0.9148839385784274,2.2408719229734038
4.0,29.0,1.0,9.0,0.8999311475345672,1.8265846177655607
2.0,21.0,0.0,10.0,0.17159678668653475,2.047178206596445
2.0,25.0,1.0,11.0,6.741754799646921,2.282493670906579
4.0,42.0,0.0,17.0,3.3468216850827237,3.0020079626703096
2.0,41.0,1.0,14.0,10.94265788436324,2.591252705383087
2.0,34.0,1.0,16.0,0.6378367087014436,2.5991753520317666
3.0,32.0,0.0,10.0,15.225331024575386,3.078806968703839
2.0,53.0,1.0,16.0,2.8744792728949613,2.483532335759303
2.0,38.0,1.0,8.0,0.5859485427167441,2.051252538820678
4.0,52.0,1.0,10.0,0.09361558646436927,2.21214067816114
2.0,58.0,1.0,13.0,1.1041226569339466,1.8583514332928632
1.0,32.0,1.0,8.0,9.487427154042967,1.8617037806148027
3.0,28.0,0.0,16.0,1.102193777444581,2.159171157766745
3.0,58.0,1.0,16.0,6.13864049407381,2.555670598106606
2.0,45.0,0.0,13.0,0.4048439514762079,2.1017960708484025
3.0,31.0,1.0,11.0,2.9154525830456297,2.120621553472747
2.0,44.0,1.0,8.0,4.905952082925959,2.275295906873799
3.0,40.0,0.0,14.0,8.743635182662594,2.5463815734378676
3.0,56.0,0.0,13.0,5.385061421778863,2.155334313305415
2.0,30.0,1.0,15.0,0.2310741251908091,2.0513122121884413
2.0,59.0,0.0,14.0,7.526905749384585,2.6158514769898025
5.0,57.0,1.0,9.0,0.027126830480110727,2.182438622577761
1.0,27.0,0.0,9.0,0.992349159248726,1.4780464461038725
3.0,26.0,1.0,15.0,12.012655833887997,2.276180376666396
1.0,41.0,0.0,9.0,6.251986165567573,2.0621745002607046
3.0,21.0,0.0,17.0,5.852399925957384,2.6421729143958834
1.0,31.0,1.0,9.0,3.4843063913527796,2.257873512395459
2.0,37.0,1.0,15.0,6.0604350903860045,2.395776151256502
3.0,58.0,0.0,17.0,1.0022695151252525,2.535596954558909
3.0,59.0,0.0,12.0,3.8515585646952823,2.157756626360399
3.0,26.0,1.0,8.0,2.220087015525014,1.7200453637010817
1.0,55.0,1.0,16.0,1.973926488863338,2.2413599475762567
4.0,23.0,0.0,9.0,5.334970928467308,2.009047065276705
1.0,49.0,1.0,13.0,1.4467256533854644,2.154063481528278
4.0,53.0,1.0,17.0,4.792411490228546,1.8322522435692443
3.0,55.0,1.0,15.0,2.6186062007028044,2.1569410615281988
4.0,28.0,1.0,8.0,24.70850341976727,2.1639467301244184
1.0,55.0,1.0,16.0,1.334681525515094,2.2289358176834404
2.0,24.0,0.0,9.0,0.36578554994192025,1.8796107168459433
2.0,40.0,1.0,15.0,11.080093661737909,2.5071983478587554
3.0,38.0,1.0,14.0,17.072886547004863,2.0470417093554585
2.0,32.0,1.0,10.0,5.623945637642734,1.567826792191064
1.0,20.0,0.0,12.0,0.2317991296532046,1.9978670540455297
3.0,50.0,0.0,9.0,0.09165692430601191,2.180150890893597
3.0,33.0,1.0,17.0,0.5408845208743742,2.8616747570547356
2.0,46.0,0.0,10.0,10.58578902522498,2.340496361980672
2.0,36.0,1.0,11.0,17.61547761846553,1.7856756482240008
3.0,34.0,0.0,13.0,0.7676214469181186,2.0879660426561495
1.0,55.0,1.0,14.0,0.8744593544310143,2.285734907868769
1.0,23.0,1.0,13.0,1.0865191197562953,2.2141425262746406
3.0,49.0,0.0,13.0,9.73079160078862,2.4090992818907484
3.0,49.0,0.0,13.0,4.897693621209322,1.923862252273865
2.0,35.0,1.0,16.0,4.642292650597378,2.3659058527711965
1.0,30.0,1.0,11.0,0.04783256334810797,2.1765751745663198
3.0,20.0,0.0,16.0,3.0494165563160442,2.578195451554258
1.0,57.0,1.0,15.0,3.3538938832622742,2.0418234888487854
1.0,57.0,1.0,17.0,1.3557563608073429,2.2600105034352045
1.0,29.0,0.0,17.0,0.23031140469739644,1.541157810024972
3.0,21.0,0.0,15.0,5.295202104397619,2.116513430770644
2.0,24.0,0.0,10.0,5.132237118437317,1.8939979032930605
2.0,22.0,0.0,15.0,1.809890599784386,1.9622235535476111
4.0,53.0,0.0,15.0,8.881125119796742,2.3884948962677632
3.0,55.0,0.0,10.0,8.206615433347501,2.0652825247198945
3.0,26.0,1.0,14.0,6.579425838302941,1.5880300951097464
2.0,49.0,0.0,10.0,3.1708345413809806,2.0963607362043364
2.0,27.0,1.0,13.0,24.17265544598046,2.113229315223096
1.0,34.0,0.0,15.0,1.4761245607455966,2.4104679333646106
3.0,43.0,0.0,9.0,3.2379032454810424,1.5978236581362106
3.0,48.0,1.0,11.0,9.769061240172052,2.1566925739610023
2.0,54.0,1.0,15.0,7.1479404522039545,2.2365304058560875
2.0,21.0,0.0,12.0,3.46277358883422,2.2255583013734412
3.0,27.0,0.0,17.0,4.633654533491329,2.4337457286303175
1.0,31.0,0.0,8.0,8.34745099778625,1.906925257471426
2.0,32.0,1.0,15.0,3.1015472686181105,1.820133778472908
1.0,59.0,0.0,16.0,0.6187488506579008,1.8630250994682693
4.0,51.0,0.0,17.0,1.25068481706633,2.1873407664429974
3.0,32.0,0.0,9.0,3.9901783474598833,1.9874178182957227
1.0,58.0,0.0,17.0,0.2654971638621445,2.170180587478886
1.0,39.0,1.0,11.0,5.3719526986189,2.2912831061600283
2.0,40.0,1.0,11.0,0.42606012042413777,1.970494325440736
2.0,37.0,0.0,11.0,2.0905049794194435,1.7814012323603412
1.0,25.0,0.0,14.0,5.17118724281855,2.1682829845318126
4.0,57.0,0.0,14.0,0.9656643181094029,2.2774145940760597
3.0,20.0,0.0,12.0,3.645936002916177,2.2339247756765372
4.0,26.0,1.0,8.0,27.929028099197453,2.7428040205899133
2.0,29.0,1.0,17.0,0.3442452884238675,2.152769650883213
3.0,31.0,1.0,10.0,4.91026200094239,2.027059021532304
2.0,25.0,1.0,8.0,5.3947226590926025,2.081784410636754
2.0,20.0,1.0,13.0,5.506012998482991,2.1980332422245854
3.0,47.0,1.0,12.0,14.942464969470029,2.0992392058981046
1.0,58.0,0.0,14.0,6.320051598320871,1.798423363079936
4.0,24.0,0.0,16.0,16.607576597219868,2.312825398256294
2.0,31.0,0.0,8.0,3.5059002191569784,1.6129482783762294
3.0,40.0,1.0,10.0,3.646962412550558,1.5184876197883719
1.0,57.0,0.0,13.0,18.304614748474926,2.0943424949835734
1.0,47.0,1.0,15.0,4.725198153448156,1.983124465304545
1.0,50.0,1.0,14.0,1.6914618374083779,2.3920505819619686
3.0,43.0,1.0,11.0,7.400655218909039,2.304334103413378
2.0,36.0,0.0,14.0,5.109021105217025,1.979926424177908
2.0,27.0,0.0,17.0,6.556290048876719,2.3374943113198308
1.0,54.0,0.0,12.0,4.711027683955871,1.5896374782057983
1.0,52.0,1.0,16.0,9.442328847425177,2.2461213034194434
3.0,21.0,1.0,15.0,2.469480413815448,2.394389374348858
2.0,48.0,1.0,11.0,0.9752500390056731,2.307233867274287
1.0,23.0,0.0,10.0,1.2747537783199046,1.7988334132758048
4.0,49.0,0.0,15.0,6.43190884238336,2.6298755465820896
2.0,53.0,0.0,10.0,5.035401879866398,1.5956464423446226
4.0,25.0,1.0,11.0,15.563180194460838,1.8313434622014706
2.0,37.0,1.0,10.0,3.8440134282485787,2.2513386939738487
3.0,24.0,0.0,14.0,1.6334176162219012,2.7176705447311935
3.0,42.0,1.0,10.0,21.664083950756776,2.3646704359626765
1.0,57.0,0.0,14.0,13.130324717858208,2.3192005312183785
4.0,23.0,1.0,17.0,8.748064351388606,1.7789255195572236
2.0,35.0,0.0,16.0,11.74025979693563,1.8106684811563125
3.0,58.0,0.0,17.0,2.6933072490499317,2.4157559335592604
1.0,32.0,1.0,8.0,1.5311920291222392,1.80789311941987
2.0,25.0,0.0,12.0,2.0782870518638488,1.7890323158730033
2.0,39.0,0.0,10.0,11.37097685354852,2.1333695427845
4.0,40.0,0.0,17.0,7.715923036239419,2.461698640614737
3.0,46.0,0.0,15.0,0.3212248982681888,2.5365370095447637
3.0,32.0,1.0,11.0,5.943306651008907,2.1504137514138995
4.0,58.0,1.0,13.0,1.7698317287277447,2.536216627787593
4.0,40.0,1.0,14.0,17.045669778513453,2.372854906649779
3.0,31.0,0.0,12.0,8.006651918287153,2.1454660207406704
1.0,58.0,1.0,12.0,5.742522609254204,2.4767188819666965
1.0,56.0,0.0,8.0,4.029061095640446,1.6467583469439742
2.0,39.0,0.0,12.0,1.0873118627544573,2.955207354607393
3.0,20.0,0.0,11.0,6.353174455842947,2.22610898800845
3.0,43.0,1.0,16.0,3.9654588304263907,2.4539033641555656
1.0,42.0,1.0,16.0,9.348061109546121,2.5510094032872406
3.0,25.0,1.0,15.0,2.13315375627167,2.8344724801622094
1.0,45.0,1.0,8.0,5.719365285206166,2.1949458763538434
2.0,53.0,0.0,16.0,0.5599311178170454,1.8240825174769932
1.0,24.0,1.0,11.0,1.2123556300145173,2.4831646717303966
3.0,48.0,1.0,12.0,1.1655535503984609,2.0093865616704796
3.0,25.0,0.0,17.0,2.274975881134761,2.4048962806631446
4.0,49.0,0.0,16.0,10.493413138817047,2.0211579397355903
3.0,36.0,0.0,8.0,3.2722754165247463,2.090583359602416
2.0,20.0,1.0,11.0,3.8972282497395434,1.8935599954771296
3.0,58.0,0.0,15.0,0.4340158048801101,2.2843910494468433
1.0,26.0,1.0,13.0,3.1334424619622157,2.096104723011387
1.0,43.0,0.0,10.0,3.4363075237030847,2.611866915757786
3.0,27.0,1.0,13.0,2.148846328675096,2.766166553330428
1.0,57.0,0.0,16.0,5.527060009420578,2.3692245511586276
2.0,49.0,0.0,10.0,3.554495891844214,2.054738272329099
1.0,52.0,0.0,15.0,0.9255473376852602,2.147222583471998
3.0,37.0,0.0,15.0,4.7113417823875405,2.6289153052747114
1.0,38.0,1.0,16.0,3.621258930615313,2.23753662820614
2.0,45.0,0.0,10.0,2.146334013254205,1.895062157738832
2.0,51.0,1.0,10.0,0.13928626562481752,2.2949707217557376
3.0,53.0,0.0,13.0,2.7481577567807456,2.0159918489728126
3.0,20.0,0.0,13.0,12.476154190990787,2.263435031575349
1.0,46.0,1.0,12.0,9.317157945208367,1.718778344998786
2.0,24.0,0.0,15.0,4.441546698296831,2.505672570519918
1.0,31.0,1.0,15.0,1.0848427011544806,2.8431085087661057
3.0,53.0,1.0,10.0,7.5898902210481065,2.292266514050419
3.0,30.0,1.0,15.0,8.707644943839055,2.7756161997025823
4.0,51.0,0.0,10.0,0.24433716610031814,1.748612730807804
2.0,38.0,0.0,12.0,13.228011007283495,2.3031773946812955
2.0,29.0,1.0,8.0,13.999452721259383,1.7570465499017769
2.0,33.0,0.0,11.0,1.2761992265665087,1.994432328591262
3.0,41.0,0.0,17.0,2.2463673098136123,2.6041271163038875
2.0,50.0,0.0,12.0,0.36031144871479065,2.1341492984181376
2.0,44.0,1.0,15.0,8.273216104325193,1.9089398542628857
3.0,57.0,1.0,9.0,3.7438287944234574,1.5929295562829084
2.0,54.0,1.0,14.0,6.326079340648329,1.8489116139592514
3.0,50.0,1.0,11.0,5.445292502861971,2.251888702010497
3.0,44.0,0.0,15.0,6.932947672098519,2.9384978374179855
3.0,31.0,1.0,17.0,3.1496930125733007,2.790234403325797
2.0,36.0,0.0,13.0,1.485233415985385,1.5960567744160346
5.0,24.0,1.0,9.0,2.9723286971066076,2.4060460683920013
1.0,34.0,0.0,12.0,0.8787267477984756,2.389707392582379
3.0,57.0,1.0,9.0,21.143118474059822,1.697841201081971
1.0,37.0,0.0,12.0,2.789428783175702,2.036933802818608
4.0,24.0,0.0,8.0,1.6481239309379858,2.2451379627581227
3.0,46.0,0.0,14.0,2.251601541529223,2.387646068695728
1.0,58.0,0.0,11.0,2.3910140764521888,1.6811816250481257
3.0,54.0,0.0,10.0,3.5370509158027295,2.2185931558968854
2.0,30.0,1.0,8.0,3.5556885333720594,1.2943067065095444
2.0,38.0,0.0,16.0,1.7876196475888606,2.251029543748725
3.0,41.0,1.0,16.0,3.6112029482855332,2.67749906030287
3.0,29.0,0.0,16.0,20.434365406724545,2.509861918738641
2.0,30.0,1.0,8.0,0.6523693008393765,1.75684242801981
2.0,29.0,0.0,11.0,1.0677604828533176,2.327481480960238
4.0,59.0,1.0,17.0,17.968167180099123,2.8221072163269656
3.0,49.0,1.0,13.0,8.625299373411858,2.6292649015942033
3.0,53.0,0.0,9.0,17.000981479547328,2.3823125433293897
2.0,52.0,1.0,9.0,6.230446571799621,2.33671690389914
4.0,58.0,0.0,10.0,10.43993887082646,2.324271955939525
1.0,24.0,0.0,17.0,0.4518505158483689,2.434177099893425
3.0,55.0,1.0,9.0,9.970274852211205,2.0765554484512565
2.0,22.0,1.0,17.0,4.156218994686359,2.320384274217643
4.0,39.0,0.0,14.0,10.852630860864652,1.944815820690729
1.0,43.0,0.0,17.0,4.727248563306476,2.1106790329871226
2.0,34.0,1.0,16.0,0.041238473050297555,2.21580804014994
1.0,25.0,1.0,11.0,1.9246051149805314,2.1416816990305336
3.0,27.0,1.0,16.0,1.1586424568294258,2.743830203969573
1.0,52.0,1.0,9.0,6.913287125516146,2.0065937028925074
2.0,32.0,1.0,10.0,5.52897541412875,2.3563326414045864
1.0,32.0,0.0,10.0,1.8307551536836684,2.342102248466473
2.0,56.0,1.0,9.0,2.702844176809756,1.9075944024614602
2.0,25.0,0.0,8.0,1.2483367275285366,2.0908904306863403
1.0,56.0,1.0,9.0,1.1338042173659775,1.8882796296562012
3.0,56.0,0.0,9.0,0.5445446700407315,2.35208621492395
1.0,43.0,1.0,11.0,3.740480356777242,2.278157805047552
3.0,26.0,1.0,8.0,1.5846364954456966,1.5587012385479502
2.0,26.0,1.0,8.0,3.0693208754763806,1.9791506044009177
4.0,31.0,1.0,17.0,4.277514996608825,2.887208798513252
3.0,43.0,0.0,8.0,4.461314334601575,1.8902438329820053
1.0,26.0,1.0,8.0,1.201508585415868,2.046329594882679
1.0,38.0,0.0,8.0,1.8077356308110428,2.081841007629854
2.0,24.0,0.0,9.0,0.07152324788101257,1.6397283627294301
2.0,41.0,0.0,13.0,2.691059337439963,2.330122978138454
2.0,20.0,0.0,16.0,6.949728030256226,1.9513467346921742
3.0,48.0,0.0,15.0,0.1854708532445416,2.0641674766120266
2.0,22.0,1.0,13.0,9.097389106199559,2.563690781310253
3.0,27.0,1.0,8.0,11.36899124301525,2.12071679952266
3.0,26.0,1.0,15.0,4.185840275381608,2.200515060429858
3.0,53.0,0.0,8.0,9.118355911832047,2.125121865491877
2.0,22.0,0.0,14.0,3.0942738708411377,2.212915064381872
2.0,37.0,0.0,12.0,1.6470033605561527,2.1202435843111114
1.0,43.0,1.0,16.0,0.31685989244328094,2.5002141569404737
1.0,40.0,1.0,11.0,0.25448341313931033,1.8343345119336534
3.0,47.0,0.0,14.0,9.171398242335847,2.303814904089766
2.0,52.0,1.0,12.0,13.825804818600835,2.1445775898040127
2.0,35.0,0.0,13.0,3.9573501284104475,1.7138924889040275
4.0,53.0,0.0,17.0,11.15746577691831,2.1854379308943934
1.0,32.0,0.0,15.0,5.127847039389288,2.771740404513042
2.0,59.0,0.0,12.0,8.39173990591668,2.299334393434737
2.0,40.0,1.0,12.0,4.724692458071216,1.7501704341602957
2.0,49.0,1.0,15.0,4.513234858372021,1.8330260358291972
3.0,55.0,0.0,11.0,2.131902889259126,2.0376698588594158
3.0,51.0,1.0,9.0,4.706384666090282,2.4654198066138475
2.0,54.0,1.0,12.0,1.5028654517693196,2.059001214076387
4.0,41.0,1.0,8.0,0.28704598241157125,2.2949703258453207
1.0,21.0,1.0,9.0,3.837384133361184,2.0939530725792093
2.0,39.0,0.0,12.0,0.4928584792097669,2.2463037221458655
3.0,27.0,1.0,15.0,2.8420840404456977,1.877704687613086
1.0,55.0,0.0,15.0,0.11032915323802084,2.5323601680573073
3.0,29.0,1.0,10.0,4.770650576773245,1.9472268945856501
1.0,29.0,0.0,12.0,1.8922624421793612,2.3778503605050663
3.0,29.0,1.0,9.0,0.6631883066046595,1.7123808884702125
3.0,45.0,0.0,15.0,2.674794577700044,2.3298627500299744
2.0,42.0,0.0,10.0,2.5176690518759415,2.130777576700049
1.0,57.0,1.0,15.0,7.374323454615382,2.277533239573394
2.0,36.0,1.0,16.0,12.609773218174475,2.5474612901075915
3.0,31.0,0.0,14.0,7.043144947996791,2.1905123269222155
2.0,21.0,1.0,11.0,0.6374090830180532,1.8616561649177963
1.0,20.0,1.0,17.0,1.3397421176658488,2.8450424360148476
5.0,34.0,0.0,14.0,30.0,2.814685859908433
2.0,57.0,1.0,14.0,2.6097454683067096,1.9978380311686144
2.0,40.0,0.0,16.0,2.5457318067693246,2.495990609746077
3.0,55.0,1.0,16.0,8.41532183962505,2.1613495619859044
1.0,24.0,0.0,8.0,8.119603246312892,1.6257906393644315
2.0,23.0,0.0,16.0,0.7004773771162203,2.617147606190855
3.0,53.0,1.0,15.0,4.509523799525545,1.7838653503010335
4.0,24.0,1.0,10.0,0.6223459898035801,2.2842802339709984
4.0,22.0,1.0,11.0,9.088229019115339,2.065065596419236
3.0,36.0,1.0,15.0,0.3926853231843453,2.190462872307685
3.0,56.0,1.0,10.0,3.8368077537995307,2.161293443424982
3.0,47.0,1.0,12.0,10.398494587576694,2.378344589474043
1.0,23.0,1.0,14.0,2.913822598147486,1.9812352729328027
3.0,53.0,0.0,14.0,6.214332984504693,2.4774610124700662
2.0,53.0,0.0,17.0,4.434724002999772,2.4283584014375648
2.0,52.0,0.0,9.0,10.000624979587066,1.6731898119354591
2.0,56.0,1.0,10.0,15.297739235435301,2.1020150472804313
3.0,29.0,0.0,17.0,6.319915697206758,2.827582861639746
3.0,59.0,0.0,13.0,12.954297585962419,2.782521415333333
1.0,32.0,1.0,10.0,2.1641236985716645,2.23684577426832
2.0,52.0,0.0,10.0,3.945001235724991,1.682346965906739
3.0,43.0,0.0,11.0,2.985827419020767,2.2270403449269742
3.0,51.0,1.0,13.0,13.371236889066271,2.5389706400484204
2.0,45.0,1.0,10.0,8.503032612487411,2.3027427211204907
4.0,45.0,0.0,14.0,1.8742798516210177,2.4542290851225856
3.0,44.0,0.0,12.0,2.3446969457012665,2.232425893231272
3.0,51.0,0.0,14.0,15.76948761203335,2.3359711744711706
3.0,49.0,1.0,9.0,1.3787739626019815,1.7812774908548141
3.0,25.0,1.0,14.0,2.54770137661454,1.656096358215697
1.0,53.0,0.0,17.0,2.2821571456837804,2.4747141014708434
1.0,41.0,1.0,9.0,0.13488612654687748,2.0071647143611253
2.0,32.0,0.0,11.0,4.462520640292375,2.2618979592503683
3.0,40.0,0.0,14.0,2.6922277288181053,1.8256591693003132
2.0,58.0,1.0,14.0,0.6597776824828693,2.4001027836193467
3.0,54.0,0.0,14.0,0.08765042518060309,2.8172400326380393
2.0,53.0,0.0,13.0,2.7568243002838635,2.201103282236212
4.0,38.0,0.0,14.0,8.5903405690998,2.267403809929036
2.0,51.0,1.0,14.0,7.716837653804829,2.3698690833637586
3.0,35.0,1.0,8.0,1.3594469748949618,2.5232955771620507
3.0,47.0,1.0,15.0,1.8054698516950625,1.9609603700069835
4.0,45.0,0.0,12.0,3.322661962042468,2.1941886996385964
1.0,29.0,0.0,8.0,0.47808033105327796,1.6648835766212395
2.0,30.0,1.0,12.0,5.104036986236128,1.9869389536088629
3.0,22.0,0.0,12.0,1.4885588050774243,2.1000084956861924
4.0,25.0,1.0,8.0,10.646605452275216,2.41066302700682
3.0,37.0,1.0,17.0,5.22083086827608,2.942505488889382
2.0,39.0,0.0,10.0,1.8692446799302742,2.1531350901873143
3.0,26.0,1.0,11.0,8.285843285822859,2.019880015951183
4.0,36.0,0.0,12.0,11.433285966455449,2.96215451965611
2.0,44.0,0.0,16.0,3.92173007259709,2.210950956327115
3.0,29.0,1.0,15.0,1.6062941145406415,2.094722166837485
4.0,33.0,1.0,15.0,16.60128276102441,1.8835299142366262
5.0,34.0,1.0,10.0,10.111425158018337,2.5199417223536065
4.0,40.0,1.0,16.0,12.19808496347415,2.7124545273461296
3.0,34.0,1.0,16.0,5.586925100721093,3.0812109118421445
2.0,49.0,1.0,12.0,5.222695428617383,1.7353699486207361
3.0,33.0,1.0,13.0,5.953246480299246,2.6469837070467253
2.0,37.0,0.0,8.0,0.9010400847193091,1.9300510563570312
3.0,35.0,1.0,15.0,4.687324684955957,2.5387033118896003
1.0,27.0,1.0,17.0,0.9529074134656585,1.8651959318033156
4.0,47.0,0.0,12.0,1.4876252762272493,2.555300799561862
1.0,29.0,0.0,13.0,1.9766417889807575,2.4057214432893566
2.0,31.0,0.0,12.0,7.2354920895489325,2.1606819104596244
2.0,51.0,0.0,8.0,3.597028395597711,2.129504090254313
4.0,57.0,1.0,14.0,3.5919701480443758,2.006271111167769
2.0,46.0,0.0,15.0,5.384212163444864,2.130010095959939
2.0,56.0,1.0,17.0,3.568276220884467,2.2466493781212256
2.0,54.0,1.0,17.0,6.302066799326543,1.857202309486182
4.0,39.0,1.0,12.0,0.3854956640009511,2.36238250490102
1.0,50.0,0.0,17.0,2.5453908827107123,2.732931993081877
1.0,33.0,0.0,13.0,3.729605564197704,1.9768928107128247
5.0,38.0,1.0,14.0,0.5834408768721211,2.310295313552167
3.0,41.0,1.0,14.0,3.072627324903368,2.151064130860263
1.0,58.0,0.0,17.0,3.133566030485611,2.4798178489291653
2.0,53.0,1.0,15.0,6.146418371319045,2.1231910113498818
2.0,39.0,0.0,9.0,1.969204435097697,1.704664497524686
3.0,46.0,1.0,8.0,5.48686573559063,2.270491123163029
4.0,28.0,0.0,12.0,6.836056202499875,2.149199386487651
3.0,52.0,0.0,13.0,5.898481915102968,2.8156175044070726
2.0,42.0,1.0,14.0,1.6014428808873618,2.2299074182471155
3.0,41.0,0.0,12.0,6.529767361705048,1.8874742615119027
2.0,50.0,0.0,13.0,6.007099086073068,2.5781532537915126
1.0,45.0,0.0,17.0,1.9501087871023,2.5587411371148288
1.0,22.0,0.0,11.0,1.3305915683835858,2.2813677747927628
1.0,31.0,1.0,12.0,1.87115642040711,2.475891767864447
1.0,27.0,0.0,13.0,0.8661447600832705,1.9628225594470945
1.0,49.0,1.0,12.0,4.103729906991025,2.102861306374324
3.0,21.0,1.0,17.0,3.708800676835131,2.3356530573220136
1.0,28.0,0.0,17.0,2.973073718762582,1.9925067761129405
1.0,43.0,0.0,13.0,1.7526170377779302,2.088449125330306
1.0,47.0,1.0,12.0,0.5435285815912193,2.5063491231789596
2.0,40.0,1.0,13.0,11.442558577847883,2.3356270169166327
1.0,54.0,1.0,9.0,4.269239118562582,1.5888739928321294
4.0,56.0,1.0,12.0,7.591592307185565,1.7091640995723751
2.0,25.0,0.0,10.0,8.942582906013625,2.588858646684618
3.0,58.0,0.0,9.0,7.640263407325865,1.9993069309967197
2.0,44.0,1.0,8.0,2.780038253981763,1.7335773208293324
2.0,45.0,0.0,13.0,4.9940676654956855,2.117743147185856
1.0,23.0,1.0,8.0,0.22817463851362751,1.4590894200899367
3.0,44.0,1.0,14.0,8.52372432128672,2.7121657880663537
2.0,49.0,1.0,12.0,11.896885093424164,2.101052969658433
3.0,43.0,0.0,11.0,13.687593616352867,2.5970963944850554
2.0,23.0,0.0,15.0,1.3901463270322243,2.2793969776045166
1.0,40.0,0.0,13.0,1.245539909717826,2.59131499146771
3.0,57.0,0.0,15.0,3.421842930725847,2.3612267790201837
3.0,48.0,1.0,15.0,5.117555285809843,2.5571453517188214
2.0,25.0,0.0,8.0,4.598903403925216,2.161716947865753
2.0,58.0,0.0,10.0,9.992535318194891,2.28691267305754
2.0,58.0,0.0,13.0,3.778841750196112,2.292168760656774
2.0,26.0,0.0,17.0,3.6355094308012696,2.3164998794733376
2.0,52.0,1.0,9.0,3.8814737678352875,2.5634451451502107
1.0,36.0,0.0,9.0,2.8349561836648403,1.7062684663078782
2.0,43.0,1.0,17.0,2.748062101599394,2.378772913718942
1.0,37.0,0.0,17.0,1.9325780668411243,2.37379154323069
2.0,51.0,1.0,9.0,0.7594944762401008,2.0783271707654576
3.0,59.0,0.0,12.0,1.5335232239331704,1.9864934384709814
2.0,51.0,0.0,14.0,0.7530957304052475,2.301954848980929
5.0,57.0,1.0,9.0,3.3435115697110636,1.9327823401362207
3.0,57.0,1.0,11.0,18.287547855439954,1.7582897233230295
4.0,23.0,1.0,11.0,4.407901371581871,2.0969446995928727
3.0,30.0,0.0,14.0,3.9348343893394504,1.9091787439843493
4.0,48.0,0.0,11.0,4.0937809036465005,1.5706220803017945
1.0,43.0,1.0,12.0,1.242352894959032,2.153485525156406
1.0,22.0,0.0,10.0,3.3253376584532135,2.1796183791904022
2.0,23.0,1.0,15.0,1.144192028636023,2.419451332917733
3.0,40.0,1.0,9.0,5.471915627013347,2.1748703683760415
2.0,44.0,1.0,10.0,9.254209715363032,1.5127653908714471
2.0,26.0,1.0,10.0,1.2382894638167568,1.6040778162659268
5.0,26.0,1.0,17.0,13.654993911346496,3.078606370157566
3.0,25.0,0.0,17.0,11.102467153312361,2.146862043510013
3.0,42.0,0.0,13.0,0.008850145055200695,2.3333408107915585
1.0,20.0,1.0,9.0,2.241727000221074,1.7663359835024568
1.0,42.0,0.0,15.0,1.0729466295941743,2.284631288076211
4.0,39.0,0.0,12.0,0.8506229829984853,1.9185299691479067
3.0,38.0,0.0,16.0,8.812058514596131,2.556582931531855
2.0,47.0,1.0,11.0,6.285521221848739,2.153887447413497
2.0,40.0,1.0,17.0,3.312066560604335,2.2486337335127735
2.0,49.0,1.0,16.0,8.151939316344277,2.0664677572592294
2.0,50.0,0.0,10.0,7.247881882796552,2.152811078075719
1.0,56.0,0.0,15.0,0.4749854390036095,1.890934214677259
1.0,51.0,1.0,10.0,0.4173020617661282,2.1324173332539127
2.0,40.0,0.0,11.0,7.105276549536837,2.908998238206438
2.0,39.0,1.0,10.0,0.5103471086165126,2.410154486464769
4.0,29.0,1.0,14.0,9.437413170121175,2.509878497769461
2.0,43.0,0.0,10.0,5.176568415350861,2.0260834948311643
2.0,25.0,0.0,14.0,6.391529831204745,1.6822895102109903
1.0,57.0,0.0,13.0,2.66583368906332,1.7799724181205776
2.0,53.0,1.0,15.0,1.5589551813413836,2.650427408644228
3.0,24.0,1.0,17.0,2.0398751043780425,2.133471927006347
2.0,51.0,0.0,8.0,0.6299884657873107,1.696524255208659
2.0,24.0,1.0,17.0,2.1329486558445288,2.3216343438532387
3.0,48.0,0.0,9.0,5.86727405160855,1.6900588628621191
2.0,23.0,0.0,13.0,10.332910388810275,1.8852984835226116
3.0,39.0,1.0,11.0,0.3183451757271254,2.0380412299228445
2.0,46.0,0.0,14.0,9.876019440867905,2.031301358007068
1.0,49.0,0.0,15.0,15.25462762941559,2.1802407023604875
3.0,36.0,1.0,16.0,13.149180857262927,2.1971345007285272
3.0,56.0,0.0,12.0,3.95266532749883,2.296234717425329
3.0,50.0,1.0,17.0,9.844408770826083,2.378806380559654
3.0,28.0,0.0,11.0,7.174382023092537,2.0681722298627694
2.0,46.0,0.0,10.0,3.8000527187861173,2.217084296380526
1.0,49.0,0.0,11.0,4.168613072669148,2.0490742482568094
3.0,33.0,0.0,13.0,0.884393036338365,2.075367799826232
3.0,49.0,0.0,14.0,8.656510480439971,2.427700211475451
2.0,55.0,0.0,16.0,0.39836417898829607,2.504442994857172
3.0,52.0,1.0,10.0,5.75657127195611,2.0134436628669796
2.0,50.0,0.0,11.0,19.3626303159466,2.2678086358456224
2.0,45.0,0.0,17.0,7.131051904405766,2.186773450124059
4.0,30.0,0.0,12.0,4.039911074008876,1.8821941977907315
3.0,51.0,0.0,10.0,2.3797036359060773,2.254541286949103
2.0,34.0,0.0,17.0,9.439018952255038,2.577872808285937
3.0,41.0,1.0,12.0,0.47293788871263626,2.241318910412099
3.0,32.0,0.0,17.0,3.379720835948659,2.4680535129771433
1.0,32.0,1.0,17.0,7.45510903597289,2.438412073104215
2.0,26.0,1.0,17.0,2.0451381661891452,2.5793749489087223
2.0,58.0,0.0,13.0,2.4689804552166,2.455222432859001
2.0,25.0,0.0,15.0,0.4628603818632643,2.527997005375827
3.0,23.0,0.0,17.0,0.8091560748360483,2.3278581859645646
3.0,57.0,1.0,10.0,0.14832321873959725,2.417581051160047
2.0,42.0,0.0,8.0,2.139992479215386,1.98993812931185
1.0,37.0,1.0,11.0,3.678280152357167,2.2764956592933108
3.0,49.0,1.0,14.0,1.988763888485897,2.304514006135323
2.0,35.0,1.0,13.0,1.7422944239855396,2.2415249564851076
2.0,25.0,1.0,8.0,5.778451162892041,1.7370589145538244
2.0,49.0,1.0,13.0,13.833866448541032,2.4987439159888583
5.0,27.0,0.0,9.0,3.7650747773523325,2.841239066245815
1.0,42.0,0.0,13.0,3.938558196077514,2.0769470595237505
2.0,57.0,0.0,13.0,1.665191060741133,2.1879503252348957
2.0,57.0,1.0,14.0,2.3366573832203916,2.089504994528025
1.0,34.0,1.0,12.0,2.0599057775464833,1.9741930873068845
4.0,51.0,1.0,12.0,15.323162872623204,2.716566472161834
3.0,44.0,0.0,14.0,6.210749424160657,2.060216188923367
2.0,39.0,1.0,15.0,7.675373879885294,2.1845295967889444
2.0,25.0,0.0,16.0,1.0725097398703756,1.834477250279313
2.0,35.0,0.0,11.0,8.646064226326194,1.9091771249005876
2.0,46.0,1.0,12.0,2.9087817873471,1.6165678499874665
2.0,59.0,0.0,11.0,0.7450584543283144,2.2469919943068617
3.0,20.0,0.0,13.0,5.127184874747991,3.0411810152986725
2.0,48.0,1.0,9.0,0.7975514184781705,1.847971876089625
3.0,53.0,0.0,12.0,3.0202832118166745,1.6301754522210958
1.0,58.0,0.0,9.0,0.6595566327103913,2.226595465656024
1.0,36.0,0.0,13.0,3.9408767468141477,1.9713312797890943
1.0,24.0,0.0,16.0,1.1299587833124396,2.7011036669991864
3.0,30.0,1.0,17.0,1.2050420062363238,2.27744170572538
2.0,54.0,1.0,12.0,0.8112513409664224,1.9185678066848302
2.0,55.0,0.0,8.0,0.2110689356181682,1.8487234226324758
1.0,45.0,0.0,10.0,0.6698547106529901,2.234031575387386
4.0,24.0,0.0,9.0,7.451525085018348,1.9562890616234865
2.0,24.0,1.0,15.0,2.359656620562816,2.1245791553675164
3.0,39.0,1.0,17.0,8.943086941558255,2.3797813885219212
3.0,43.0,1.0,13.0,13.351398099080797,1.9019574256405423
2.0,21.0,0.0,9.0,14.472642148719643,2.2138359021753904
1.0,47.0,0.0,8.0,0.36502581851406146,1.3676322800316674
3.0,41.0,0.0,17.0,3.9167857321305375,2.255931421011651
5.0,20.0,1.0,11.0,0.5345897637531574,2.2831614602867543
3.0,23.0,0.0,9.0,10.623637112207815,2.1471508560018933
4.0,38.0,1.0,9.0,7.591570852194205,2.203011880417859
3.0,48.0,1.0,10.0,2.2436687962451525,2.0029229861468085
3.0,53.0,0.0,14.0,2.458087334912886,2.575504727644784
2.0,37.0,0.0,16.0,4.060200115449333,2.6180117601854307
3.0,31.0,0.0,10.0,5.8601198558227106,2.1924434998325295
1.0,58.0,0.0,14.0,9.297591170738583,2.5712396449014485
4.0,38.0,0.0,8.0,0.579172476936744,2.1309187910904406
2.0,32.0,1.0,8.0,4.118497217230759,1.8093459181682405
1.0,37.0,0.0,8.0,2.3958486223818816,1.5207888127164186
2.0,20.0,0.0,17.0,1.5975258788982896,2.4920838965417698
3.0,32.0,1.0,13.0,6.150898355193468,2.3753357528013628
2.0,40.0,1.0,16.0,2.569634993701179,2.6528379472785812
3.0,56.0,0.0,8.0,7.065082978115683,1.6897544472675685
1.0,49.0,1.0,8.0,8.761037727483195,1.715681059491683
1.0,51.0,1.0,16.0,2.366749225135794,2.461637572143689
2.0,41.0,1.0,9.0,0.08486156417318186,1.9294985189858058
3.0,24.0,1.0,9.0,17.628314602459476,1.560554662853256
2.0,35.0,0.0,13.0,6.11334008045354,2.3236658499307925
4.0,59.0,1.0,14.0,11.353632367138637,1.7578094491747003
1.0,21.0,0.0,10.0,0.4742957151191227,1.7211659915891786
3.0,55.0,1.0,12.0,0.6966453399225097,2.5124708652572574
3.0,47.0,1.0,14.0,0.30813186905238843,2.7505450240326588
1.0,31.0,0.0,12.0,1.2287624608314973,1.7475907140667266
1.0,51.0,0.0,11.0,0.04408097570188133,1.9516233485332106
2.0,53.0,1.0,8.0,10.486502316412727,2.017651780087739
5.0,21.0,1.0,12.0,1.8886069700994557,2.653254147975465
3.0,24.0,0.0,16.0,7.991247221270258,2.232051787865382
1.0,46.0,1.0,14.0,8.933336718154269,2.1462681602715596
1.0,59.0,1.0,16.0,8.86136704657319,2.85323133800459
3.0,20.0,0.0,9.0,3.3145352028787194,1.8707086062133098
3.0,46.0,0.0,8.0,17.603465160208025,2.2926951642920175
4.0,25.0,0.0,13.0,11.080216997353523,1.817659280439807
2.0,46.0,1.0,9.0,15.969680838322668,2.058326985155529
2.0,44.0,0.0,13.0,4.427326369161583,1.6963942121936944
4.0,23.0,1.0,17.0,10.217098233435564,2.1355408480476443
2.0,47.0,0.0,11.0,3.0682571294762626,2.3324429778404414
2.0,55.0,1.0,13.0,6.617901862041533,2.2012074012944014
2.0,54.0,0.0,14.0,6.01302634284476,2.1643985412625555
2.0,21.0,0.0,9.0,0.3714022906695638,1.7290891357124203
2.0,29.0,1.0,16.0,1.125170443554737,2.245054882463162
3.0,29.0,0.0,10.0,7.746384006939108,2.1677977901995993
2.0,38.0,1.0,16.0,0.13170415005904404,2.5961919034391188
1.0,25.0,1.0,14.0,7.323969504473061,1.4856956898156901
4.0,54.0,1.0,9.0,4.411447034307042,1.7445861180642275
3.0,51.0,1.0,15.0,23.520414053323027,2.532933013189932
1.0,52.0,0.0,9.0,0.17204071016964395,1.9220614723130107
2.0,27.0,1.0,13.0,3.617679112945968,2.3071896638874767
3.0,20.0,1.0,17.0,15.885776619437209,2.5891198520323386
2.0,56.0,0.0,17.0,0.04351522421109075,2.258974793344089
2.0,31.0,0.0,16.0,5.324412886207188,2.1951881700659186
2.0,46.0,1.0,12.0,2.161879257884675,2.0479683456581963
2.0,56.0,0.0,13.0,1.4526840012869684,2.5091495449596923
1.0,21.0,1.0,11.0,6.780206134375554,1.8981996814720408
4.0,20.0,1.0,17.0,3.1303509087293073,2.3624614921441065
2.0,20.0,1.0,12.0,4.2548481572287535,2.197551145771814
3.0,26.0,0.0,15.0,0.000940289744952355,2.7181146818597868
1.0,22.0,0.0,11.0,3.911524329184836,1.999022765820954
2.0,52.0,0.0,15.0,0.3992089419473017,2.541634086222761
2.0,44.0,0.0,10.0,3.289210843595251,2.4024859294154592
4.0,59.0,1.0,15.0,0.44838620596981615,2.235357582562504
2.0,52.0,1.0,8.0,5.503011581914455,1.8918144220961157
3.0,58.0,0.0,9.0,0.9464279846252874,1.860748178231788
1.0,29.0,0.0,11.0,0.13581880101113827,1.9746112477373363
2.0,31.0,1.0,12.0,8.529609179593017,2.44156804996898
2.0,53.0,0.0,15.0,1.221625589081953,2.331519249067474
4.0,29.0,1.0,11.0,0.040501027781088904,2.1209919230287713
1.0,22.0,0.0,8.0,5.97878633141014,1.6222208102001507
1.0,46.0,1.0,11.0,3.729648382100235,1.7970494606084317
1.0,52.0,0.0,12.0,4.723960367717437,2.7902736511102684
1.0,58.0,1.0,13.0,10.267955810638501,2.1993318405197777
1.0,57.0,0.0,14.0,1.012377106778687,1.977692172394279
1.0,24.0,1.0,10.0,1.4155987596734563,2.443485737273524
2.0,50.0,0.0,14.0,6.874251364019246,2.3532850782452583
1.0,53.0,0.0,14.0,2.2646099906842823,2.3960925749661994
1.0,47.0,1.0,15.0,1.4708620210839227,2.2232944976263793
4.0,52.0,0.0,13.0,8.376146204904831,2.138159534876007
3.0,53.0,0.0,16.0,2.1606293082207024,2.2707303813330197
2.0,37.0,0.0,10.0,2.083397744981401,1.606012526360226
2.0,21.0,0.0,15.0,14.634253749391917,2.3699643146679503
1.0,38.0,0.0,8.0,0.08367357700375475,1.9896466588828228
2.0,28.0,1.0,9.0,15.019835803576125,2.6553373281888875
2.0,24.0,0.0,16.0,2.017465226325587,2.3459743717648203
3.0,24.0,1.0,12.0,16.357827942630053,1.5633251667632093
3.0,47.0,1.0,14.0,0.692604569311961,2.1787304158577334
3.0,40.0,0.0,14.0,4.289817648915884,3.064749416421651
2.0,41.0,1.0,14.0,6.709560390568471,2.527005474401197
2.0,49.0,1.0,10.0,6.959801776083808,1.8263313346182617
2.0,41.0,1.0,9.0,0.47962988077882845,2.132128253136955
2.0,45.0,0.0,8.0,0.4536857136725664,1.6819328296698035
4.0,23.0,0.0,16.0,4.835324585291909,1.9422109899888615
1.0,54.0,0.0,10.0,0.47871697233439714,1.9002763607531226
2.0,37.0,1.0,13.0,8.054653862303105,2.2580044703946895
4.0,26.0,1.0,12.0,9.392726258566366,1.632280611855645
1.0,52.0,1.0,9.0,0.7648986921202017,1.6129011997596112
2.0,49.0,0.0,12.0,7.329462038161347,2.17639528933632
2.0,22.0,1.0,8.0,0.24946673772994932,1.780042714580613
2.0,27.0,0.0,9.0,15.697527317260814,2.225418654516435
1.0,20.0,1.0,9.0,3.687346033251631,1.6224729621399478
3.0,30.0,0.0,16.0,6.5850714805503285,2.5800848393714935
3.0,23.0,1.0,13.0,6.516401973849347,1.8600362906204346
3.0,48.0,1.0,17.0,5.355746714469612,2.8963777577259853
1.0,40.0,0.0,12.0,4.459264994308084,1.629865164629586
2.0,59.0,0.0,10.0,0.14254808978397007,1.6736591997828159
2.0,49.0,1.0,14.0,10.048661779655752,2.4256978587061067
2.0,44.0,0.0,17.0,4.6126544688665,2.8953965201379566
4.0,40.0,1.0,13.0,1.4321709850446662,2.2588346206852976
2.0,22.0,1.0,8.0,2.114498804189004,2.0900023640966072
1.0,22.0,1.0,11.0,2.245659122902489,2.0777176617309423
2.0,44.0,0.0,17.0,0.3337386122062113,2.045417849887504
1.0,20.0,0.0,13.0,1.043722467261239,2.0133957202007986
1.0,21.0,0.0,17.0,0.10136178751442305,1.9874407018807614
1.0,28.0,1.0,13.0,4.474832390722524,1.8111353335741638
2.0,55.0,0.0,8.0,2.68357737957607,2.0473604495916846
4.0,38.0,0.0,16.0,15.98404626505771,2.1228870680241885
3.0,48.0,0.0,15.0,1.3563420293559723,2.359429622310568
3.0,36.0,1.0,15.0,4.2879040427652795,1.9023322147613235
1.0,26.0,0.0,17.0,0.3453456964835112,2.442368362999862
2.0,34.0,1.0,9.0,1.8010322984836624,1.821405552295948
3.0,23.0,1.0,17.0,4.733919315080764,2.819323853246001
2.0,50.0,1.0,10.0,15.15096521795269,2.2486253208532463
3.0,27.0,1.0,17.0,16.344062699938693,2.8841754948976295
2.0,35.0,1.0,9.0,0.24920244776947964,1.7257980095501368
2.0,59.0,1.0,13.0,4.859807518801794,2.215441077261268
2.0,43.0,0.0,15.0,1.26361067029054,1.9683099592680218
4.0,38.0,1.0,8.0,10.455664745581856,1.8804750746324927
2.0,41.0,1.0,8.0,6.692969028260864,1.88829842345922
3.0,51.0,1.0,16.0,1.176261561697717,2.094005149410835
3.0,30.0,1.0,8.0,2.461326666514979,1.5599624090114412
1.0,45.0,1.0,14.0,0.039282113539879364,1.7763376240396034
1.0,54.0,1.0,17.0,2.599092205313631,1.6740664873409172
1.0,42.0,0.0,14.0,3.94904472785514,1.9225865082275142
1.0,37.0,0.0,12.0,3.2287433536492087,2.3205356025380457
2.0,25.0,0.0,12.0,6.498348002179938,1.6854339204178146
3.0,29.0,0.0,14.0,0.7383923580729459,1.7969470697047383
4.0,57.0,0.0,13.0,8.797785697067932,2.7752474283405535
2.0,41.0,0.0,13.0,2.3644111351462667,1.9826952963969864
2.0,32.0,0.0,9.0,2.462506901662688,2.0709388717660775
1.0,36.0,1.0,14.0,1.7618907447583085,2.4103140513977315
3.0,43.0,0.0,15.0,7.544563896044314,2.5242034778948272
2.0,41.0,1.0,15.0,2.57188861160987,1.8190246169336808
2.0,47.0,1.0,8.0,1.8529665414151917,1.8492117614443049
4.0,30.0,0.0,15.0,5.026475006098446,1.8147965692054666
4.0,45.0,0.0,15.0,5.076597565678888,3.0346613333298857
3.0,37.0,0.0,9.0,1.990916950615527,1.4914465903014753
2.0,57.0,1.0,16.0,9.613880166068382,2.0817867359997377
2.0,26.0,0.0,13.0,2.4019778389082456,1.861839521936631
2.0,25.0,1.0,12.0,6.491444319844382,1.7159163001815796
2.0,38.0,1.0,15.0,1.747293773809927,2.673251110665063
3.0,40.0,1.0,13.0,7.607221536787645,2.952806585692925
3.0,47.0,0.0,13.0,7.3982800726156945,2.0812580649323715
1.0,36.0,0.0,11.0,6.311491878468953,1.716987974731366
3.0,56.0,0.0,17.0,7.992434569525198,1.7588466960774458
3.0,38.0,0.0,17.0,4.282290877017357,2.319590293213543
1.0,25.0,0.0,9.0,1.0205720960549205,1.8652960940121162
2.0,24.0,1.0,15.0,3.561966933524401,2.090230831427201
2.0,58.0,1.0,8.0,1.1840078127152798,1.9782526543200212
3.0,25.0,1.0,11.0,4.795232084669327,2.216504263691339
2.0,57.0,1.0,17.0,0.59171680082832,2.452842145389653
3.0,31.0,0.0,9.0,4.215943697918581,1.8973219753886397
2.0,23.0,1.0,11.0,0.7872337802366638,1.727385788930088
1.0,32.0,1.0,10.0,4.437727804206376,2.2441272073840786
2.0,44.0,1.0,15.0,20.48928808396434,2.4586470086661025
4.0,37.0,1.0,12.0,5.739288484941881,2.423900142299814
3.0,51.0,0.0,13.0,1.835476295145131,2.4053774277931206
2.0,44.0,0.0,17.0,1.3624723378141828,1.9370961026640074
4.0,36.0,0.0,13.0,2.704148314187969,1.7467748209045983
3.0,45.0,0.0,15.0,3.5761451179391,2.0590992355572326
3.0,58.0,1.0,8.0,4.649554832790368,1.6296159258407032
1.0,36.0,0.0,10.0,1.4551249417915262,2.2411267822107455
4.0,26.0,1.0,17.0,5.017093361621926,2.5055638364125943
3.0,36.0,1.0,16.0,0.9150943631220797,2.638906141766814
2.0,53.0,0.0,14.0,12.997787887513915,2.448923924098415
2.0,28.0,0.0,11.0,6.554568978536101,2.1781405643473715
3.0,57.0,1.0,9.0,3.2400036689164953,2.342318970792416
1.0,43.0,1.0,16.0,5.727445624010295,2.4981926581606175
3.0,44.0,0.0,15.0,0.8477411863932309,2.278907700895248
2.0,32.0,0.0,10.0,9.7782037852855,2.5419179480320606
3.0,56.0,1.0,13.0,11.572744505078346,2.30028170999662
2.0,21.0,0.0,14.0,1.0794904181765153,2.119492722706389
2.0,31.0,1.0,12.0,0.1921655389680011,1.8505746777563854
2.0,36.0,0.0,17.0,2.1899182051608235,2.582806819765232
2.0,39.0,0.0,9.0,5.535420870428841,2.376469371257029
5.0,38.0,0.0,10.0,17.911466570158566,2.1639384452715564
4.0,25.0,1.0,8.0,2.0363272462347655,2.312737959596299
2.0,29.0,1.0,14.0,1.9942663376456062,1.6289381537849832
2.0,23.0,0.0,14.0,0.6364571962603527,2.1897285595202294
4.0,42.0,1.0,17.0,10.093104751315842,2.4389025738818275
4.0,34.0,0.0,13.0,15.581347861073445,2.0877151668885303
1.0,42.0,0.0,9.0,0.36080337008425756,2.6687663450954044
2.0,43.0,0.0,12.0,0.473796827694572,2.0848801784703173
1.0,48.0,0.0,8.0,1.5201566356390972,1.7928823348750609
4.0,41.0,1.0,14.0,11.141582799603016,2.319204462026082
5.0,45.0,0.0,14.0,24.04555953237721,1.8396114737660234
2.0,43.0,1.0,16.0,2.1763352060815464,2.0938029744573408
1.0,46.0,0.0,11.0,6.989163957638684,2.4148636304100077
3.0,44.0,1.0,11.0,4.472561827388818,1.9060420117940557
1.0,32.0,0.0,8.0,1.2157531711786569,1.663494982871705
2.0,29.0,1.0,12.0,3.9657368057285174,2.5325150590116055
3.0,51.0,0.0,12.0,14.554539845951586,2.647621718745065
3.0,33.0,0.0,15.0,7.157828405069275,2.4766754256990353
2.0,41.0,1.0,15.0,7.511780368118506,2.188582603469585
2.0,27.0,1.0,9.0,6.847528423680221,1.946633964701905
2.0,37.0,1.0,10.0,0.7544997551733186,1.7663000090792453
2.0,41.0,0.0,13.0,3.555039339145401,1.8871184576828604
1.0,45.0,1.0,11.0,5.815038615302025,1.7948254396604904
2.0,41.0,1.0,8.0,3.7640869030334856,1.7522245469947726
3.0,34.0,1.0,16.0,0.053802628058077506,1.9901217290751574
2.0,58.0,0.0,15.0,0.4692643077418523,1.7855811075144736
1.0,40.0,1.0,13.0,11.729553567565628,2.3331163366018277
