inlf,hours,age,educ,exper,expersq,nwifeinc,kidslt6,kidsge6,wage,lwage
0.0,0.0,32.0,16.0,7.006722620193347,49.094161876329125,107.42565212751441,3.0,3.0,,
0.0,0.0,53.0,12.0,33.15422711620946,1099.2027756731989,6.260685410817961,2.0,0.0,,
1.0,1269.715556331147,49.0,10.0,35.922357733440656,1290.4157851292837,14.69427435015841,1.0,1.0,8.854289727462405,2.180902056550989
0.0,0.0,43.0,14.0,23.565173965838593,555.317424040237,78.62440476501118,1.0,1.0,,
0.0,0.0,42.0,10.0,27.534634480922453,758.1560959980037,28.788692055477497,0.0,2.0,,
0.0,0.0,55.0,7.0,39.71967816174754,1577.6528332728042,31.520888681843118,0.0,2.0,,
0.0,0.0,32.0,14.0,9.760928249458948,95.27572029108572,22.01375641683173,3.0,0.0,,
0.0,0.0,50.0,7.0,37.89562743344542,1436.078578574501,26.152762642769904,1.0,3.0,,
0.0,0.0,36.0,12.0,18.116548661870894,328.2093354179361,37.41559605153305,2.0,0.0,,
0.0,0.0,32.0,16.0,11.097477637728254,123.15400991987866,10.51088035443643,2.0,1.0,,
0.0,0.0,45.0,16.0,22.624658018143094,511.8751504379266,40.54639455831202,1.0,3.0,,
0.0,0.0,59.0,9.0,44.55628745290925,1985.2627515862785,6.696584273615756,0.0,2.0,,
0.0,0.0,52.0,14.0,32.31623816981022,1044.339249447899,26.11981908977135,2.0,1.0,,
1.0,1700.9187061345785,52.0,12.0,35.55553477816985,1264.1960533616457,23.173115003094928,0.0,3.0,13.008205032596111,2.5655803147196816
0.0,0.0,51.0,11.0,35.61401656388894,1268.3581758129558,12.26764770728616,1.0,1.0,,
0.0,0.0,53.0,7.0,36.76025601121646,1351.316422010176,19.72430792121537,3.0,2.0,,
0.0,0.0,45.0,10.0,24.505462889318288,600.5177114197559,12.206491225038874,2.0,0.0,,
0.0,0.0,33.0,13.0,16.003490795303016,256.1117176353483,8.5218967432406,3.0,0.0,,
1.0,1761.4885011800845,55.0,16.0,35.37545018652387,1251.4224758992318,15.136487302275933,0.0,1.0,8.677257681417752,2.1607055434336457
0.0,0.0,43.0,6.0,28.958753960973326,838.6094309721883,8.304595960262333,0.0,2.0,,
0.0,0.0,45.0,13.0,22.280329186908745,496.4130686770177,26.00367752463703,1.0,3.0,,
0.0,0.0,41.0,15.0,20.198069642014403,407.9620172636638,8.0039214647901,1.0,1.0,,
0.0,0.0,35.0,16.0,14.861676452701058,220.8694269847691,35.50173677033994,0.0,3.0,,
0.0,0.0,57.0,10.0,44.59518904486863,1988.7308859475713,7.8054073667674135,3.0,2.0,,
0.0,0.0,53.0,7.0,41.0325951442029,1683.6738642680634,12.768281241634027,0.0,0.0,,
0.0,0.0,49.0,8.0,34.25656660682861,1173.5123556880853,12.18635975554679,2.0,2.0,,
0.0,0.0,42.0,15.0,19.213738756830274,369.16775701572175,57.98111668273024,2.0,2.0,,
0.0,0.0,54.0,15.0,33.022902583341306,1090.51209502885,26.160011246298268,2.0,1.0,,
0.0,0.0,46.0,13.0,26.401470592229487,697.0376494323584,16.955850863718602,0.0,1.0,,
0.0,0.0,43.0,7.0,27.969864188542367,782.3133027255047,29.93341912884727,1.0,1.0,,
0.0,0.0,43.0,7.0,34.09751130172657,1162.6402769713711,3.7219440361168004,2.0,2.0,,
0.0,0.0,36.0,11.0,22.57033680414426,509.420103452509,19.404269676809083,1.0,2.0,,
0.0,0.0,32.0,12.0,16.272097367110856,264.78115272473605,99.28667197395595,2.0,1.0,,
0.0,0.0,46.0,6.0,32.15829920438175,1034.1562077185397,22.328797322289535,0.0,1.0,,
0.0,0.0,56.0,13.0,38.710038648594555,1498.4670921756842,21.206983447487897,0.0,1.0,,
0.0,0.0,31.0,11.0,15.279252818995804,233.45556670679122,31.1402969931844,2.0,1.0,,
0.0,0.0,55.0,6.0,43.88509124840811,1925.901233881106,41.1195712647429,2.0,1.0,,
0.0,0.0,54.0,7.0,43.499330534087555,1892.191756913802,4.0634267539473985,0.0,1.0,,
0.0,0.0,38.0,10.0,23.270742285722555,541.5274465285158,5.228575209954977,3.0,2.0,,
1.0,2226.669686871204,48.0,13.0,30.48002847260867,929.0321356910351,23.765454457757215,0.0,0.0,17.346998203763714,2.8534194772318933
0.0,0.0,34.0,15.0,14.27381256674442,203.7417251905509,11.337306527675164,3.0,2.0,,
0.0,0.0,52.0,10.0,36.68158281600421,1345.5385178873753,57.37566219137219,2.0,0.0,,
0.0,0.0,51.0,9.0,32.43277774057163,1051.8850719693187,15.609200063638655,3.0,1.0,,
0.0,0.0,40.0,16.0,18.167242154821114,330.0486875119093,4.273253203123702,3.0,3.0,,
0.0,0.0,32.0,11.0,13.887616082301749,192.86588044940618,7.283335035093927,1.0,3.0,,
0.0,0.0,59.0,9.0,41.44031808471996,1717.2999629627684,2.2261178285086967,3.0,2.0,,
0.0,0.0,43.0,10.0,30.363633238601647,921.9502234483148,16.654818436973944,0.0,2.0,,
0.0,0.0,56.0,6.0,47.457990681771406,2252.2608795511014,17.27555848446542,1.0,0.0,,
0.0,0.0,50.0,9.0,37.71844120059122,1422.6808066024573,14.302435424557586,0.0,1.0,,
0.0,0.0,53.0,11.0,36.51042683371175,1333.0112675798189,47.61287611257593,1.0,2.0,,
0.0,0.0,52.0,16.0,32.70125024190531,1069.3717673837123,52.395246376877814,3.0,3.0,,
0.0,0.0,35.0,14.0,15.024106361203652,225.72377195276002,17.52606605003559,1.0,2.0,,
1.0,1130.7825713260331,40.0,14.0,20.40559455379556,416.388289093891,3.640951563462802,0.0,3.0,10.453003643254002,2.3468893670871975
0.0,0.0,44.0,11.0,24.813057259076032,615.6878105421857,32.91160280337204,1.0,1.0,,
0.0,0.0,44.0,7.0,31.79398260899768,1010.857330141247,31.320980697304527,3.0,0.0,,
0.0,0.0,31.0,10.0,15.120771856848835,228.63774154687175,25.726285623703884,2.0,0.0,,
0.0,0.0,46.0,16.0,21.394695766331072,457.7330069338647,44.04376503448184,2.0,2.0,,
1.0,1001.9651783237767,34.0,6.0,21.897605776366806,479.5051387371729,7.910077052093482,1.0,2.0,2.860850890211555,1.0511190946432136
0.0,0.0,52.0,15.0,30.840540872286383,951.138961295167,100.18358059923418,1.0,1.0,,
0.0,0.0,50.0,13.0,34.59512233328928,1196.822489255251,9.322751379154182,2.0,3.0,,
0.0,0.0,57.0,9.0,43.78842665702682,1917.4263090978168,36.57548992008437,2.0,2.0,,
1.0,227.964043693054,52.0,14.0,32.022890878182935,1025.4655401960117,5.2076143075268195,3.0,1.0,15.948317890719261,2.769353362272498
0.0,0.0,40.0,15.0,19.497574619602165,380.15541604695454,9.54281246995281,2.0,0.0,,
0.0,0.0,59.0,6.0,47.0884247562084,2217.3197460211,67.56532565666753,3.0,2.0,,
0.0,0.0,42.0,7.0,28.594172030408906,817.6266741046189,16.301875158572866,3.0,2.0,,
0.0,0.0,39.0,13.0,17.835145605223428,318.09241875952057,39.32805312125484,0.0,0.0,,
0.0,0.0,57.0,16.0,34.69789624478614,1203.9440038139444,24.277847546772445,1.0,1.0,,
0.0,0.0,41.0,6.0,27.507803486694975,756.6792526626282,18.467888648547635,1.0,1.0,,
1.0,1854.8195180618752,32.0,13.0,10.499368922153707,110.23674776348709,59.80446118597393,0.0,2.0,2.8704281316433513,1.0544611934347015
0.0,0.0,44.0,7.0,32.02244362909507,1025.4368959785716,16.621099463511396,0.0,0.0,,
0.0,0.0,53.0,13.0,34.78252931986647,1209.8243458873706,4.8327202793050175,3.0,3.0,,
0.0,0.0,35.0,12.0,13.426584977263843,180.2731841516871,10.563534475945048,1.0,1.0,,
0.0,0.0,43.0,6.0,30.754630725009747,945.8473110317135,31.216705460871363,0.0,1.0,,
0.0,0.0,33.0,13.0,15.991402771799848,255.72496260992787,27.561153105433952,1.0,0.0,,
0.0,0.0,50.0,15.0,31.118447477792643,968.3577734281392,5.73365615580747,1.0,3.0,,
0.0,0.0,44.0,15.0,25.051673685770478,627.586354458325,11.251776018182582,0.0,0.0,,
0.0,0.0,39.0,6.0,27.07782641380292,733.2086832960431,12.611674349189698,0.0,3.0,,
0.0,0.0,36.0,8.0,20.309909344061698,412.49241756400465,14.993613214183336,3.0,1.0,,
0.0,0.0,46.0,8.0,29.832602345283878,889.9841626918371,6.681009701991016,3.0,3.0,,
0.0,0.0,50.0,10.0,34.68920980950072,1203.3412772075608,12.149683420296457,1.0,0.0,,
0.0,0.0,58.0,7.0,45.758560068730326,2093.8458195636013,11.213423773220415,2.0,0.0,,
0.0,0.0,43.0,15.0,24.57466222321013,603.914023384871,37.23415956515323,3.0,3.0,,
0.0,0.0,34.0,14.0,16.199959300684167,262.4386813438235,38.37081132432154,3.0,3.0,,
0.0,0.0,54.0,14.0,33.735542686937656,1138.0868403821928,17.874080264623874,0.0,2.0,,
0.0,0.0,48.0,8.0,31.51158824227826,992.9801935508896,14.678269918873804,3.0,0.0,,
0.0,0.0,51.0,6.0,38.361786805978205,1471.6266869473236,22.464571082302104,0.0,3.0,,
0.0,0.0,32.0,16.0,10.43446238962105,108.87800536041624,10.451441526694982,0.0,1.0,,
0.0,0.0,39.0,9.0,23.59583350922119,556.7633589948856,8.024780641629057,1.0,3.0,,
0.0,0.0,53.0,13.0,32.844211783844685,1078.742247702042,9.467103812971061,2.0,3.0,,
0.0,0.0,54.0,16.0,32.5057696299398,1056.6250592347167,12.087229340255176,0.0,3.0,,
0.0,0.0,43.0,6.0,29.992084517178778,899.5251336855949,7.918651769140084,1.0,2.0,,
0.0,0.0,54.0,6.0,40.74386783254925,1660.0627659562415,22.865921252616108,1.0,2.0,,
0.0,0.0,55.0,6.0,43.622905668606876,1902.957898972174,36.0091307782872,1.0,2.0,,
0.0,0.0,41.0,7.0,27.19601483974159,739.6232231634448,5.642466876657802,3.0,0.0,,
0.0,0.0,56.0,6.0,44.48820877795671,1979.2007202710643,20.49340176008386,1.0,1.0,,
0.0,0.0,38.0,15.0,17.546408045704247,307.8764353063547,16.844957667362348,0.0,2.0,,
0.0,0.0,37.0,12.0,16.72114199781685,279.5965897111545,26.395853896122965,0.0,3.0,,
1.0,1197.2603535446042,50.0,16.0,27.037517752269174,731.0273662042707,19.878703553934173,0.0,2.0,10.755453814941042,2.3754129575469167
0.0,0.0,49.0,14.0,31.875553879832925,1016.0509351461318,6.278433935508238,0.0,2.0,,
0.0,0.0,34.0,16.0,9.675840974531425,93.62189856442124,7.3161816613567545,2.0,0.0,,
0.0,0.0,54.0,8.0,35.766691102058935,1279.256192390102,20.563935969453023,1.0,1.0,,
0.0,0.0,35.0,9.0,16.27630969351498,264.91825723920965,45.742357829778314,1.0,2.0,,
0.0,0.0,54.0,15.0,33.058219893153336,1092.8459025040788,3.4166143450856956,3.0,3.0,,
0.0,0.0,30.0,8.0,16.0618345560654,257.98252930641655,26.485072273552454,2.0,1.0,,
0.0,0.0,53.0,6.0,40.76477828914976,1661.7671489635356,52.02360741085895,0.0,0.0,,
0.0,0.0,53.0,13.0,36.428379657857,1327.0268444969697,17.771202303224282,1.0,1.0,,
0.0,0.0,53.0,14.0,27.654331133794123,764.7620304575349,31.192010765635448,1.0,0.0,,
0.0,0.0,49.0,16.0,27.791867748861648,772.3879129702162,11.444905943971358,3.0,2.0,,
0.0,0.0,44.0,16.0,25.122876403607147,631.1589187909208,18.25624184720939,1.0,2.0,,
0.0,0.0,51.0,7.0,35.74443847021657,1277.6648815510985,5.491872023874157,0.0,3.0,,
1.0,1240.6821304226285,38.0,14.0,17.24038697642021,297.2309430967196,3.078755180962698,2.0,3.0,5.318431091627767,1.671178352270993
0.0,0.0,53.0,15.0,30.49421616554276,929.8972195508494,42.70058587985824,1.0,0.0,,
1.0,1460.5241716759324,46.0,13.0,25.211307907844944,635.610046424165,9.134003133489015,0.0,0.0,7.051491164220814,1.9532391071139639
0.0,0.0,43.0,15.0,21.34747598995392,455.7147311416591,13.951370176717191,2.0,1.0,,
1.0,983.8880824076938,45.0,15.0,26.85497056736901,721.1894441742558,6.624972344071805,0.0,0.0,9.819211240017854,2.284340797349964
0.0,0.0,47.0,10.0,34.67477335097504,1202.3399069414886,6.501443554375867,3.0,3.0,,
0.0,0.0,31.0,6.0,18.328121549919704,335.92003954863105,17.477770912443248,3.0,0.0,,
0.0,0.0,34.0,11.0,20.81012042812894,433.06111223322944,11.204755032677244,1.0,0.0,,
0.0,0.0,37.0,8.0,23.07115295396925,532.278098625444,27.177156840020196,2.0,3.0,,
0.0,0.0,33.0,7.0,23.50738205340216,552.5970110046139,28.847713503935445,2.0,3.0,,
0.0,0.0,43.0,7.0,29.81340270069302,888.8389805936897,25.96318873863451,2.0,0.0,,
0.0,0.0,50.0,13.0,31.262115652092287,977.3198750447935,24.30982604834428,0.0,1.0,,
0.0,0.0,49.0,11.0,32.73094894528567,1071.315018858897,70.96697045533355,1.0,2.0,,
0.0,0.0,44.0,11.0,33.35770735873507,1112.7366402310079,8.549946150691436,0.0,2.0,,
0.0,0.0,55.0,14.0,36.702571149689575,1347.0787289980256,19.221935618644032,2.0,3.0,,
0.0,0.0,46.0,12.0,26.58547094009707,706.7872651067458,49.70730262511028,0.0,1.0,,
0.0,0.0,32.0,12.0,15.937995740551717,254.01970822584465,55.23693531067354,2.0,0.0,,
0.0,0.0,52.0,6.0,39.276334925831314,1542.6304852060766,6.440389892030024,2.0,1.0,,
1.0,1812.5439163460996,47.0,15.0,25.02049963419758,626.0254019448813,15.644441007166096,3.0,2.0,12.240966091779503,2.504788203036398
0.0,0.0,49.0,10.0,34.81720271978422,1212.2376052305497,59.530981629725474,1.0,2.0,,
0.0,0.0,46.0,7.0,33.062171175542304,1093.1071628408604,30.15839375192197,0.0,2.0,,
0.0,0.0,46.0,14.0,26.557151829023613,705.2823132698122,23.481442425961518,2.0,3.0,,
0.0,0.0,32.0,14.0,12.027970443730585,144.6720729952565,16.875320771379553,0.0,3.0,,
0.0,0.0,46.0,6.0,34.67316625321087,1202.2284580228013,14.775335339298193,0.0,1.0,,
0.0,0.0,53.0,8.0,39.8499317948723,1588.017064055974,25.29420328906104,3.0,1.0,,
0.0,0.0,39.0,6.0,23.12606613458917,534.8149348613921,16.41344309563923,3.0,2.0,,
0.0,0.0,48.0,8.0,35.333145337219065,1248.4311594210453,19.4128865977621,2.0,1.0,,
0.0,0.0,30.0,7.0,15.035961160339399,226.08012801523492,21.38904692128703,3.0,1.0,,
1.0,1646.892950118713,40.0,13.0,18.115401728881178,328.16777979875116,11.676085517828044,0.0,0.0,5.578638358028561,1.7189447247563605
0.0,0.0,43.0,11.0,25.883177512282636,669.9388781323336,30.7442658089342,0.0,1.0,,
0.0,0.0,59.0,16.0,37.16796200662891,1381.4573997262103,206.7263046712478,1.0,2.0,,
1.0,1198.2481765016257,36.0,14.0,14.61298767085544,213.53940866857306,4.847245902670566,0.0,3.0,7.450553749893198,2.008288358473941
0.0,0.0,38.0,12.0,21.66206371533595,469.24500440727434,26.028966638505807,3.0,3.0,,
0.0,0.0,42.0,11.0,22.315649667258185,497.98822007180036,10.933679951547182,0.0,1.0,,
0.0,0.0,59.0,6.0,46.18611250245488,2133.1569880894194,31.87818952542777,2.0,0.0,,
0.0,0.0,55.0,6.0,41.830251730134,1749.7699598063787,20.84774895572876,3.0,0.0,,
0.0,0.0,31.0,12.0,12.906825459321322,166.58614343738506,36.94697657318155,2.0,1.0,,
0.0,0.0,37.0,6.0,25.55772856929448,653.1974896217313,51.4394434879332,0.0,2.0,,
1.0,1243.6087403292272,54.0,6.0,39.98421410075291,1598.7373772548476,23.428117280557203,1.0,3.0,12.627385140337495,2.535867879324839
0.0,0.0,31.0,8.0,18.448565354912457,340.3495636544762,49.68195708805964,2.0,3.0,,
0.0,0.0,55.0,15.0,34.1260047366694,1164.5841992871824,3.078867039417097,3.0,0.0,,
0.0,0.0,38.0,11.0,17.216107493376178,296.3943572234834,71.69075780085876,1.0,2.0,,
0.0,0.0,57.0,13.0,34.08281711920594,1161.6384227812375,27.113987035624973,1.0,1.0,,
0.0,0.0,38.0,10.0,21.97536141414138,482.91650928213375,47.57344296299777,3.0,0.0,,
0.0,0.0,43.0,7.0,29.558065364427293,873.6792280877563,7.569291001852189,3.0,2.0,,
0.0,0.0,49.0,10.0,32.793159772850736,1075.3913278877158,10.333428182388486,1.0,0.0,,
0.0,0.0,33.0,7.0,19.944035086939564,397.7645355490764,22.572912721988796,0.0,1.0,,
0.0,0.0,46.0,14.0,26.451119679020362,699.6617322738582,19.81362215021051,2.0,2.0,,
0.0,0.0,45.0,8.0,32.8952992196966,1082.1007107533715,25.19019598005745,3.0,1.0,,
0.0,0.0,53.0,10.0,34.77779019816489,1209.4946910675737,47.8280424084674,3.0,2.0,,
0.0,0.0,59.0,16.0,34.65605681419841,1201.042273908948,4.893088737565088,1.0,1.0,,
0.0,0.0,49.0,12.0,28.813352284225235,830.2092698548676,43.774666400835706,0.0,3.0,,
0.0,0.0,42.0,11.0,25.577833334337413,654.2255580791422,20.21905603867749,2.0,0.0,,
0.0,0.0,42.0,11.0,27.48989475729289,755.6943137670391,17.064060234854225,3.0,0.0,,
0.0,0.0,42.0,14.0,21.13732112352098,446.78634427884623,6.191069265016825,3.0,2.0,,
0.0,0.0,54.0,8.0,34.996600311680695,1224.7620333755292,30.037269722561305,0.0,1.0,,
0.0,0.0,39.0,13.0,16.59201427477925,275.2949376944784,2.9116319139697886,1.0,2.0,,
0.0,0.0,35.0,15.0,12.333926554407977,152.12574424953024,33.74105040575047,1.0,0.0,,
1.0,1550.4224818190976,40.0,12.0,20.88454222500957,436.16410394820775,6.087973889002801,0.0,2.0,8.281662008318857,2.114043673896846
0.0,0.0,30.0,10.0,13.183222745490546,173.7973619572193,20.963154101932165,3.0,3.0,,
1.0,1489.0258216697025,33.0,7.0,20.077162245961834,403.09244385067524,18.25912454475459,0.0,0.0,4.240902295088193,1.444776052049328
0.0,0.0,32.0,8.0,17.376507338355104,301.9430072799088,51.19441877665167,2.0,1.0,,
0.0,0.0,53.0,16.0,33.09867922108681,1095.5225661804038,17.410541651088646,3.0,3.0,,
0.0,0.0,51.0,11.0,32.64796538863726,1065.8896440176566,11.526965897012799,2.0,2.0,,
0.0,0.0,50.0,9.0,33.27536408104891,1107.2498547263601,13.39280795671305,3.0,0.0,,
0.0,0.0,43.0,10.0,27.957751077040925,781.635845285783,55.60683998504148,1.0,0.0,,
0.0,0.0,51.0,12.0,29.92871586014776,895.7280330374601,30.84694060275425,3.0,3.0,,
0.0,0.0,34.0,11.0,17.779383410640005,316.10647446254103,14.753731218788138,1.0,3.0,,
0.0,0.0,57.0,13.0,38.20510636745254,1459.6301525483623,16.62392402303293,0.0,1.0,,
0.0,0.0,45.0,8.0,30.705115020163664,942.8040884014803,5.7331110699556485,1.0,1.0,,
0.0,0.0,58.0,13.0,42.176552214298525,1778.8615566854498,27.406476681012347,1.0,3.0,,
0.0,0.0,34.0,10.0,16.755585109410564,280.74963235870104,4.914290719584525,2.0,0.0,,
0.0,0.0,44.0,16.0,26.120596341048156,682.2855532119783,36.65087024023516,1.0,0.0,,
0.0,0.0,50.0,7.0,36.5491371015438,1335.8394228674454,22.26235808541297,1.0,3.0,,
0.0,0.0,44.0,7.0,28.445967110059545,809.1730448265894,135.57994138285628,1.0,0.0,,
0.0,0.0,43.0,11.0,26.139839161989652,683.2911914146879,8.330234083301182,1.0,3.0,,
0.0,0.0,34.0,11.0,14.847509599362464,220.4485413031605,18.501842600794937,2.0,1.0,,
0.0,0.0,41.0,13.0,20.496488304373,420.10603281129914,84.65889313239842,1.0,3.0,,
0.0,0.0,37.0,10.0,21.794066600030984,474.98133896658607,52.097226450813224,3.0,0.0,,
0.0,0.0,39.0,16.0,18.11116417730025,328.01426785712385,11.507860904182953,1.0,3.0,,
0.0,0.0,50.0,11.0,31.755664599491485,1008.4222341553967,24.02689775786262,3.0,0.0,,
0.0,0.0,48.0,7.0,36.974810290092805,1367.1365959883528,20.117689147513605,1.0,0.0,,
0.0,0.0,48.0,7.0,37.315015516042266,1392.410382962475,25.167782237323873,0.0,2.0,,
1.0,451.8896058084083,40.0,16.0,20.87260351312658,435.6655774161841,11.485158667187289,0.0,2.0,8.850997636843081,2.180530179993492
0.0,0.0,58.0,7.0,46.05882681425145,2121.415527505208,18.700376883202733,3.0,3.0,,
0.0,0.0,32.0,16.0,12.726857424171397,161.97289989518663,5.593236499071843,3.0,0.0,,
0.0,0.0,40.0,9.0,21.238403144051883,451.0697681092729,22.378457144891065,0.0,0.0,,
0.0,0.0,33.0,7.0,19.364186902743075,374.97173440436643,28.78966702004985,2.0,2.0,,
0.0,0.0,40.0,9.0,23.265989487353146,541.3062668256271,16.744409977525635,2.0,3.0,,
0.0,0.0,58.0,12.0,40.23845172225479,1619.1329970042293,5.517689961875515,0.0,1.0,,
0.0,0.0,40.0,10.0,22.857101561606527,522.4470917975955,44.292948587353244,1.0,3.0,,
0.0,0.0,57.0,14.0,36.667684316100534,1344.519073105205,26.886385154446327,2.0,3.0,,
0.0,0.0,44.0,12.0,29.7643497604081,885.9165166599056,11.236730505288142,3.0,3.0,,
0.0,0.0,50.0,10.0,33.660560407159245,1133.0333269240166,16.046963514175374,3.0,2.0,,
1.0,386.61146163516423,43.0,12.0,25.82758463438043,667.0641280460841,6.04640861105587,0.0,2.0,6.979816898243178,1.943022684086823
0.0,0.0,37.0,16.0,14.53546134015153,211.27963637103971,8.84340424208313,0.0,2.0,,
0.0,0.0,52.0,10.0,36.15142657591367,1306.925643473677,13.062570448724664,1.0,2.0,,
0.0,0.0,59.0,7.0,46.012033360872145,2117.1072140020115,53.663692194016576,0.0,2.0,,
0.0,0.0,37.0,10.0,21.896648131946318,479.46319941426816,12.04196084246323,2.0,2.0,,
0.0,0.0,53.0,15.0,34.33061507109436,1178.591131159651,33.520960423741556,0.0,1.0,,
1.0,675.6394870950973,37.0,8.0,26.294787995206658,691.4158757128641,13.05729573506117,0.0,2.0,4.583453798869058,1.522452818488681
0.0,0.0,51.0,16.0,29.619240163818333,877.2993878819491,24.49228202861516,0.0,3.0,,
0.0,0.0,53.0,12.0,36.179093772071205,1308.9268261683214,17.937322505102486,1.0,3.0,,
0.0,0.0,43.0,12.0,22.698270981628866,515.211505555455,40.38446898839278,3.0,2.0,,
0.0,0.0,52.0,9.0,36.82424651516876,1356.0251314099185,13.093958353371718,0.0,0.0,,
0.0,0.0,38.0,16.0,17.88057892976718,319.715102863634,5.708620495512213,3.0,2.0,,
0.0,0.0,32.0,6.0,21.731937276834305,472.27709780426045,6.648829172687372,1.0,1.0,,
0.0,0.0,32.0,9.0,17.4232194655901,303.5685765461178,13.124726955171573,0.0,0.0,,
1.0,1110.1807461031337,43.0,10.0,28.772787919135904,827.8733246395731,7.394614932370851,1.0,0.0,4.761939127405111,1.5606549649937012
0.0,0.0,57.0,11.0,40.981533417987634,1679.4860812896372,27.887250485657646,2.0,2.0,,
0.0,0.0,33.0,11.0,18.400612516518642,338.58254098306253,13.837543866034679,0.0,3.0,,
0.0,0.0,43.0,7.0,30.578718313914223,935.0580137217131,134.24751728832587,0.0,2.0,,
0.0,0.0,51.0,8.0,36.28860336885793,1316.8627344622869,5.001952438383327,3.0,1.0,,
0.0,0.0,36.0,7.0,23.67168251386605,560.3485530372717,23.639204537547425,2.0,0.0,,
0.0,0.0,51.0,12.0,27.13881124829445,736.5150759705533,8.146900769060448,1.0,2.0,,
0.0,0.0,39.0,9.0,24.765771472770098,613.3434366414732,13.535000062634465,3.0,0.0,,
0.0,0.0,54.0,12.0,28.703174349570432,823.872217741838,22.491457684887976,3.0,3.0,,
0.0,0.0,47.0,12.0,25.553073185189163,652.9595492076335,3.125839540602997,1.0,3.0,,
0.0,0.0,46.0,13.0,27.903537201881967,778.607388376811,24.27533692120549,2.0,3.0,,
0.0,0.0,35.0,12.0,17.95505867453359,322.3841320059439,92.04945342163255,0.0,1.0,,
0.0,0.0,43.0,13.0,21.67514243972014,469.81179978215715,13.974711311120718,1.0,0.0,,
0.0,0.0,55.0,12.0,35.57579591624212,1265.6372550741096,24.725776573403717,2.0,1.0,,
0.0,0.0,30.0,13.0,13.741081977228264,188.81733390490743,45.60135151191498,0.0,3.0,,
0.0,0.0,52.0,12.0,33.031939736854646,1091.109042779197,17.616521793613877,3.0,0.0,,
0.0,0.0,44.0,9.0,33.485840624805974,1121.301522349906,12.619356296236381,3.0,3.0,,
0.0,0.0,51.0,8.0,36.99616029364731,1368.7158764732455,3.2524575408999277,1.0,0.0,,
1.0,1537.892090446551,49.0,14.0,29.816072353762532,888.9981706048023,33.541805141890656,1.0,0.0,5.033689862165705,1.6161532861870473
0.0,0.0,42.0,9.0,30.233748796997215,914.0795663199306,18.34698530076193,0.0,0.0,,
1.0,2019.8378682065022,39.0,12.0,21.262054232386838,452.07495018095904,8.93389901027336,2.0,3.0,5.196943875266596,1.648070736519577
0.0,0.0,48.0,8.0,31.995312038618398,1023.6999924485593,22.22632435657981,0.0,2.0,,
0.0,0.0,34.0,10.0,17.78054509661142,316.14778393263236,12.591924736329982,1.0,1.0,,
0.0,0.0,47.0,11.0,29.92877852761982,895.7317841553172,13.161015585994452,2.0,2.0,,
0.0,0.0,32.0,12.0,11.27051669559687,127.02454658572778,32.62350121726693,2.0,2.0,,
0.0,0.0,49.0,11.0,31.488335857318354,991.5152950632809,6.884648452340014,2.0,2.0,,
0.0,0.0,48.0,9.0,31.515615812005127,993.2340400099075,46.42565560084857,0.0,2.0,,
0.0,0.0,32.0,16.0,11.848715514374868,140.3920593405877,6.565647089780774,3.0,0.0,,
0.0,0.0,52.0,11.0,35.06922374837051,1229.8504543132742,11.820542093443699,2.0,1.0,,
0.0,0.0,42.0,14.0,21.43440850170486,459.4338678179575,93.53698833694307,3.0,2.0,,
0.0,0.0,53.0,14.0,32.78763613875485,1075.029083567383,49.49560161251884,1.0,0.0,,
0.0,0.0,31.0,12.0,13.446244036812333,180.80147869751121,21.71673570609259,3.0,1.0,,
0.0,0.0,35.0,15.0,15.23362839937956,232.06343421038346,9.464763784353353,1.0,0.0,,
0.0,0.0,44.0,7.0,29.000575542661238,841.0333818056012,13.152109376777794,3.0,3.0,,
0.0,0.0,35.0,16.0,10.916824734757457,119.17706228941222,21.298150791978934,0.0,0.0,,
0.0,0.0,39.0,15.0,20.20935843080506,408.4181681847516,20.69761726907331,0.0,0.0,,
0.0,0.0,49.0,11.0,31.175326255590537,971.9009671425127,18.677194913586902,2.0,2.0,,
0.0,0.0,34.0,14.0,11.166315814806252,124.6866088759922,19.5961670557562,2.0,0.0,,
0.0,0.0,50.0,11.0,33.88762541876621,1148.37115652261,16.920060202445615,2.0,1.0,,
0.0,0.0,33.0,8.0,19.926739612065372,397.0749515670552,6.3370731366681055,1.0,1.0,,
0.0,0.0,35.0,14.0,11.938569485486587,142.52944135979146,13.287070323788258,3.0,0.0,,
0.0,0.0,47.0,8.0,33.45896343092721,1119.5022338721246,41.74999131151749,1.0,3.0,,
0.0,0.0,53.0,9.0,39.47116618485675,1557.9729599925788,6.721642618615516,2.0,2.0,,
0.0,0.0,35.0,11.0,18.748772903412526,351.51648538373576,17.25937701349886,3.0,0.0,,
0.0,0.0,38.0,15.0,18.26396296752279,333.5723432790439,10.424896681448423,2.0,2.0,,
1.0,2104.1526405710974,57.0,10.0,38.1914618038185,1458.5877547125274,21.956875904465104,2.0,2.0,6.236504720884652,1.830419884559954
0.0,0.0,59.0,11.0,42.66208030999239,1820.0530963762403,14.718327047044575,3.0,2.0,,
0.0,0.0,47.0,6.0,34.39476048105911,1182.9995485494255,65.49114430037963,3.0,2.0,,
0.0,0.0,43.0,7.0,29.03441968255071,842.997526302488,30.122322956638314,1.0,3.0,,
0.0,0.0,40.0,6.0,29.741111218839453,884.533696531378,7.032606936982413,1.0,1.0,,
1.0,703.1361285828131,48.0,6.0,38.95854902134846,1517.768541848811,34.36306890337289,0.0,1.0,6.178576333827296,1.8210878782365043
0.0,0.0,47.0,15.0,29.588740109200717,875.4935412498232,10.807912610458441,2.0,2.0,,
0.0,0.0,38.0,15.0,19.62961574301181,385.32181421829716,12.659436467605978,3.0,3.0,,
1.0,679.167405589153,30.0,15.0,8.780531636739633,77.09773582378558,25.81756866230765,1.0,2.0,6.393436938803718,1.85527198589108
0.0,0.0,34.0,6.0,22.705440326052685,515.5370203999395,13.552920568566593,1.0,0.0,,
0.0,0.0,58.0,6.0,47.533645743568485,2259.4474776750662,41.02922645246521,0.0,1.0,,
0.0,0.0,42.0,9.0,27.242355898598923,742.1459549059275,10.809138684199231,1.0,2.0,,
0.0,0.0,44.0,12.0,26.26152837582309,689.6678726341613,12.241633914560726,0.0,0.0,,
0.0,0.0,44.0,9.0,30.647506263752366,939.2696401867405,11.880558031282531,3.0,3.0,,
0.0,0.0,53.0,11.0,35.88143470794814,1287.4773567007453,12.774985503272939,2.0,3.0,,
0.0,0.0,31.0,7.0,16.541426127252677,273.6187783233575,48.39290656649058,0.0,3.0,,
1.0,1147.69746332468,32.0,14.0,11.171053868328283,124.7924445290923,33.2161776178804,0.0,0.0,5.935763580789479,1.7809956770378048
0.0,0.0,38.0,9.0,24.267820755467486,588.9271242194985,78.88216551568175,3.0,2.0,,
0.0,0.0,44.0,6.0,32.00598658239991,1024.3831771127632,123.23774342119879,3.0,2.0,,
0.0,0.0,50.0,14.0,30.680419953736674,941.2881685376435,8.805938949275333,3.0,2.0,,
0.0,0.0,44.0,15.0,24.34015848440438,592.4433150459225,21.24954114289655,0.0,3.0,,
0.0,0.0,43.0,6.0,30.25031707420478,915.0816830899253,7.838439307974256,0.0,1.0,,
0.0,0.0,58.0,10.0,43.51249632725961,1893.3373366297812,10.782400890535389,0.0,2.0,,
0.0,0.0,34.0,15.0,13.757685206916788,189.27390225261703,12.133060407029637,3.0,2.0,,
0.0,0.0,47.0,13.0,25.530373826177044,651.7999877043459,8.621646715308264,3.0,3.0,,
0.0,0.0,46.0,15.0,27.884609582372487,777.5514515613395,8.658055694162227,3.0,3.0,,
0.0,0.0,44.0,10.0,26.998510512486167,728.9195698928261,17.895915405735778,0.0,1.0,,
0.0,0.0,54.0,10.0,34.68980931362963,1203.3828702159851,7.588434146318328,0.0,3.0,,
0.0,0.0,38.0,13.0,16.909912580827395,285.9451434912246,39.39746867096354,3.0,0.0,,
0.0,0.0,58.0,7.0,42.957909678643354,1845.3820039584803,9.638805306351502,3.0,1.0,,
0.0,0.0,39.0,8.0,25.104346637315068,630.2282200864723,190.11994758987495,2.0,2.0,,
0.0,0.0,46.0,12.0,27.452298988907526,753.6287197763731,13.997691724896573,0.0,0.0,,
1.0,885.8022524933344,45.0,13.0,25.326336064718813,641.4232984630768,21.276732686856935,0.0,1.0,10.462647641668092,2.3478115472255223
0.0,0.0,55.0,7.0,43.239403930964954,1869.6460523051476,7.125835998732608,0.0,2.0,,
0.0,0.0,43.0,11.0,26.679750722385407,711.8090986086246,78.6394440693191,2.0,2.0,,
0.0,0.0,38.0,10.0,22.632095741288573,512.2117576428524,49.18558263310417,3.0,0.0,,
0.0,0.0,30.0,11.0,13.819656914657385,190.98291723883767,25.470799964071354,2.0,1.0,,
0.0,0.0,40.0,16.0,19.232269336004478,369.88018381261816,6.838428549242067,1.0,0.0,,
0.0,0.0,54.0,6.0,37.784093316445116,1427.6377077458324,23.77259632038002,3.0,2.0,,
0.0,0.0,30.0,16.0,7.271123495471078,52.86923688639154,8.189518977107276,0.0,1.0,,
0.0,0.0,56.0,10.0,35.639579871021056,1270.1796533828892,64.70795918940465,3.0,2.0,,
0.0,0.0,46.0,14.0,26.07211985359559,679.7554336602534,38.37306516497543,3.0,2.0,,
0.0,0.0,34.0,10.0,17.99073405555131,323.6665118575737,21.679155671903974,2.0,3.0,,
0.0,0.0,39.0,9.0,26.09106454957936,680.7436493303169,2.8602226441369956,3.0,0.0,,
0.0,0.0,46.0,14.0,28.37526878544224,805.1558786460928,9.145548124103668,2.0,3.0,,
0.0,0.0,39.0,13.0,20.405550096504733,416.38647474096433,34.820590933140075,1.0,0.0,,
0.0,0.0,33.0,7.0,18.9992778452062,360.9725586393432,53.00079711679357,1.0,0.0,,
0.0,0.0,49.0,13.0,30.970322225091476,959.160858725995,48.78075396930813,3.0,0.0,,
0.0,0.0,50.0,14.0,28.944164725351374,837.7646716482748,5.6203256002045645,2.0,0.0,,
0.0,0.0,33.0,10.0,16.997214697113304,288.9053074597645,25.565450380485036,0.0,3.0,,
0.0,0.0,38.0,16.0,17.972272633921534,323.00258362800486,45.259481005693566,3.0,0.0,,
1.0,1712.1722006624898,37.0,13.0,16.884457308021155,285.084898586389,5.329895049903153,0.0,2.0,7.575301561925645,2.0248931607582303
0.0,0.0,49.0,9.0,35.611357278485,1268.1687672159067,19.958924520664517,2.0,1.0,,
0.0,0.0,51.0,6.0,40.3548027373846,1628.5101039732237,25.004952835010815,0.0,0.0,,
0.0,0.0,51.0,13.0,30.090416365738356,905.4331570634947,15.790181646916237,2.0,1.0,,
0.0,0.0,58.0,8.0,45.947788256434805,2111.1992456581684,4.564324437442878,1.0,0.0,,
0.0,0.0,53.0,14.0,34.39713269074301,1183.1627373445813,15.478338214908746,1.0,1.0,,
0.0,0.0,39.0,11.0,22.203851774745313,493.0110336348606,15.458448089260877,2.0,2.0,,
0.0,0.0,33.0,11.0,14.475353083944695,209.53584690486719,17.841765341243327,3.0,2.0,,
0.0,0.0,48.0,7.0,33.28158796284886,1107.664097328846,12.797154732079248,1.0,1.0,,
0.0,0.0,57.0,13.0,36.92467484619395,1363.4316124971483,14.09176067657928,3.0,3.0,,
0.0,0.0,59.0,7.0,47.08518892658392,2217.015016252101,19.457546197433047,1.0,2.0,,
0.0,0.0,36.0,10.0,18.088749665197206,327.202864450172,28.615933668734073,0.0,1.0,,
0.0,0.0,37.0,15.0,16.87502449723974,284.7664517824413,15.743988182633114,0.0,1.0,,
0.0,0.0,31.0,16.0,6.516488942243215,42.464628134378096,14.472942291200402,0.0,0.0,,
0.0,0.0,34.0,16.0,11.591862831122302,134.37128389555477,21.625717481516265,2.0,3.0,,
0.0,0.0,46.0,16.0,24.21929550914802,586.5742749594374,4.320051222663924,2.0,3.0,,
0.0,0.0,46.0,12.0,32.89026029011784,1081.7692219517023,29.4186286659652,1.0,1.0,,
0.0,0.0,41.0,8.0,24.245368688959264,587.8379028635662,20.07649087441864,1.0,2.0,,
0.0,0.0,39.0,15.0,20.944029132980265,438.65235632312607,20.733584419688274,3.0,2.0,,
0.0,0.0,54.0,14.0,34.29968482797456,1176.468379298388,43.3188314129633,2.0,2.0,,
0.0,0.0,43.0,16.0,21.822343836031926,476.2146904980006,4.211199718913337,0.0,0.0,,
0.0,0.0,54.0,13.0,35.23669582677641,1241.6247327887622,4.140981777774153,0.0,3.0,,
0.0,0.0,58.0,7.0,45.88945363639046,2105.84195504643,25.00418163444772,1.0,3.0,,
0.0,0.0,39.0,11.0,21.692629791275966,470.57018726135357,19.971505165055472,1.0,3.0,,
0.0,0.0,36.0,10.0,22.908100362914915,524.7810622373825,23.014893608445014,3.0,3.0,,
0.0,0.0,58.0,15.0,36.08705771155056,1302.2757342767804,13.877909618218991,2.0,3.0,,
0.0,0.0,49.0,10.0,35.26446914435849,1243.5827840334123,34.17460893026007,3.0,2.0,,
0.0,0.0,38.0,9.0,21.711265759573955,471.3790608828484,42.356041797967116,2.0,0.0,,
0.0,0.0,48.0,6.0,35.87949630719743,1287.3382552581938,29.582584750571403,1.0,1.0,,
0.0,0.0,45.0,15.0,21.85607489541956,477.68800983418913,16.302805886532283,2.0,0.0,,
0.0,0.0,57.0,14.0,37.91004744069504,1437.1716969557485,3.720464365419951,2.0,0.0,,
0.0,0.0,37.0,6.0,27.890251913853067,777.8661518181847,37.16579936279857,2.0,3.0,,
0.0,0.0,59.0,10.0,42.84528764035829,1835.7186729850391,53.377159672266046,0.0,3.0,,
0.0,0.0,58.0,11.0,40.60622860259218,1648.8658013259756,33.637675370712444,2.0,2.0,,
0.0,0.0,35.0,11.0,15.770766073864147,248.71706255654436,9.93720762442374,1.0,2.0,,
0.0,0.0,34.0,16.0,11.541414692895383,133.20425311338144,34.433692387987186,3.0,0.0,,
0.0,0.0,45.0,7.0,28.814411480556945,830.2703089708518,39.98177664260446,3.0,0.0,,
0.0,0.0,31.0,9.0,14.174244026562345,200.9091937245383,69.89911570065901,2.0,3.0,,
0.0,0.0,38.0,7.0,25.45357209221827,647.8843322537527,9.965329916246636,3.0,1.0,,
0.0,0.0,43.0,8.0,31.638026395482793,1000.9647142012659,16.757339348539887,2.0,2.0,,
0.0,0.0,59.0,15.0,43.618421722459004,1902.5667135582835,36.5184510439152,0.0,1.0,,
0.0,0.0,59.0,16.0,35.8268298298582,1283.5617356576172,21.02953876323542,2.0,0.0,,
0.0,0.0,34.0,6.0,24.87060031329088,618.5467599434644,8.216447338317774,3.0,3.0,,
0.0,0.0,56.0,12.0,38.48750496080329,1481.288038107858,27.985682161663984,0.0,3.0,,
0.0,0.0,32.0,8.0,17.69750470650725,313.2016728368462,31.910314849928096,0.0,2.0,,
0.0,0.0,52.0,8.0,38.86518890345231,1510.5029085010324,21.549881486425097,1.0,1.0,,
0.0,0.0,55.0,9.0,40.12383296735992,1609.9219719925984,23.94280692878345,3.0,2.0,,
0.0,0.0,56.0,8.0,42.220791451224436,1782.5952307677865,16.330512307391384,2.0,3.0,,
0.0,0.0,36.0,11.0,18.183333674346663,330.6336235126293,65.53754264357403,3.0,2.0,,
0.0,0.0,56.0,16.0,31.2037806804023,973.6759287506478,9.771268101037101,3.0,1.0,,
0.0,0.0,33.0,12.0,11.912749594955837,141.91360291212047,12.555306310324264,2.0,1.0,,
0.0,0.0,45.0,13.0,27.306489766562454,745.64438337138,20.262834815457776,2.0,2.0,,
0.0,0.0,44.0,11.0,26.446599819828574,699.4226420301568,40.57545074044299,1.0,1.0,,
0.0,0.0,39.0,6.0,25.807822200687667,666.0436867423073,6.062373947753877,0.0,2.0,,
0.0,0.0,30.0,6.0,18.017011253446306,324.61269450681084,7.0410872712760915,1.0,0.0,,
0.0,0.0,53.0,8.0,40.58986450583126,1647.5371006017401,3.934631354764248,2.0,0.0,,
0.0,0.0,40.0,8.0,26.360727886052796,694.8879746825215,20.617828861587306,0.0,3.0,,
1.0,0.0,49.0,15.0,26.687890126718067,712.2434794157757,8.210019890969308,0.0,1.0,16.80451009367686,2.8216473083377798
1.0,1168.2436064447443,42.0,15.0,23.4525859112979,550.0237859268087,14.766482433015625,0.0,1.0,6.922149034191815,1.9347262754916048
0.0,0.0,41.0,15.0,23.158371005963264,536.31014764984,34.09335686314492,2.0,2.0,,
0.0,0.0,56.0,13.0,37.989113310645706,1443.1727301290787,12.022330835045741,3.0,1.0,,
0.0,0.0,32.0,12.0,15.94732702268818,254.31723916856063,24.167907536075106,3.0,3.0,,
0.0,0.0,52.0,13.0,35.48391999362762,1259.1085781141662,15.808213927841004,1.0,0.0,,
0.0,0.0,52.0,10.0,38.26019863280903,1463.842799422002,34.387442429405475,2.0,3.0,,
0.0,0.0,41.0,13.0,23.22819835422525,539.5491987832326,29.37378041685657,3.0,0.0,,
0.0,0.0,37.0,14.0,18.196694094149766,331.11967595606495,11.547316162234333,2.0,1.0,,
0.0,0.0,30.0,14.0,11.039321146693005,121.86661137982337,17.55043256663503,1.0,2.0,,
0.0,0.0,58.0,12.0,37.805324650905916,1429.2425719603946,46.29318315487719,1.0,3.0,,
0.0,0.0,58.0,6.0,47.40144631371917,2246.897112632401,27.51417967153197,2.0,0.0,,
0.0,0.0,37.0,13.0,15.288372057746892,233.73432017609596,6.569451567849441,1.0,2.0,,
0.0,0.0,30.0,10.0,12.41080108974989,154.02798368933708,33.93661258816008,3.0,0.0,,
0.0,0.0,33.0,14.0,15.607130135616174,243.58251107005853,8.434340291157262,3.0,0.0,,
0.0,0.0,32.0,11.0,16.680440325388396,278.23708944884334,62.17857306858222,0.0,3.0,,
0.0,0.0,54.0,15.0,35.97479657937173,1294.1859889271757,45.57134281261057,2.0,2.0,,
0.0,0.0,56.0,9.0,40.45665123262542,1636.7406289582918,25.327946243810167,1.0,1.0,,
0.0,0.0,34.0,16.0,9.695502317446465,94.00276518760977,22.777797661573906,2.0,2.0,,
0.0,0.0,52.0,15.0,30.519125605859315,931.4170277462177,16.992536108071253,1.0,1.0,,
0.0,0.0,35.0,9.0,20.204062594481147,408.20414532171225,34.5642240840074,1.0,1.0,,
0.0,0.0,41.0,11.0,24.15797743268002,583.6078736378771,14.930072453663033,1.0,1.0,,
0.0,0.0,47.0,11.0,32.267360957513404,1041.1825831624603,24.250952537571557,0.0,1.0,,
0.0,0.0,51.0,14.0,30.27745914999311,916.7245325795014,40.34822861334254,3.0,3.0,,
1.0,589.0208750294717,56.0,13.0,37.70406894360585,1421.596814904183,12.814210689042083,0.0,1.0,14.225389282605997,2.655028345726245
1.0,1631.1729377833592,31.0,15.0,8.022745701130788,64.36444858501254,12.26863257592395,1.0,1.0,8.270540461996882,2.1126998590159487
1.0,241.23036856943895,35.0,10.0,19.900634556087628,396.03525573494903,7.72535375621757,0.0,2.0,4.067342938079927,1.402989945494575
0.0,0.0,38.0,11.0,21.006217100371273,441.26115686793054,8.571320485815269,0.0,3.0,,
0.0,0.0,39.0,10.0,21.500373323430964,462.2660530469018,4.651937273740543,1.0,1.0,,
1.0,1561.7676719397184,59.0,16.0,36.52834127565029,1334.3197163503767,36.01238947066861,3.0,3.0,11.35991487781798,2.4300909201151057
0.0,0.0,53.0,9.0,37.631648506969555,1416.1409693521039,85.38168647113774,3.0,1.0,,
0.0,0.0,39.0,12.0,20.459689741325807,418.5989043113125,62.819350486379804,1.0,2.0,,
0.0,0.0,59.0,7.0,49.54268248453537,2454.4773877634875,5.469200304339096,2.0,3.0,,
0.0,0.0,44.0,15.0,22.80310799538424,519.9817342491567,35.869370332813276,3.0,1.0,,
0.0,0.0,45.0,10.0,28.512207779645326,812.9459924696674,62.65760608376211,0.0,0.0,,
0.0,0.0,43.0,9.0,23.805098084779715,566.6826948259828,13.937067472966959,3.0,2.0,,
0.0,0.0,34.0,12.0,14.211585296041045,201.96915662665003,21.783612011867902,0.0,0.0,,
0.0,0.0,58.0,11.0,40.4738531510873,1638.1327888957792,4.0296743222528795,0.0,1.0,,
0.0,0.0,30.0,15.0,7.628294647646714,58.19087923131551,24.863203375077166,1.0,3.0,,
0.0,0.0,35.0,11.0,20.763415186755594,431.1194102175929,8.577583379724585,0.0,1.0,,
0.0,0.0,36.0,11.0,18.670124449207563,348.573546948898,23.563714657470136,3.0,2.0,,
0.0,0.0,38.0,7.0,27.576888498636507,760.4847792662305,5.760577109145802,3.0,2.0,,
0.0,0.0,33.0,6.0,21.123409268100737,446.1984191076841,31.009282017337938,1.0,0.0,,
0.0,0.0,30.0,10.0,14.074455672843154,198.09030248682683,45.58643254501395,3.0,1.0,,
0.0,0.0,50.0,16.0,27.822407104575,774.0863370927054,10.734427617514655,3.0,2.0,,
0.0,0.0,59.0,16.0,37.00759250324292,1369.5619028860815,8.088650731281705,3.0,0.0,,
0.0,0.0,33.0,12.0,18.437590006099718,339.9447252330282,3.579351239450371,3.0,1.0,,
0.0,0.0,38.0,12.0,15.360778546497563,235.9535175545398,16.23012645188541,2.0,1.0,,
0.0,0.0,45.0,10.0,24.99690851112264,624.8454351134355,12.612959947099414,0.0,3.0,,
0.0,0.0,57.0,7.0,42.913658337887775,1841.5820719409649,5.807699110409569,3.0,0.0,,
0.0,0.0,50.0,6.0,38.029055763875135,1446.2090822919247,28.858800941087406,2.0,3.0,,
1.0,912.6420385253967,52.0,9.0,38.380208849528024,1473.0404313333893,14.013535647636278,3.0,1.0,4.517686470438544,1.5080000199845558
0.0,0.0,47.0,9.0,32.94617439605495,1085.4504073352668,8.494434914065051,3.0,2.0,,
1.0,700.0091315137618,42.0,8.0,27.23150817423886,741.555037443638,12.888585510151593,0.0,2.0,4.512748460340534,1.506906382606504
0.0,0.0,35.0,8.0,23.038087386483525,530.7534704272513,47.32523350441214,1.0,1.0,,
0.0,0.0,55.0,6.0,45.06039080630546,2030.438819616978,32.536077643978786,0.0,3.0,,
1.0,1247.05272982414,54.0,12.0,36.36811566254313,1322.639836844115,18.101216587667157,0.0,0.0,10.985326684622297,2.3965604445497943
0.0,0.0,30.0,16.0,9.925315144973682,98.51188072704394,32.9596476506043,3.0,0.0,,
0.0,0.0,51.0,13.0,32.54529052686426,1059.1959354780004,7.934897487700781,3.0,3.0,,
0.0,0.0,32.0,10.0,14.877033946434233,221.32613904335653,20.61246686947101,3.0,2.0,,
0.0,0.0,52.0,10.0,37.39563367800001,1398.4334181791685,22.59791994903454,3.0,3.0,,
0.0,0.0,54.0,9.0,39.221226245157354,1538.30458817382,13.792580369636049,2.0,1.0,,
0.0,0.0,33.0,7.0,20.002679693508973,400.1071949211162,28.45621723734167,2.0,0.0,,
0.0,0.0,43.0,12.0,27.94590714437915,780.9737261222615,10.758038432307037,3.0,0.0,,
0.0,0.0,33.0,12.0,10.098255742919827,101.97476904941327,30.200442186807333,2.0,1.0,,
0.0,0.0,47.0,6.0,32.16463165968086,1034.5635298029442,31.233368210015946,2.0,0.0,,
1.0,934.5381137060076,57.0,10.0,38.62585914725126,1491.956994863294,1.946965672847409,0.0,3.0,7.41699258742279,2.003773663350226
0.0,0.0,32.0,9.0,16.273478704862388,264.8261091576096,52.052069952395804,2.0,0.0,,
0.0,0.0,41.0,7.0,27.49078366046794,755.743186266651,1.7539913243301866,3.0,3.0,,
0.0,0.0,59.0,13.0,36.985348704453905,1367.9160187900502,12.270043200688125,2.0,0.0,,
0.0,0.0,39.0,11.0,20.029683935378348,401.18823855115346,45.61690755010818,1.0,0.0,,
0.0,0.0,33.0,12.0,13.27831664295286,176.31369287051888,15.582844846055012,0.0,1.0,,
0.0,0.0,44.0,13.0,29.914848184151783,894.8981418808493,6.215531337229852,0.0,0.0,,
0.0,0.0,45.0,16.0,26.603483895494293,707.7453553778242,8.372984153311773,2.0,1.0,,
0.0,0.0,49.0,14.0,28.1765011646307,793.9152178804352,45.67378939068783,2.0,1.0,,
0.0,0.0,39.0,12.0,20.2728334193864,410.98777485019014,4.318017459732168,3.0,2.0,,
0.0,0.0,58.0,15.0,34.70159200562341,1204.2004877247466,49.56043731979925,3.0,2.0,,
0.0,0.0,45.0,11.0,24.183739173549466,584.853240414271,19.219364159563444,1.0,0.0,,
0.0,0.0,38.0,16.0,15.766239627182951,248.57431198175402,7.737539443053967,3.0,0.0,,
0.0,0.0,58.0,14.0,36.00429603351195,1296.3093328687642,12.597620440048184,2.0,0.0,,
0.0,0.0,57.0,13.0,37.83029893667598,1431.1315176382677,8.901506455867795,1.0,0.0,,
0.0,0.0,44.0,15.0,19.799588301913044,392.02369692525184,40.164365038986,3.0,0.0,,
0.0,0.0,30.0,11.0,11.476051083379485,131.69974846833546,36.087344925893866,0.0,1.0,,
0.0,0.0,47.0,13.0,28.297254190605663,800.7345947277498,5.0767489837589945,2.0,2.0,,
0.0,0.0,46.0,9.0,31.732419195567875,1006.9464280032446,14.543240353986597,3.0,1.0,,
0.0,0.0,34.0,16.0,12.83494391748403,164.73578536496026,10.068900047457298,2.0,1.0,,
0.0,0.0,49.0,12.0,28.359022031685925,804.2341305936477,56.532063613324084,3.0,1.0,,
0.0,0.0,55.0,14.0,36.70937146027112,1347.577953008168,6.820417626234876,0.0,2.0,,
0.0,0.0,33.0,11.0,14.3995766067963,207.34780645499524,72.48526383465591,2.0,1.0,,
0.0,0.0,51.0,15.0,31.265715829214614,977.5449863132012,19.557604902982728,3.0,0.0,,
0.0,0.0,34.0,6.0,21.978722646763615,483.0642491833598,7.928409712725881,2.0,1.0,,
0.0,0.0,52.0,7.0,36.24722500184411,1313.8613203343125,11.683535783654722,3.0,0.0,,
0.0,0.0,42.0,11.0,24.367604590837622,593.7801534954108,10.577244279051735,1.0,1.0,,
0.0,0.0,30.0,14.0,10.730727484127534,115.14851233861005,7.244954375588966,2.0,3.0,,
0.0,0.0,58.0,14.0,39.2259307609492,1538.6736440627803,21.66854105646909,1.0,1.0,,
0.0,0.0,34.0,10.0,17.718024205111163,313.92838173290505,7.520762728243384,3.0,0.0,,
1.0,1482.490267711706,47.0,13.0,31.063557781202107,964.944622026082,3.510319408848346,0.0,2.0,9.715803028103075,2.273753737993204
0.0,0.0,35.0,12.0,19.01502154197312,361.57104424170177,14.824168021184686,1.0,0.0,,
0.0,0.0,57.0,16.0,34.4866917672005,1189.3319090458945,4.74795995609842,0.0,0.0,,
0.0,0.0,52.0,13.0,34.50024362427389,1190.2668101342513,11.004137138024682,2.0,0.0,,
0.0,0.0,54.0,10.0,41.86758697037637,1752.8948387220294,9.705742193955347,0.0,3.0,,
0.0,0.0,42.0,16.0,23.920969201566052,572.2127675422716,10.004421471035306,1.0,3.0,,
0.0,0.0,44.0,7.0,28.544000238355004,814.7599496072105,99.56099598059498,3.0,2.0,,
0.0,0.0,49.0,16.0,25.1469337776857,632.36827841931,21.01274700340865,1.0,2.0,,
0.0,0.0,53.0,7.0,42.9698375734677,1846.4069410901966,24.44184951547998,0.0,2.0,,
0.0,0.0,55.0,9.0,37.88343789832473,1435.1548669962265,4.849527914164614,0.0,2.0,,
0.0,0.0,30.0,15.0,6.354917733416642,40.38497939849331,11.903464510601326,0.0,2.0,,
0.0,0.0,49.0,14.0,28.027611738601905,785.5470197698153,23.860923096438793,3.0,3.0,,
0.0,0.0,33.0,16.0,11.84045341894917,140.1963371663051,8.849640791540414,2.0,2.0,,
0.0,0.0,38.0,14.0,17.79520658677781,316.6693774661003,41.53142106345404,3.0,0.0,,
1.0,828.5937830394982,54.0,13.0,33.698872759188816,1135.614025239998,7.674036370659371,0.0,1.0,18.293557626473003,2.9065489555967137
1.0,2022.7045309636935,37.0,9.0,20.651575076550984,426.48755314242175,15.973116515474095,1.0,3.0,6.344270197232646,1.847552074414329
0.0,0.0,53.0,6.0,39.575325871174584,1566.2064178096605,12.568060163992419,0.0,1.0,,
0.0,0.0,43.0,7.0,28.240980742682115,797.5529933085421,22.907320397847535,1.0,0.0,,
0.0,0.0,36.0,9.0,25.563265754552123,653.4805560378574,12.032459334075515,2.0,3.0,,
0.0,0.0,40.0,6.0,28.59502214237111,817.6752913226941,16.172060589558246,3.0,2.0,,
0.0,0.0,45.0,11.0,29.773518108809476,886.4623805756058,16.62813144797266,1.0,2.0,,
0.0,0.0,52.0,14.0,31.021845063762154,962.3548711600642,11.161716954475436,3.0,1.0,,
0.0,0.0,48.0,16.0,25.628086645627903,656.7988251158113,29.608903049298544,2.0,0.0,,
0.0,0.0,57.0,11.0,38.57289203725929,1487.868000118061,24.305695360746007,1.0,1.0,,
0.0,0.0,56.0,15.0,29.696583330161594,881.8870614852315,18.710948686750232,3.0,1.0,,
0.0,0.0,52.0,16.0,27.243981446304268,742.2345250465712,14.233998069205771,1.0,3.0,,
0.0,0.0,48.0,15.0,23.37876264003921,546.5665425792931,37.98666679788781,0.0,1.0,,
0.0,0.0,38.0,11.0,16.500432444096784,272.26427084220177,16.632067432800127,3.0,0.0,,
0.0,0.0,42.0,9.0,24.609282051403795,605.616763085545,15.715416444998704,3.0,1.0,,
1.0,2066.518115044164,33.0,16.0,13.649911358763262,186.32008010209432,21.84019378791786,0.0,3.0,8.978113741329949,2.194789809173448
0.0,0.0,41.0,8.0,26.91112766459129,724.2087921799307,78.0437327909931,3.0,1.0,,
0.0,0.0,57.0,10.0,43.58112752464235,1899.314676319139,6.873785913672044,3.0,1.0,,
0.0,0.0,42.0,6.0,30.821965153801752,949.9935359421695,37.184258549239395,3.0,2.0,,
0.0,0.0,33.0,14.0,14.565117651430318,212.14265220000703,4.417010328703349,1.0,2.0,,
0.0,0.0,49.0,13.0,28.19820600939085,795.1388221480463,23.898567659648073,2.0,1.0,,
0.0,0.0,58.0,6.0,47.04790190838534,2213.505073981049,70.8146756270145,2.0,3.0,,
0.0,0.0,56.0,8.0,43.45742846814869,1888.5480890642602,29.69369754962251,2.0,2.0,,
0.0,0.0,38.0,12.0,18.846705415532615,355.1983050198664,23.023146117535596,2.0,0.0,,
0.0,0.0,43.0,11.0,27.11908074123233,735.4445402494783,12.828130116688314,2.0,1.0,,
0.0,0.0,45.0,14.0,26.132375517149665,682.9010501693232,20.59066381894057,2.0,3.0,,
0.0,0.0,37.0,8.0,21.900894757739835,479.64919118959614,16.417531334377223,2.0,1.0,,
0.0,0.0,38.0,16.0,13.75446313545801,189.18525614467342,10.710437289608244,2.0,2.0,,
0.0,0.0,37.0,10.0,18.631743336203456,347.1418597461619,15.928333549481945,0.0,2.0,,
1.0,1973.2768119009443,59.0,15.0,38.17301108384292,1457.1787752071946,23.540090079961107,0.0,2.0,15.090882863461383,2.71409077759326
0.0,0.0,52.0,8.0,38.65401973757863,1494.1332418731183,10.87238779296321,3.0,3.0,,
0.0,0.0,55.0,6.0,41.41494833908417,1715.1979459290105,10.537860600729452,3.0,0.0,,
0.0,0.0,54.0,6.0,42.053170682652194,1768.469164464278,6.76529082212417,2.0,2.0,,
0.0,0.0,58.0,10.0,43.14107407227697,1861.1522721096883,27.45587089026372,0.0,2.0,,
1.0,1220.1541347932398,33.0,16.0,12.236381429330601,149.7290304840668,31.07049358718187,3.0,0.0,6.429786973334519,1.860941407581665
0.0,0.0,56.0,6.0,47.10376024024498,2218.764228770484,24.175225168203887,0.0,2.0,,
0.0,0.0,31.0,10.0,17.553961664396088,308.14157011508746,43.4728408217733,1.0,0.0,,
0.0,0.0,44.0,7.0,28.997417134486913,840.8502004714352,21.548239288556584,1.0,1.0,,
0.0,0.0,47.0,16.0,28.367172419076045,804.6964710535887,27.484130074488053,0.0,1.0,,
0.0,0.0,40.0,13.0,19.93804699088857,397.52571781088074,25.61222919906124,3.0,0.0,,
0.0,0.0,34.0,14.0,16.089745624908854,258.87991427427363,18.66720021239499,2.0,3.0,,
0.0,0.0,35.0,13.0,16.13597325210218,260.36963279255696,13.135815897441773,1.0,0.0,,
0.0,0.0,54.0,13.0,34.17570124308607,1167.9785554566745,118.07524522447757,2.0,1.0,,
0.0,0.0,39.0,14.0,15.384606280450134,236.6861104044657,13.991349084926204,0.0,3.0,,
1.0,584.5108439305134,39.0,6.0,26.656870979567305,710.5887704212976,11.790543726713345,1.0,3.0,4.818241226663209,1.572408970739912
0.0,0.0,57.0,15.0,32.88123352938878,1081.175518414201,28.423260986782807,2.0,0.0,,
0.0,0.0,34.0,14.0,15.934598471685545,253.9114284538433,24.568952006271534,1.0,1.0,,
0.0,0.0,57.0,14.0,40.0335853142785,1602.6879531156148,6.5284318039440725,3.0,2.0,,
0.0,0.0,57.0,10.0,39.40617802140662,1552.84686625479,49.31077434147138,0.0,3.0,,
1.0,898.9751900202797,47.0,14.0,27.603941485038543,761.977585509432,18.627599774253465,0.0,3.0,9.491590393726307,2.2504061848533556
0.0,0.0,34.0,10.0,16.54921695598405,273.87658185623,8.2586003483913,2.0,2.0,,
0.0,0.0,34.0,6.0,20.74303053972642,430.2733159720229,51.98874700865699,3.0,0.0,,
0.0,0.0,38.0,15.0,18.548989407730744,344.06500804810736,33.133354282966934,1.0,3.0,,
1.0,723.402194845408,47.0,8.0,32.92292347631317,1083.918890227173,7.303592909385385,0.0,0.0,7.143889518008112,1.9662573784501498
0.0,0.0,34.0,7.0,24.479296083862025,599.2359367613826,83.24152086535891,3.0,0.0,,
0.0,0.0,43.0,12.0,24.03553504259416,577.7069447837717,34.023038384486206,1.0,2.0,,
0.0,0.0,33.0,8.0,20.998672664948977,440.94425368967535,19.922367739149173,0.0,2.0,,
0.0,0.0,46.0,15.0,25.194826825915563,634.7792987878745,71.67736765988359,2.0,0.0,,
0.0,0.0,30.0,10.0,15.591556019488467,243.09661910884705,22.81545659396219,1.0,0.0,,
0.0,0.0,51.0,6.0,38.10568468534011,1452.0432053385637,19.639317266359537,3.0,2.0,,
0.0,0.0,31.0,16.0,8.900882324896834,79.22570616166087,11.843271580193901,1.0,1.0,,
0.0,0.0,35.0,11.0,17.76900224140213,315.73744065495396,31.99182340148488,2.0,2.0,,
0.0,0.0,35.0,8.0,19.327885770308427,373.567168350091,29.408459582578267,2.0,1.0,,
1.0,670.8450131034448,54.0,13.0,36.324163069163504,1319.4448226751817,20.3228142954445,0.0,2.0,14.84220302396673,2.6974746784711434
0.0,0.0,31.0,11.0,15.300498011156728,234.105239389411,10.676135429801203,1.0,1.0,,
0.0,0.0,42.0,6.0,31.187109389811134,972.6357920920458,22.285670274561614,0.0,1.0,,
0.0,0.0,47.0,14.0,30.073931307835288,904.4413443083955,18.994718586424174,2.0,1.0,,
0.0,0.0,45.0,10.0,31.898689602472608,1017.526398354894,6.91173398650623,3.0,2.0,,
0.0,0.0,50.0,13.0,30.25011062030173,915.0691925404915,6.18761750821195,3.0,2.0,,
0.0,0.0,54.0,15.0,33.74610463686836,1138.7995781624682,31.567329306059097,1.0,2.0,,
0.0,0.0,41.0,12.0,21.752798621483574,473.1842478668177,2.505502587032827,1.0,2.0,,
0.0,0.0,54.0,13.0,35.046710632229114,1228.2719261392012,23.6728405241058,2.0,0.0,,
0.0,0.0,39.0,8.0,23.800501101762272,566.4638526949872,13.701886907121551,2.0,3.0,,
0.0,0.0,59.0,8.0,48.2401406182721,2327.111166870666,57.20248179699829,3.0,2.0,,
0.0,0.0,45.0,10.0,29.727396300685925,883.7180908180352,13.534276026942917,0.0,2.0,,
0.0,0.0,52.0,15.0,30.563941743791155,934.1545349178595,34.0417383887709,0.0,3.0,,
0.0,0.0,56.0,11.0,41.38723714371275,1712.9033983899164,14.62114731571641,1.0,3.0,,
0.0,0.0,53.0,9.0,33.65876918040918,1132.9127427400629,21.999033548701707,1.0,2.0,,
0.0,0.0,55.0,14.0,30.971794810269422,959.252073769432,36.21484887833445,1.0,3.0,,
0.0,0.0,46.0,15.0,26.591677310439547,707.1173021825454,13.873151519537995,3.0,1.0,,
0.0,0.0,31.0,15.0,10.120936896234737,102.43336365756562,44.57815351863702,0.0,2.0,,
0.0,0.0,44.0,9.0,29.50089260052152,870.3026642275054,9.070629789947283,3.0,1.0,,
1.0,1971.452250910616,35.0,13.0,13.347207793362902,178.1479558792074,25.423508412704184,2.0,2.0,7.011645916917016,1.9475724690522418
0.0,0.0,56.0,12.0,37.95353257829927,1440.4706351720238,42.01857482398936,2.0,0.0,,
0.0,0.0,37.0,10.0,25.007018820802685,625.3509903039798,34.056809347269926,2.0,3.0,,
0.0,0.0,36.0,10.0,21.648399239591726,468.6531896367556,93.05176036447287,0.0,0.0,,
0.0,0.0,37.0,7.0,24.339413090285625,592.4070295795673,10.90529603657753,2.0,2.0,,
0.0,0.0,49.0,9.0,33.12189217979012,1097.059741569642,6.663738070340833,0.0,0.0,,
0.0,0.0,47.0,12.0,28.21085429626121,795.8523001248795,9.06600689637507,2.0,0.0,,
0.0,0.0,58.0,15.0,32.741604221599964,1072.0126470038927,34.06784757874336,2.0,3.0,,
0.0,0.0,42.0,15.0,21.515280841842323,462.90730970334727,29.91435146698642,2.0,3.0,,
1.0,537.2505040525581,38.0,8.0,25.69096621696371,660.0257451611706,21.797718922069432,1.0,0.0,3.4434685089567885,1.2364792508923483
0.0,0.0,31.0,13.0,8.848761345658769,78.30057735242478,8.179527292274056,1.0,0.0,,
0.0,0.0,30.0,6.0,16.677166215386368,278.1278729756245,37.095431974597346,1.0,3.0,,
0.0,0.0,41.0,13.0,19.685070735533156,387.50200986294385,7.5401055295206465,0.0,3.0,,
0.0,0.0,57.0,9.0,40.06929761038247,1605.5486109894023,50.7625899963629,2.0,0.0,,
0.0,0.0,45.0,10.0,29.1069632536438,847.2153098489706,197.54190489370816,0.0,2.0,,
0.0,0.0,56.0,13.0,32.83119569002305,1077.8874104365882,26.92784596713165,1.0,1.0,,
0.0,0.0,33.0,10.0,18.228540876714128,332.27970249403785,32.02402840004616,2.0,2.0,,
0.0,0.0,32.0,14.0,13.507710139867365,182.45823322267563,13.540865469247173,0.0,1.0,,
0.0,0.0,55.0,11.0,37.49779482392618,1406.0846166572649,4.720096966472164,3.0,0.0,,
0.0,0.0,33.0,16.0,6.038582980030917,36.464484406719066,12.40158776000772,1.0,1.0,,
0.0,0.0,31.0,13.0,10.00716274799522,100.14330626486326,8.378624893050016,0.0,2.0,,
0.0,0.0,42.0,9.0,29.46580386820539,868.2335975995478,6.311644993591407,2.0,3.0,,
0.0,0.0,57.0,14.0,31.444011438542855,988.725855347214,79.66958971682861,2.0,0.0,,
0.0,0.0,50.0,10.0,33.30495317561296,1109.2199060297717,24.985359027646428,2.0,3.0,,
0.0,0.0,32.0,11.0,12.639998443065481,159.7695606406978,27.21450394596662,3.0,2.0,,
0.0,0.0,55.0,7.0,43.60914060316967,1901.7571441470216,15.686211967174073,1.0,3.0,,
0.0,0.0,55.0,7.0,40.649772095713075,1652.4039714334133,17.491291596996216,3.0,3.0,,
0.0,0.0,54.0,12.0,36.80790804147122,1354.8220943894019,43.451290226934816,1.0,0.0,,
0.0,0.0,57.0,8.0,44.130920838338184,1947.5381740396715,19.572593659410234,2.0,0.0,,
0.0,0.0,37.0,16.0,18.67245167946004,348.66045172177,30.708980935256697,0.0,3.0,,
0.0,0.0,59.0,15.0,37.59411611264926,1413.3175662913548,17.170564675891878,2.0,0.0,,
0.0,0.0,39.0,13.0,20.752088739245224,430.6491870415084,15.275919313161582,1.0,0.0,,
0.0,0.0,54.0,14.0,31.02988904174513,962.8540139430145,6.517355317622496,2.0,1.0,,
0.0,0.0,47.0,12.0,31.380827126587487,984.7563111487691,4.128031876237877,3.0,3.0,,
0.0,0.0,53.0,6.0,39.47898230385727,1558.5900437482755,16.293242953676195,3.0,3.0,,
0.0,0.0,48.0,10.0,30.87849167182451,953.4812479269356,21.014178017240663,3.0,2.0,,
1.0,904.3013822960382,49.0,11.0,31.95550441030158,1021.1542621168037,7.178539647304929,0.0,0.0,8.906580018776872,2.1867903315222734
0.0,0.0,48.0,16.0,22.8742313093203,523.2304579922891,19.539149273448494,0.0,1.0,,
0.0,0.0,53.0,8.0,39.45754005785788,1556.897467417459,20.968096125317683,3.0,2.0,,
0.0,0.0,52.0,11.0,36.934932545850025,1364.1892421664913,3.5793942964143595,1.0,0.0,,
0.0,0.0,34.0,9.0,19.585867646994583,383.6062114855891,9.659098031806112,0.0,2.0,,
0.0,0.0,54.0,7.0,37.82220487164255,1430.5191813525012,27.821555974188666,1.0,0.0,,
0.0,0.0,46.0,7.0,32.75238141134068,1072.7184881139344,27.37545977738665,3.0,1.0,,
0.0,0.0,39.0,10.0,24.484057805958983,599.469086645541,7.980970869293981,1.0,0.0,,
0.0,0.0,45.0,6.0,29.244022468068184,855.2128501128768,22.799952221268217,0.0,2.0,,
0.0,0.0,59.0,6.0,44.85046797236457,2011.5644773401,45.509713208708376,2.0,3.0,,
0.0,0.0,55.0,9.0,41.75308720816304,1743.320291412468,37.39953859052775,0.0,0.0,,
0.0,0.0,55.0,8.0,41.540190868394575,1725.587457382652,18.611345546703387,1.0,3.0,,
0.0,0.0,43.0,12.0,25.823943164253507,666.8760405505955,13.813121162956348,0.0,2.0,,
0.0,0.0,53.0,6.0,44.71898961524662,1999.788032208535,12.140226132684749,2.0,3.0,,
0.0,0.0,41.0,9.0,26.937105557012405,725.6076557896286,29.202543928770073,1.0,3.0,,
0.0,0.0,50.0,10.0,35.31577602086636,1247.2040359559994,23.47845468071193,3.0,0.0,,
0.0,0.0,49.0,16.0,32.42149105443665,1051.1530821929157,33.23233025288265,1.0,2.0,,
0.0,0.0,37.0,12.0,18.57239088381902,344.93370314136376,22.32035518062466,0.0,2.0,,
0.0,0.0,37.0,15.0,14.40423447276301,207.48197074633427,38.66795265785287,0.0,0.0,,
0.0,0.0,31.0,9.0,16.855592796494264,284.11100852122934,21.664479421745405,0.0,1.0,,
0.0,0.0,34.0,10.0,18.87798205877779,356.3782066115361,37.62809477736185,1.0,3.0,,
0.0,0.0,43.0,10.0,25.946569216107584,673.2244540862617,40.31236381401574,0.0,2.0,,
0.0,0.0,44.0,15.0,20.935205960890304,438.2828486248969,10.552667755962705,1.0,1.0,,
0.0,0.0,34.0,16.0,16.619688844180157,276.21405727736635,4.727917177510766,3.0,1.0,,
0.0,0.0,42.0,16.0,20.653686940776044,426.5747842475829,69.04747315847061,3.0,3.0,,
0.0,0.0,48.0,14.0,26.53542923719585,704.1290048022283,24.66356330273581,2.0,1.0,,
0.0,0.0,36.0,11.0,20.831860604559196,433.96641624778545,5.09577254681438,3.0,0.0,,
0.0,0.0,40.0,11.0,22.781709696877332,519.0062967127947,11.346897995650869,3.0,2.0,,
0.0,0.0,41.0,16.0,18.494237107364338,342.036806183412,37.24431940105619,2.0,3.0,,
0.0,0.0,45.0,9.0,31.124545743828985,968.737347759703,16.05882487779001,3.0,0.0,,
1.0,1583.2057410268442,40.0,9.0,22.41623546353662,502.4876123567168,13.334449368023188,0.0,1.0,3.5776469224080487,1.2747053000630582
0.0,0.0,52.0,15.0,31.705254407834346,1005.2231570654992,61.6026869095894,3.0,1.0,,
0.0,0.0,39.0,10.0,26.825909615463505,719.6294266970174,8.689976916050664,1.0,0.0,,
0.0,0.0,43.0,8.0,29.93235532439462,895.945895265815,10.60660917396496,2.0,2.0,,
0.0,0.0,41.0,12.0,22.24757579243307,494.954628640054,23.786285617665275,3.0,1.0,,
0.0,0.0,35.0,9.0,18.985789439143517,360.46020062749346,27.44993899759148,1.0,0.0,,
0.0,0.0,50.0,15.0,28.17932005330978,794.0740786668667,29.876566005517173,0.0,1.0,,
0.0,0.0,37.0,15.0,15.492074643904438,240.0043767723068,41.6370516554499,1.0,3.0,,
0.0,0.0,38.0,9.0,22.244386934483455,494.81275009101824,23.54380895567211,1.0,3.0,,
0.0,0.0,53.0,11.0,37.83262288214913,1431.307354142914,29.71069705457723,3.0,2.0,,
0.0,0.0,58.0,16.0,32.53358179358203,1058.433944319692,16.323937560890823,3.0,1.0,,
0.0,0.0,50.0,14.0,31.724000100824266,1006.412182397098,21.11869448117923,2.0,3.0,,
0.0,0.0,57.0,8.0,42.24062694971488,1784.270565104979,21.889943797675247,3.0,0.0,,
0.0,0.0,55.0,12.0,37.75389557139074,1425.3566308154775,23.857019880897305,1.0,2.0,,
0.0,0.0,44.0,12.0,23.746024179598272,563.8736643380659,37.26415400960651,1.0,2.0,,
0.0,0.0,53.0,13.0,36.65726213369887,1343.754867138713,31.315605311600557,3.0,2.0,,
0.0,0.0,39.0,6.0,29.491269920343747,869.7350015145719,20.808750644947715,2.0,0.0,,
0.0,0.0,43.0,9.0,29.919181051500146,895.1573947924454,10.513910732838129,2.0,2.0,,
0.0,0.0,46.0,15.0,21.97049044841292,482.70245054380337,21.202879680732224,1.0,2.0,,
0.0,0.0,58.0,8.0,45.6582421421321,2084.6750755095677,19.64034309724195,2.0,3.0,,
0.0,0.0,55.0,9.0,40.80971017527142,1665.4324445896516,23.44237457215158,3.0,0.0,,
0.0,0.0,44.0,9.0,25.789457505734866,665.0961184401044,117.35696180928132,1.0,2.0,,
0.0,0.0,49.0,7.0,35.95140523245837,1292.5035381884352,13.210101170926407,0.0,3.0,,
0.0,0.0,36.0,7.0,23.729068978066525,563.0687145658392,28.157991813342925,0.0,1.0,,
0.0,0.0,54.0,9.0,40.1121505476463,1608.9846215570415,47.21773926147983,0.0,2.0,,
0.0,0.0,46.0,15.0,25.35452273389771,642.8518230637358,21.72365005322509,1.0,0.0,,
0.0,0.0,45.0,6.0,33.58246283369476,1127.78180997649,130.3569028615729,2.0,2.0,,
0.0,0.0,52.0,9.0,39.94722278450619,1595.7806081949702,14.843596596275635,3.0,2.0,,
0.0,0.0,48.0,6.0,38.45206781982136,1478.5615196201413,26.030563785959597,0.0,0.0,,
0.0,0.0,32.0,12.0,8.265890092434514,68.32493902020705,10.601074925955906,3.0,0.0,,
0.0,0.0,38.0,8.0,23.365122890324635,545.9289676799722,15.16181675698482,2.0,2.0,,
0.0,0.0,35.0,14.0,14.670697944912098,215.22937819084805,24.511616016623783,0.0,0.0,,
0.0,0.0,52.0,12.0,30.495802854546056,929.9939917433394,39.52934272187537,1.0,1.0,,
0.0,0.0,31.0,14.0,11.188366116464625,125.17953635605372,25.926765892341756,1.0,0.0,,
0.0,0.0,36.0,12.0,20.497515544821013,420.14814351017907,54.99772822986141,3.0,3.0,,
0.0,0.0,47.0,10.0,28.826864280818818,830.9881042647478,18.61611775636207,3.0,2.0,,
0.0,0.0,50.0,15.0,29.672801877379744,880.4751712542309,15.398424147954307,3.0,3.0,,
0.0,0.0,45.0,11.0,26.168353045407123,684.7827011090683,174.72059287261084,2.0,0.0,,
0.0,0.0,55.0,16.0,31.656175952640645,1002.1134759445438,27.53313310325828,1.0,0.0,,
1.0,1568.9858234538274,57.0,16.0,37.95478726834007,1440.5658765849494,11.295616874036432,1.0,2.0,16.45600141373818,2.800690238260848
0.0,0.0,33.0,12.0,13.91488435977635,193.6240067459485,11.525811403761157,3.0,2.0,,
0.0,0.0,58.0,13.0,39.92442497802125,1593.959709825647,9.448500657870463,0.0,3.0,,
0.0,0.0,48.0,8.0,30.257563767878025,915.520165167205,42.48943618518035,1.0,3.0,,
0.0,0.0,49.0,14.0,32.72463512278976,1070.9017439197255,15.006720974014714,0.0,3.0,,
0.0,0.0,32.0,13.0,14.205304892612999,201.7906870920948,22.239944647884908,1.0,0.0,,
0.0,0.0,48.0,15.0,26.635000314699475,709.4232417640411,19.090542597277913,1.0,1.0,,
0.0,0.0,51.0,8.0,38.15109301999979,1455.5058986206768,36.06035009300686,0.0,3.0,,
0.0,0.0,47.0,14.0,24.18036114210438,584.6898649625915,10.202213695289327,1.0,2.0,,
0.0,0.0,32.0,11.0,17.365061483505315,301.54536032591983,8.495547231219598,3.0,3.0,,
0.0,0.0,45.0,8.0,30.352030449007138,921.2457523774565,24.03323936612735,2.0,2.0,,
0.0,0.0,58.0,7.0,44.59186096990313,1988.4340647591703,32.4846421286111,3.0,0.0,,
1.0,1016.5358727565451,51.0,12.0,32.01668877006903,1025.0683597994644,26.20698165048298,3.0,1.0,8.207969632521253,2.105105588680007
0.0,0.0,34.0,9.0,17.838697194508832,318.21911759737725,10.511154395961306,3.0,3.0,,
0.0,0.0,58.0,7.0,46.389341223256814,2151.970979127754,34.53550321771601,1.0,2.0,,
0.0,0.0,58.0,10.0,42.51181370020844,1807.2543040812302,11.077447207330614,3.0,0.0,,
0.0,0.0,35.0,13.0,17.30349628280608,299.4109836090838,13.23373278945898,3.0,0.0,,
0.0,0.0,54.0,9.0,38.982410621028855,1519.6283378265032,9.438878595226223,3.0,3.0,,
0.0,0.0,42.0,16.0,21.02639962215436,442.1094810705331,56.879026986429714,1.0,3.0,,
0.0,0.0,47.0,14.0,26.162302512149925,684.4660727372462,33.339311719449,0.0,3.0,,
0.0,0.0,43.0,11.0,30.4594636828191,927.7789278449756,32.58964828063329,2.0,0.0,,
0.0,0.0,53.0,16.0,27.864139167139,776.4102515256898,54.47648479537125,3.0,2.0,,
0.0,0.0,59.0,10.0,45.52187464712597,2072.24107138865,190.58902316098468,3.0,3.0,,
0.0,0.0,53.0,7.0,42.73581490144194,1826.349875290307,5.117259883928641,2.0,2.0,,
1.0,1409.4335288343254,57.0,6.0,43.29568238806881,1874.516113448532,11.12615602817067,0.0,2.0,9.752358018478693,2.2775091038183275
0.0,0.0,58.0,16.0,40.45854722111195,1636.8940432429454,12.268805867324929,1.0,1.0,,
1.0,654.748146028709,32.0,16.0,11.990980565890636,143.78361493156692,10.16900432472251,2.0,0.0,7.884478590619592,2.064896091484029
0.0,0.0,37.0,14.0,18.942278013645822,358.8098963462499,8.481890844696167,2.0,1.0,,
0.0,0.0,51.0,7.0,38.05604437405175,1448.262513399796,15.80422878362448,1.0,2.0,,
0.0,0.0,47.0,9.0,31.56554768356265,996.3838005632673,7.589130511786333,1.0,0.0,,
1.0,1339.5899811509476,31.0,6.0,18.581182345920784,345.2603373723582,26.259659282788043,0.0,0.0,2.293358057320178,0.8300171440272472
0.0,0.0,32.0,6.0,20.781061192639033,431.85250429220804,20.933665596888257,1.0,1.0,,
0.0,0.0,45.0,8.0,33.802372550067794,1142.6003900135768,29.51276648134971,2.0,3.0,,
0.0,0.0,48.0,12.0,30.36262843572284,921.8892055257652,30.14993481991329,0.0,2.0,,
0.0,0.0,35.0,6.0,21.17711275372542,448.4701045839999,32.53789736406352,3.0,2.0,,
1.0,1020.6479322468399,35.0,16.0,14.64885412476996,214.58892716878987,14.898683458250519,0.0,2.0,10.35602463140559,2.337568440353592
0.0,0.0,33.0,11.0,17.842301492789584,318.34772255960144,109.60847762405253,2.0,0.0,,
0.0,0.0,46.0,8.0,33.309319056895575,1109.5107360340667,24.2288698993511,1.0,1.0,,
0.0,0.0,30.0,11.0,14.490997813049965,209.9890176178189,4.526786011261315,3.0,0.0,,
0.0,0.0,47.0,14.0,26.458143739684385,700.0333701498,9.007876879404549,3.0,3.0,,
0.0,0.0,44.0,9.0,27.14202166573884,736.6893401034367,4.99080694332067,2.0,3.0,,
0.0,0.0,43.0,6.0,29.26361313871844,856.3590539325745,20.36601750604216,2.0,1.0,,
0.0,0.0,50.0,6.0,34.72907350308429,1206.1085463826312,18.22065463678312,2.0,1.0,,
0.0,0.0,45.0,15.0,24.4738972230919,598.9716452864654,13.808156132624626,2.0,1.0,,
0.0,0.0,51.0,7.0,37.83310243354681,1431.3436397472458,100.35770864900863,0.0,3.0,,
0.0,0.0,52.0,12.0,33.12002459094058,1096.9360289045087,31.161591639198587,1.0,1.0,,
0.0,0.0,57.0,10.0,35.08876235130986,1231.2212433467002,35.905076391372084,0.0,3.0,,
1.0,848.7827665230643,53.0,14.0,30.505365060611663,930.5772974811867,9.536639880614748,1.0,1.0,4.36818794868789,1.474348266062665
0.0,0.0,45.0,6.0,35.241681302806334,1241.9761010485695,9.03118950548067,2.0,2.0,,
0.0,0.0,44.0,15.0,21.67074799987374,469.6213188740317,20.685736385955604,0.0,2.0,,
0.0,0.0,37.0,13.0,18.721183355313684,350.48270622327414,23.06706198119594,0.0,1.0,,
0.0,0.0,47.0,10.0,28.218629140049487,796.29103054365,4.549197056578851,3.0,3.0,,
0.0,0.0,34.0,8.0,22.87741096471846,523.3759324486205,17.38754911055559,1.0,2.0,,
0.0,0.0,57.0,16.0,34.71194467989065,1204.9191034597889,20.312930755684548,0.0,3.0,,
0.0,0.0,55.0,9.0,40.58008079296707,1646.7429571637347,16.90958578570502,2.0,3.0,,
0.0,0.0,33.0,11.0,20.65155958376337,426.48691324172864,10.478103199761835,2.0,0.0,,
0.0,0.0,53.0,10.0,40.032880201178806,1602.631497201934,13.044568685612052,3.0,0.0,,
0.0,0.0,33.0,8.0,18.386868757425884,338.07694270280405,17.43557475449503,3.0,2.0,,
0.0,0.0,51.0,10.0,33.813559630259284,1143.3568148691004,21.59884884135128,3.0,1.0,,
0.0,0.0,32.0,7.0,18.348909976960936,336.68249734261656,32.58438761160992,2.0,1.0,,
1.0,1402.3911650500308,44.0,6.0,33.01979649695307,1090.3069607001942,47.68824654965134,1.0,0.0,3.951182778301914,1.3740149716353447
0.0,0.0,49.0,9.0,33.78955173149826,1141.7338062155968,15.871448785101293,3.0,1.0,,
0.0,0.0,51.0,7.0,37.20951170999306,1384.5477616961107,13.944358851923559,1.0,1.0,,
0.0,0.0,42.0,10.0,28.934362501418086,837.197333363469,28.506283561840977,1.0,1.0,,
0.0,0.0,57.0,15.0,35.77158021644433,1279.6059511815113,32.74256564574185,3.0,2.0,,
0.0,0.0,53.0,7.0,44.59917818607464,1989.086694873236,14.191449755969026,3.0,2.0,,
0.0,0.0,36.0,6.0,24.181485127504345,584.7442229717138,37.800214664821105,1.0,1.0,,
0.0,0.0,50.0,7.0,40.570636788449455,1645.9765694202883,43.97706609522793,2.0,0.0,,
0.0,0.0,51.0,11.0,34.714638845421256,1205.1061501680304,56.449654636076545,3.0,2.0,,
0.0,0.0,40.0,9.0,26.925921146498897,725.0052295874765,83.3173428828401,3.0,0.0,,
1.0,1046.2514465064983,52.0,11.0,33.550777896964554,1125.6546974914452,10.042911769230473,0.0,1.0,5.119680323146255,1.633092000216656
1.0,1790.8420559646916,56.0,6.0,42.29248155482517,1788.6539960652274,20.3101054472289,2.0,1.0,6.478209166261486,1.868444108937576
0.0,0.0,54.0,9.0,39.91941191002997,1593.5594472426428,20.267571735224575,0.0,0.0,,
0.0,0.0,52.0,10.0,37.97710648493063,1442.2606169677601,18.56988430572058,3.0,1.0,,
1.0,1499.885519245066,49.0,10.0,33.08051300400093,1094.3203406078744,11.94830783173598,0.0,1.0,8.932449180735173,2.1896906216448553
0.0,0.0,38.0,12.0,17.427213329832604,303.7077644434952,6.119928401871175,3.0,3.0,,
0.0,0.0,53.0,14.0,30.279483267421345,916.8471069420492,21.631347955643378,0.0,3.0,,
0.0,0.0,40.0,11.0,20.14572719562752,405.8503242406462,10.86248893948399,1.0,0.0,,
0.0,0.0,45.0,15.0,20.464755774121237,418.8062288944285,21.515955681111368,0.0,2.0,,
0.0,0.0,39.0,11.0,22.218970718894177,493.6826598070768,10.641539535589157,3.0,2.0,,
0.0,0.0,39.0,8.0,27.25008784341605,742.5672874738913,8.333414893102749,1.0,1.0,,
0.0,0.0,34.0,8.0,19.973168426150384,398.9274569793706,24.22629681166977,2.0,1.0,,
1.0,2140.2195501287983,58.0,9.0,38.479170485324296,1480.6465612386523,22.663081195519258,0.0,3.0,6.039071682032664,1.7982503051067278
0.0,0.0,34.0,12.0,15.618479079330903,243.9368887514971,31.926154912174656,1.0,1.0,,
0.0,0.0,32.0,8.0,17.674402006734788,312.3844862956707,115.43308519739487,3.0,0.0,,
