firm,year,n,w,k,ys
1,1976,10.394721,4.196407,5.113975,9.630942
1,1977,10.293218,4.106425,5.110466,9.612692
1,1978,10.532495,4.142971,5.089646,9.672713
1,1979,10.475464,4.192868,5.063471,9.645345
1,1980,10.50619,4.294673,5.034735,9.624993
1,1981,10.983422,4.259503,5.154213,9.670327
1,1982,10.929833,4.279386,5.129544,9.702289
1,1983,10.51117,4.383858,5.164528,9.793406
1,1984,10.619445,4.320671,5.156011,9.856031
2,1976,11.066748,4.455977,4.885361,10.115287
2,1977,10.988715,4.547234,4.924205,10.171935
2,1978,11.109193,4.586339,4.918845,10.071805
2,1979,11.273519,4.459141,4.973178,10.055947
2,1980,11.001382,4.369475,5.013715,10.169204
2,1981,11.303744,4.442758,5.016681,10.219201
2,1982,11.297693,4.349096,4.999322,10.252712
2,1983,11.166605,4.422947,5.036197,10.115373
2,1984,11.272957,4.394685,5.034015,10.088172
3,1976,10.972451,4.386954,5.210654,10.019678
3,1977,11.17742,4.396914,5.179381,9.99156
3,1979,11.200028,4.318744,5.212126,9.87547
3,1980,10.971452,4.319982,5.260838,9.957513
3,1981,10.99532,4.39204,5.270444,10.025378
3,1982,11.214978,4.341582,5.113042,10.055624
3,1983,11.017358,4.311067,5.020042,10.049156
3,1984,10.911426,4.406851,5.06285,10.077022
4,1976,6.448079,4.360962,5.016351,10.139287
4,1977,6.454011,4.361712,5.010439,10.059475
4,1978,6.410397,4.353944,4.948799,10.030795
4,1979,6.712283,4.401635,4.943817,9.960514
4,1980,6.513401,4.402422,5.049684,9.912028
4,1981,6.232514,4.420282,5.024185,9.989314
4,1983,6.614072,4.509102,5.028746,9.925103
4,1984,6.400336,4.506974,5.041333,9.918073
5,1976,5.426698,4.710189,5.163116,9.837383
5,1978,5.907086,4.534165,5.100521,9.816097
5,1980,5.885907,4.512422,4.959291,9.806126
5,1982,5.670047,4.505287,4.880826,9.80719
5,1983,5.854029,4.500666,4.842551,9.739553
5,1984,5.587868,4.539494,4.849354,9.743328
6,1976,8.356747,4.384933,5.188951,9.914775
6,1978,8.951304,4.428612,5.088131,9.81577
6,1979,8.466899,4.39473,5.059168,9.871784
6,1980,8.519475,4.397174,5.072562,9.846291
6,1983,8.409613,4.398445,4.954405,9.812442
6,1984,8.755397,4.472697,5.075221,9.797574
7,1976,9.68275,4.290182,5.073767,9.828664
7,1977,9.760652,4.405402,5.060164,9.78483
7,1978,9.710487,4.382773,5.073988,9.892295
7,1979,10.205419,4.349973,5.04834,9.860259
7,1981,10.439027,4.550796,5.033197,9.777964
7,1982,10.20637,4.592698,5.016731,9.71438
7,1983,10.241559,4.647233,5.001805,9.745613
7,1984,10.20468,4.736829,5.105591,9.752694
8,1976,9.608293,4.434525,5.050369,9.934311
8,1977,9.442399,4.467059,5.00293,9.961569
8,1978,9.440992,4.356363,4.951639,9.965258
8,1979,9.066242,4.2393,4.971612,9.991608
8,1980,8.770964,4.307513,4.940565,10.002926
8,1981,9.017357,4.465054,4.998164,10.019196
8,1982,9.127716,4.520701,4.949841,10.006671
8,1983,9.364496,4.466618,4.838111,10.073388
8,1984,9.464658,4.423224,4.874379,10.053861
9,1976,12.232737,4.319759,5.232278,9.994543
9,1977,12.126525,4.439781,5.186094,10.086303
9,1978,12.022034,4.550775,5.204448,10.147729
9,1979,12.036806,4.561034,5.232222,10.120492
9,1980,12.352849,4.559106,5.305622,10.111835
9,1981,12.242927,4.628731,5.28424,10.154127
9,1983,11.775763,4.718395,5.270364,10.037207
9,1984,11.921002,4.604232,5.305085,10.015961
10,1976,10.28988,4.408088,5.193942,9.992838
10,1977,10.381768,4.500462,5.164225,10.001894
10,1978,10.149451,4.53743,5.116128,10.026818
10,1979,9.961399,4.422286,5.191036,10.113688
10,1981,10.182127,4.483382,5.243996,10.087103
10,1982,9.812267,4.551644,5.242546,10.123685
10,1983,9.656967,4.565469,5.268755,10.123409
10,1984,9.84328,4.521237,5.241039,10.10372
11,1976,9.763022,4.238644,5.017618,9.97578
11,1977,9.849152,4.208682,5.018335,9.988837
11,1978,9.494872,4.253923,5.05161,9.978901
11,1979,9.582682,4.221971,5.059547,10.03643
11,1980,9.518216,4.170838,5.13036,10.01111
11,1981,9.774087,4.148842,5.213558,9.992145
11,1982,10.058326,4.277635,5.240108,10.041548
11,1983,10.07637,4.329359,5.200247,10.12234
11,1984,9.403908,4.300191,5.156136,10.20458
12,1976,7.082833,4.787605,4.989802,10.074946
12,1977,6.928026,4.712669,4.94973,10.102679
12,1978,6.777145,4.529937,4.887014,10.172134
12,1979,6.922864,4.527618,4.956262,10.13223
12,1980,6.873793,4.654779,4.910472,10.184009
12,1981,7.308346,4.484305,4.961602,10.166712
12,1982,6.965799,4.404863,4.997522,10.199844
12,1983,6.852664,4.485031,5.000626,10.106689
12,1984,6.729227,4.443528,4.977573,10.131291
13,1976,5.815481,4.522672,5.028347,9.894352
13,1977,5.933523,4.599893,5.040546,9.894057
13,1978,5.848265,4.546198,5.041506,9.863033
13,1979,5.831052,4.70357,5.072748,9.947184
13,1980,6.083905,4.726659,5.101769,9.941682
13,1981,6.237818,4.771837,5.044153,9.969348
13,1982,6.489317,4.677056,5.172739,9.887292
13,1984,6.33706,4.458012,5.168799,9.905037
14,1976,10.810908,4.646109,5.005522,9.982256
14,1977,10.876857,4.597455,5.070958,9.947173
14,1978,10.915638,4.638209,5.028856,9.985207
14,1979,10.763598,4.498893,4.946168,9.966079
14,1980,10.441462,4.462729,4.948782,9.916381
14,1981,10.788124,4.426128,4.919002,10.012516
14,1982,11.251882,4.565921,4.981484,10.111911
14,1983,11.679703,4.701605,5.018401,10.091033
14,1984,11.594213,4.581087,5.104653,10.139415
15,1976,8.646187,4.29877,5.134742,9.837592
15,1977,8.185322,4.240209,5.065289,9.824753
15,1978,8.610606,4.327931,4.999696,9.857075
15,1979,8.333315,4.439556,4.964087,9.900007
15,1980,8.28931,4.491017,5.014001,10.003375
15,1982,8.442847,4.449226,5.009273,10.112883
15,1983,8.843235,4.439156,5.103152,10.045446
15,1984,8.681873,4.486596,5.062097,10.025588
16,1976,10.037268,4.345802,4.970182,9.770339
16,1977,10.571767,4.268522,5.033697,9.793723
16,1979,9.778838,4.432557,5.015186,9.816708
16,1980,10.102649,4.312444,5.083699,9.802856
16,1981,10.03704,4.324682,5.064211,9.798786
16,1983,10.448793,4.559476,5.001854,9.767885
16,1984,9.960251,4.640221,5.058294,9.814227
17,1976,5.926606,4.393665,4.972569,10.104352
17,1977,5.268839,4.442469,4.951722,10.085054
17,1978,5.565139,4.44154,5.119082,9.994547
17,1979,5.449132,4.472124,5.097451,10.006761
17,1980,5.625547,4.506388,5.212736,9.997946
17,1981,5.653435,4.438982,5.331357,10.091921
17,1982,5.821528,4.298661,5.250908,10.007087
17,1983,5.90893,4.489224,5.199299,10.007792
17,1984,5.792514,4.399195,5.223047,10.017503
18,1976,7.464895,4.414236,4.981454,10.043597
18,1977,7.609241,4.380621,4.98751,10.051686
18,1978,8.002496,4.525565,4.96794,10.117154
18,1979,7.894851,4.557069,4.976685,10.129533
18,1980,7.679705,4.402448,5.004816,10.168457
18,1981,7.24545,4.427942,5.059761,10.242394
18,1982,7.37268,4.487945,5.098905,10.192292
18,1983,7.815382,4.617011,4.979129,10.191882
18,1984,7.388147,4.56849,4.977407,10.251584
19,1976,5.329502,4.468145,4.98935,9.819097
19,1977,5.564433,4.660449,4.969503,9.913558
19,1979,5.440559,4.681191,4.934106,10.088692
19,1980,5.456531,4.513573,4.873092,10.119054
19,1981,5.890465,4.447287,4.834378,10.142393
19,1982,6.198689,4.467477,4.913431,10.083563
19,1983,5.999116,4.355908,4.966891,10.106493
19,1984,5.745346,4.347843,4.965706,10.061108
20,1976,6.597256,4.529506,4.858692,10.098952
20,1977,6.515549,4.545178,4.815057,10.111183
20,1978,6.424332,4.55845,4.744678,10.098661
20,1979,6.60895,4.503336,4.731098,10.031885
20,1980,6.879589,4.550108,4.706504,9.981416
20,1981,6.627477,4.588571,4.681479,10.029702
20,1982,6.867207,4.725846,4.714154,10.003138
20,1983,7.22662,4.695954,4.802991,10.011981
20,1984,6.877621,4.700987,4.871794,10.006591
21,1976,10.01969,4.403434,4.909559,10.240254
21,1977,9.663594,4.312202,4.922464,10.162998
21,1978,9.622617,4.381642,4.897643,10.066658
21,1981,9.928001,4.551299,4.910539,10.146985
21,1982,10.123723,4.498076,4.817595,10.092325
21,1983,10.202279,4.587845,4.915184,10.080553
21,1984,10.07592,4.701417,5.008256,10.092587
22,1976,5.222123,4.70923,4.764301,9.968442
22,1977,4.959586,4.658843,4.810364,10.041935
22,1978,4.958055,4.5691,4.833402,10.016965
22,1979,4.916526,4.423355,4.849241,10.049141
22,1980,5.373807,4.417701,4.822723,10.119851
22,1981,5.38466,4.398321,4.770269,10.135972
22,1983,5.169342,4.458138,4.895398,10.202189
22,1984,5.479213,4.460927,4.881233,10.188873
23,1976,7.166727,4.492045,4.932884,10.075442
23,1977,7.167667,4.426932,5.002383,10.161845
23,1979,6.962643,4.467869,5.016449,10.076174
23,1980,7.173152,4.332684,4.997786,10.077322
23,1982,6.719377,4.270336,4.915604,10.017595
23,1983,6.738813,4.43512,4.909048,10.136373
23,1984,7.31822,4.40455,4.957203,10.020557
24,1976,8.796815,4.633827,5.261349,10.071985
24,1977,8.720753,4.663882,5.250201,10.136369
24,1978,8.70779,4.815867,5.280282,10.146374
24,1979,8.8631,4.896427,5.26625,10.1722
24,1980,8.385495,4.868451,5.23951,10.238505
24,1981,8.636047,4.807347,5.239389,10.251643
24,1982,8.867178,4.745185,5.08011,10.164695
24,1983,8.55105,4.716282,5.061861,10.128536
24,1984,8.967718,4.646883,5.078526,10.083435
25,1976,6.885474,4.404378,5.040586,9.835288
25,1977,6.749808,4.318213,5.018404,9.876003
25,1978,6.847298,4.413842,4.898552,9.945673
25,1979,7.086636,4.387221,4.865396,9.944944
25,1980,7.223739,4.531153,4.878331,9.926103
25,1981,7.056662,4.551854,4.807711,10.001641
25,1984,6.870623,4.448027,4.870281,10.12071
26,1976,7.855859,4.457169,5.116488,10.155662
26,1977,7.741921,4.452829,5.088193,10.105156
26,1978,8.347189,4.364451,5.067227,10.118802
26,1979,8.03615,4.354735,5.066475,10.142877
26,1980,8.141456,4.457905,5.039402,10.218215
26,1981,8.073161,4.344117,4.992222,10.180925
26,1982,8.162758,4.358176,4.983131,10.039499
26,1983,7.880869,4.412723,5.024588,9.985573
26,1984,7.634923,4.401125,4.936223,10.052574
27,1976,7.984336,4.663083,4.832881,10.000391
27,1977,7.659877,4.621598,4.769886,10.053466
27,1978,7.301472,4.573007,4.791508,10.036842
27,1979,7.209341,4.428699,4.769122,10.002807
27,1980,7.482818,4.459049,4.737299,10.035702
27,1981,7.934378,4.438972,4.65805,10.108002
27,1982,8.246505,4.510742,4.680135,10.131929
27,1983,7.813199,4.477496,4.581256,10.108351
27,1984,7.667697,4.390639,4.685095,10.138252
28,1976,8.957226,4.598604,5.013141,9.7209
28,1977,8.893475,4.652833,4.958759,9.669228
28,1978,8.771749,4.531293,4.929248,9.731944
28,1979,8.613186,4.390318,4.912925,9.828813
28,1980,9.109972,4.435427,4.914001,9.801245
28,1981,9.025014,4.524081,4.90254,9.880271
28,1982,9.108493,4.398123,4.988783,9.845349
28,1984,9.237053,4.543,5.000108,9.944869
29,1976,7.204904,4.413322,4.983736,10.188288
29,1977,7.40037,4.439081,4.938396,10.261054
29,1978,7.434326,4.391413,4.958143,10.214485
29,1979,7.494327,4.324263,4.901521,10.187138
29,1980,7.379811,4.455707,4.872957,10.067699
29,1981,7.29217,4.474858,4.83438,10.077928
29,1982,7.442869,4.477333,4.867031,10.022993
29,1983,7.407737,4.475598,4.868935,9.968665
29,1984,7.380816,4.443074,4.836642,9.970196
30,1976,9.373764,4.36959,5.241486,10.360935
30,1977,9.003938,4.40083,5.243162,10.282579
30,1980,9.305595,4.489899,5.25429,10.119842
30,1981,9.364061,4.483814,5.308347,10.063844
30,1982,9.506248,4.625976,5.319699,10.051418
30,1983,9.291621,4.723684,5.317336,10.027982
30,1984,9.15083,4.541857,5.279368,10.018245
31,1976,7.95038,4.705844,5.065588,10.169415
31,1977,8.330437,4.681028,5.064323,10.207444
31,1978,8.574425,4.707195,5.134106,10.129464
31,1979,8.757403,4.833469,5.02344,10.133432
31,1980,8.681602,4.773268,5.168014,10.150369
31,1981,8.696335,4.767588,5.139745,10.112954
31,1983,8.791928,4.841654,5.249278,10.031396
31,1984,8.54075,4.621747,5.332004,9.958887
32,1976,9.057358,4.484276,4.99628,9.921763
32,1977,9.290348,4.401662,4.901877,9.969915
32,1978,9.302869,4.372807,4.944017,9.990927
32,1979,9.286161,4.339493,4.94311,10.040059
32,1980,9.226082,4.351214,4.967701,10.064393
32,1981,9.567769,4.36394,5.018127,10.067964
32,1982,9.591919,4.364561,5.147781,10.09119
32,1983,9.571135,4.220722,5.22102,10.115144
32,1984,9.280392,4.269186,5.203152,10.061664
33,1976,8.481084,4.638269,5.12314,9.920954
33,1977,8.468989,4.598066,5.038983,9.810533
33,1978,8.093869,4.586924,5.096152,9.773842
33,1979,7.93035,4.467779,5.16111,9.790048
33,1980,8.258238,4.630953,5.169091,9.822359
33,1981,8.559683,4.516587,5.092945,9.858985
33,1984,9.104143,4.350796,5.160945,9.879021
34,1976,11.626125,4.51321,4.944254,9.834916
34,1977,11.379908,4.395746,4.950673,9.76363
34,1978,11.262329,4.393679,4.865653,9.673062
34,1979,10.943269,4.311933,4.876021,9.739565
34,1980,10.9039,4.322316,4.890344,9.809254
34,1981,11.255397,4.362233,4.94804,9.809063
34,1983,10.969379,4.32417,4.849507,9.762373
34,1984,10.823758,4.372961,4.850851,9.763286
35,1976,6.920956,4.580843,5.326434,9.721341
35,1977,6.978973,4.773118,5.244561,9.685431
35,1978,6.698316,4.778103,5.220868,9.684542
35,1979,6.626411,4.710867,5.232955,9.740445
35,1981,6.984888,4.664291,5.258826,9.737726
35,1982,6.794205,4.677861,5.213707,9.671654
35,1983,7.477114,4.727036,5.182245,9.678386
35,1984,7.051625,4.682345,5.086987,9.734283
36,1976,10.824214,4.62929,5.075824,9.982112
36,1978,10.629554,4.688446,5.044649,10.002502
36,1979,10.740826,4.625049,5.004221,10.050513
36,1980,10.863063,4.564024,4.953509,10.015397
36,1981,10.638224,4.475598,4.944426,10.075646
36,1982,10.602683,4.476698,4.974422,10.116336
36,1983,10.602898,4.543745,4.935506,10.133057
36,1984,10.638119,4.574403,4.970118,10.169169
37,1976,7.665987,4.507922,4.61037,10.105202
37,1977,7.744298,4.475943,4.582887,10.099463
37,1978,6.901554,4.506132,4.630242,10.138261
37,1980,6.993107,4.406093,4.660595,10.119724
37,1981,6.813162,4.433929,4.60092,10.08997
37,1982,7.133203,4.316867,4.615135,10.174783
37,1984,6.814473,4.329383,4.664391,10.117063
38,1976,6.582088,4.622801,4.864739,9.891848
38,1977,6.675004,4.620492,4.879702,9.887876
38,1978,6.749187,4.66173,4.865917,9.89283
38,1980,7.149612,4.559051,4.958902,9.869411
38,1982,6.151919,4.45797,4.86885,9.98159
38,1983,6.498222,4.559025,4.859051,10.036399
38,1984,6.411539,4.533934,4.875481,10.129401
39,1976,11.71303,4.738572,5.147488,9.962834
39,1977,11.587048,4.710107,5.030502,9.96941
39,1978,11.589732,4.785875,5.102458,9.920813
39,1980,10.830873,4.742801,5.091698,10.045171
39,1981,10.714095,4.800333,5.10394,10.007718
39,1982,10.633827,4.765367,5.118177,10.003491
39,1983,10.712314,4.733027,5.075235,10.020021
39,1984,10.58279,4.621463,5.082477,9.987781
40,1976,6.843759,4.289222,4.848834,10.110409
40,1978,6.841729,4.516953,4.9489,10.151234
40,1979,7.285976,4.656169,5.047736,10.260977
40,1980,7.548649,4.646134,5.069167,10.197699
40,1982,7.713617,4.401333,5.068915,10.099413
40,1984,7.507748,4.464951,5.036534,10.054087
41,1976,7.744331,4.766895,5.181166,9.959239
41,1978,7.66622,4.579664,5.133472,10.0321
41,1979,7.793808,4.546086,5.116932,10.001818
41,1980,8.055661,4.599715,5.124909,10.020923
41,1981,7.939016,4.561502,5.049659,10.03303
41,1982,8.010681,4.613937,5.037677,9.976859
41,1983,7.925222,4.572823,5.156573,9.995862
41,1984,7.868072,4.471491,5.150136,10.048419
42,1976,5.073521,4.552718,4.914456,9.949563
42,1977,5.512919,4.524106,4.926703,9.994606
42,1978,5.849337,4.567435,4.951432,10.001929
42,1979,5.896086,4.369413,4.898022,10.042834
42,1980,6.130078,4.309844,4.83546,10.023236
42,1981,5.758749,4.208293,4.837157,10.035344
42,1982,5.465009,4.211881,4.849458,9.902606
42,1983,5.275499,4.224922,4.837742,9.87375
42,1984,5.633055,4.340141,4.834268,9.953839
43,1976,4.54528,4.655441,5.180176,9.95849
43,1977,4.175563,4.679634,5.176667,10.011695
43,1978,4.27764,4.63924,5.096728,9.980941
43,1979,4.072835,4.740652,5.093723,9.985764
43,1981,4.405648,4.759635,5.10369,10.015175
43,1983,4.501676,4.43297,5.10275,9.982806
43,1984,4.276393,4.574745,5.067456,9.901568
44,1976,9.878813,4.818238,4.998164,9.994425
44,1977,9.492042,4.719542,5.088154,9.955512
44,1978,9.168377,4.667438,5.057603,10.053892
44,1979,9.792285,4.836662,5.11022,10.044723
44,1980,9.664573,4.815287,5.100371,10.036448
44,1981,9.991512,4.565221,5.188216,10.054047
44,1982,10.264128,4.749366,5.263562,10.082126
44,1983,10.007481,4.708931,5.19989,10.064348
44,1984,9.752588,4.630785,5.252963,10.028061
45,1976,5.546874,4.367802,4.954718,10.115188
45,1977,5.610084,4.591739,4.940491,10.145169
45,1978,5.657146,4.661293,4.940779,10.116757
45,1980,5.732004,4.478041,4.871588,10.159059
45,1982,6.055477,4.369781,4.937662,10.062579
45,1983,5.666743,4.43362,4.905297,10.005521
45,1984,5.544781,4.345848,4.94881,9.958285
46,1976,9.632887,4.434823,4.886346,10.135281
46,1977,9.356834,4.440487,4.871605,10.095361
46,1978,9.762987,4.33054,4.875822,10.134417
46,1979,10.013418,4.35968,4.940075,10.071575
46,1980,10.005342,4.411544,4.936439,10.107728
46,1981,9.621171,4.424057,5.044493,10.045182
46,1982,9.703256,4.263345,5.028499,10.069251
46,1983,9.708886,4.278176,4.895428,10.107079
46,1984,9.84748,4.325415,4.906263,10.078815
47,1976,12.017968,4.5845,4.984694,10.107176
47,1977,12.078913,4.522101,4.972215,10.132432
47,1978,12.0583,4.476412,4.978898,10.131994
47,1979,12.229972,4.525285,5.018414,10.104756
47,1980,12.171871,4.544595,5.005612,10.068502
47,1981,11.442691,4.452788,4.956558,10.12254
47,1982,11.4636,4.525036,5.01469,10.154228
47,1983,11.504502,4.437097,4.911501,10.17015
47,1984,11.862246,4.523578,4.863577,10.186678
48,1976,8.189705,4.422706,5.060421,9.981961
48,1977,7.954302,4.418953,4.981958,9.96872
48,1978,7.742548,4.309016,4.982131,9.999282
48,1979,7.757933,4.138923,4.989502,9.962296
48,1980,7.789634,4.18617,5.027515,9.925494
48,1981,7.793751,4.290641,5.12035,9.929484
48,1982,7.674343,4.332043,5.104207,9.95902
48,1983,7.180417,4.338476,5.036675,9.995144
48,1984,7.252409,4.182604,5.081642,10.050582
49,1976,6.124223,4.526385,5.180455,9.831685
49,1977,5.851499,4.586614,5.25284,9.882593
49,1979,6.441057,4.719561,5.153001,9.903829
49,1980,6.376524,4.781396,5.181221,9.945814
49,1981,6.698559,4.63513,5.173339,9.939509
49,1982,6.619869,4.625459,5.125234,9.91742
49,1983,6.614902,4.468827,5.112427,9.970617
49,1984,6.384291,4.475609,5.095047,9.933755
50,1976,9.008266,4.536973,4.911936,10.162456
50,1977,8.646858,4.631929,4.938794,10.149898
50,1978,8.976676,4.741106,4.923891,10.168918
50,1979,9.491029,4.688259,4.917379,10.123599
50,1980,9.344835,4.704959,4.915294,10.083872
50,1982,8.886632,4.806372,4.95816,10.086721
50,1983,9.216979,4.712578,4.939048,10.050947
50,1984,9.069881,4.747336,5.092602,9.994612
51,1976,9.543667,4.449731,4.802868,10.032648
51,1977,9.384981,4.535655,4.789621,10.097061
51,1978,9.132914,4.380561,4.878474,10.059648
51,1979,9.218068,4.503593,4.97148,9.961553
51,1980,9.564083,4.397707,5.017561,9.973533
51,1981,9.632425,4.401139,5.047681,9.942147
51,1982,9.560701,4.399286,4.996794,9.999543
51,1983,9.440398,4.477068,4.990959,10.00946
51,1984,9.787095,4.629344,5.087277,9.977846
52,1976,8.394149,4.49929,5.149993,10.02869
52,1977,8.464107,4.481013,5.151799,10.078172
52,1978,8.000744,4.489643,5.123804,10.050072
52,1979,7.641948,4.320484,5.154685,10.100425
52,1980,8.102829,4.308438,5.085631,10.118137
52,1981,7.815935,4.360356,5.068211,10.202715
52,1982,7.596699,4.336177,5.03236,10.102809
52,1983,7.195334,4.266747,5.057721,10.058364
52,1984,7.339248,4.11427,4.988829,10.028678
53,1976,8.250274,4.52587,4.975438,10.05199
53,1977,8.645998,4.595658,5.007975,9.99703
53,1978,8.350006,4.653414,4.876125,10.034163
53,1979,8.595584,4.56818,4.890534,10.032235
53,1980,8.656815,4.488564,4.855627,9.997857
53,1981,8.675617,4.596136,4.891174,9.96856
53,1982,8.262683,4.542068,4.800574,10.07655
53,1983,7.802949,4.543249,4.73519,10.119985
53,1984,8.186605,4.501698,4.785359,10.146022
54,1976,10.948405,4.641981,4.742261,9.943292
54,1977,10.997183,4.700355,4.744203,9.962275
54,1978,11.057737,4.590717,4.842873,9.914543
54,1980,11.399765,4.578761,4.882994,9.959764
54,1982,11.108813,4.550956,4.950481,9.987557
54,1983,10.844344,4.56455,4.950877,9.974737
54,1984,10.482896,4.684803,5.064074,10.014997
55,1976,10.586687,4.576777,4.760989,9.988466
55,1977,11.206103,4.672347,4.846321,9.907037
55,1978,11.29575,4.605793,4.946588,9.952367
55,1979,11.198466,4.709094,4.984609,9.940696
55,1980,11.040276,4.70158,4.955798,9.971717
55,1981,11.002425,4.790216,4.858584,9.948921
55,1982,11.011918,4.791941,4.793498,10.068099
55,1983,10.948521,4.753539,4.831988,10.01937
55,1984,10.753318,4.628286,4.765265,10.065463
56,1976,9.172487,4.337201,4.882514,9.663241
56,1977,9.287105,4.372081,4.822069,9.722627
56,1978,9.32865,4.390621,4.864368,9.759953
56,1979,9.087341,4.435271,4.80859,9.779592
56,1980,9.101306,4.42328,4.943802,9.769643
56,1981,9.801164,4.461678,5.013236,9.743047
56,1982,10.062545,4.470729,4.976238,9.800024
56,1983,10.322595,4.42783,4.952646,9.828045
56,1984,9.922354,4.312582,4.970425,9.857586
57,1976,6.699178,4.554167,4.992836,9.871862
57,1977,6.741652,4.566347,5.004653,9.835045
57,1978,6.920754,4.476042,5.158551,9.822206
57,1979,6.465635,4.426393,5.160788,9.853156
57,1980,6.309933,4.494144,5.126974,9.854379
57,1981,6.349534,4.456245,5.148635,9.865818
57,1982,6.642496,4.485205,5.083877,9.893003
57,1983,6.86274,4.503039,5.025112,9.883483
57,1984,6.921974,4.526662,4.979781,9.993125
58,1976,8.206152,4.576049,5.215301,9.919885
58,1977,8.374393,4.564612,5.215182,9.909852
58,1978,8.389021,4.493092,5.217197,9.96792
58,1979,8.032262,4.536509,5.217889,9.883392
58,1980,7.901213,4.557402,5.249242,9.889269
58,1981,8.297107,4.585509,5.291707,10.01637
58,1982,8.061759,4.53783,5.436494,9.994236
58,1984,8.291871,4.630415,5.360176,9.935112
59,1976,9.910809,4.623409,4.921166,9.752037
59,1977,9.631045,4.738938,4.804948,9.742892
59,1978,9.545882,4.680906,4.903358,9.771481
59,1979,9.20487,4.652374,4.882101,9.727871
59,1980,9.562524,4.587299,4.88824,9.766896
59,1981,9.236543,4.455743,4.88526,9.813827
59,1982,9.386955,4.475135,4.990847,9.840647
59,1983,9.816409,4.448988,4.968938,9.890509
59,1984,9.769736,4.61026,4.88291,9.813777
60,1976,8.474308,4.630982,5.165147,10.082283
60,1977,8.515909,4.539225,5.125718,10.011435
60,1978,8.63893,4.589922,5.132477,10.033403
60,1979,8.202927,4.603913,5.064985,10.037002
60,1980,8.339679,4.603029,5.042358,10.04855
60,1981,7.983177,4.528944,5.038369,10.061251
60,1982,7.778244,4.519909,5.073552,10.083688
60,1983,7.637216,4.439754,5.08513,10.110592
60,1984,7.381335,4.463224,5.139545,10.076336
61,1976,7.466341,4.514754,4.973305,9.97904
61,1977,7.289352,4.665067,5.018605,10.028777
61,1979,6.91467,4.658331,4.972081,10.041443
61,1980,6.781221,4.615127,4.945036,9.96308
61,1981,6.968064,4.657363,4.981181,9.952489
61,1982,6.961158,4.605883,5.081542,9.972631
61,1983,6.872658,4.468529,4.977475,9.969455
61,1984,6.920537,4.322235,5.016647,10.010222
62,1976,6.564743,4.323964,4.96485,9.962469
62,1977,6.566026,4.435349,4.954068,10.02653
62,1978,6.829933,4.338853,5.000253,10.030274
62,1979,6.702014,4.361405,5.03132,10.026102
62,1980,6.93501,4.404253,5.015991,10.017407
62,1981,7.212852,4.543844,4.925208,9.99283
62,1982,6.941967,4.519684,4.873613,10.023957
62,1983,6.912588,4.508354,4.956652,10.015232
62,1984,6.648491,4.493198,4.96354,10.055644
63,1976,6.832536,4.476629,5.095197,9.948448
63,1977,7.488009,4.476769,5.124603,9.913118
63,1978,7.404393,4.526992,5.019905,9.988622
63,1979,7.366133,4.502934,5.018354,10.021456
63,1980,7.089936,4.435216,5.040809,10.082906
63,1981,7.088781,4.38989,5.109775,10.035519
63,1982,7.099286,4.464732,5.00949,9.971317
63,1983,7.193983,4.601416,5.062076,9.979657
63,1984,7.510691,4.525248,5.007684,9.999162
64,1976,6.881556,4.797077,5.150035,9.935654
64,1977,7.159047,4.749106,5.203199,9.954442
64,1978,6.719192,4.744723,5.219951,9.909834
64,1979,6.848289,4.761691,5.199681,9.950047
64,1981,6.945308,4.604513,5.139753,9.953883
64,1982,7.559021,4.568452,5.155324,10.054183
64,1983,7.467303,4.638336,5.086868,10.10055
64,1984,7.44395,4.636462,5.164565,10.045889
65,1976,7.192277,4.668845,4.860515,10.018433
65,1979,7.046694,4.448772,4.822411,10.011699
65,1980,7.607266,4.472603,4.906683,10.118444
65,1981,8.007911,4.645517,4.877861,10.073649
65,1982,8.035487,4.642382,4.887236,10.032616
65,1983,8.226594,4.596725,4.952733,9.989325
65,1984,7.866522,4.621393,4.985815,10.065045
66,1976,11.820327,4.605945,5.134542,9.956906
66,1978,11.041155,4.564449,5.069724,10.11634
66,1979,11.173501,4.561629,5.138108,10.122903
66,1980,11.196042,4.639899,5.102288,10.163038
66,1983,10.386304,4.75933,5.033723,10.072657
66,1984,10.29764,4.733365,4.951838,10.017029
67,1976,6.696423,4.495771,4.977506,9.925698
67,1977,6.563913,4.549051,4.926448,9.961018
67,1978,6.639654,4.475845,4.924283,9.910684
67,1979,6.726487,4.404259,4.889171,9.874149
67,1980,6.590347,4.409015,4.822528,9.88943
67,1982,6.752512,4.316039,5.055288,9.818349
67,1983,6.856739,4.279519,5.055263,9.858455
67,1984,6.825444,4.460285,5.166812,9.847193
68,1976,10.474912,4.44547,4.835165,9.94405
68,1978,10.450297,4.650052,4.867923,9.912506
68,1979,10.743809,4.760319,4.895851,9.785465
68,1980,10.90268,4.805539,4.926853,9.763398
68,1981,10.406007,4.741017,4.88878,9.764583
68,1982,10.234455,4.634357,4.904942,9.8521
68,1983,10.096344,4.740111,4.852078,9.825877
68,1984,10.568512,4.917663,4.779069,9.786336
69,1976,9.105956,4.456805,4.861434,10.00404
69,1977,9.235197,4.482171,4.807696,10.044793
69,1978,9.418997,4.649109,4.781359,10.026511
69,1979,9.300392,4.627341,4.870189,9.957802
69,1981,8.955009,4.577262,4.903926,9.891576
69,1982,9.247738,4.407224,4.942743,9.945639
69,1983,9.119855,4.427113,4.911733,9.977058
69,1984,9.277544,4.330133,4.951335,9.984773
70,1976,8.84465,4.319106,5.0018,10.215413
70,1977,8.889309,4.357415,5.004643,10.205278
70,1978,8.893051,4.490347,5.022354,10.175165
70,1980,8.464669,4.477679,4.909384,10.171776
70,1981,8.769396,4.398657,4.874655,10.185052
70,1982,8.715752,4.423403,4.956946,10.122875
70,1983,8.82675,4.502725,4.996175,10.111157
70,1984,8.894003,4.409529,5.1063,10.136401
71,1976,6.488692,4.410404,5.321339,9.83273
71,1977,6.383625,4.339285,5.309519,9.861702
71,1978,6.448955,4.491953,5.303932,9.881256
71,1979,6.346218,4.541167,5.321804,9.83606
71,1980,6.978948,4.609244,5.202246,9.891281
71,1981,7.032768,4.584136,5.207158,9.914378
71,1982,6.639936,4.520015,5.327616,9.969594
71,1983,6.740045,4.562453,5.253849,10.012503
71,1984,6.235942,4.485538,5.151083,9.947981
72,1976,7.356501,4.475128,4.947328,9.947914
72,1977,7.092921,4.362227,4.983279,9.984795
72,1978,7.108434,4.495128,4.964654,10.006105
72,1979,7.276705,4.401795,5.017406,10.064396
72,1980,7.133393,4.510302,5.012644,10.086583
72,1981,7.260734,4.436594,5.079893,10.138051
72,1982,7.116311,4.4648,5.120145,10.112982
72,1983,6.952668,4.233105,5.046675,10.202778
72,1984,7.399616,4.214301,4.992259,10.226689
73,1976,12.418112,4.394095,5.132675,9.856507
73,1977,12.278752,4.425529,5.109827,9.858193
73,1978,11.6821,4.294774,5.19119,9.895008
73,1979,11.955875,4.317444,5.116085,9.804046
73,1980,11.941745,4.274837,4.994386,9.831143
73,1982,12.254628,4.362623,5.071102,9.956539
73,1983,12.304533,4.316854,5.032431,9.991838
73,1984,12.37548,4.391419,4.96223,10.097457
74,1976,8.653581,4.416018,4.894467,10.080788
74,1977,8.76508,4.492011,4.947121,10.133144
74,1978,8.507522,4.530208,4.912323,10.189881
74,1979,8.561701,4.641351,4.910882,10.083827
74,1980,8.34083,4.703341,4.932844,10.037638
74,1981,8.489061,4.719428,4.943668,10.071397
74,1982,8.636463,4.72999,4.931044,10.052986
74,1984,9.007668,4.644827,4.927251,10.068074
75,1976,9.727499,4.442447,4.831895,9.683976
75,1977,9.77728,4.439906,4.953125,9.768165
75,1979,9.777062,4.306452,5.06461,9.932777
75,1981,9.551608,4.429085,5.027888,10.00568
75,1982,8.853898,4.472243,5.023007,9.961573
75,1983,9.11356,4.519768,5.047444,9.94032
75,1984,9.411252,4.502053,5.12931,9.938283
76,1976,9.68168,4.519594,4.844791,10.06498
76,1978,9.350347,4.347132,4.911084,10.005403
76,1980,8.919883,4.296272,4.865473,9.989404
76,1982,8.811563,4.103693,4.779209,9.924035
76,1983,8.807415,4.213839,4.872607,9.865984
76,1984,8.806265,4.346952,4.812974,9.884222
77,1976,10.623438,4.025003,4.937045,10.254085
77,1978,10.285523,4.323735,4.993872,10.193483
77,1981,10.587933,4.553058,4.840519,10.150746
77,1982,10.438308,4.499681,4.659188,10.119687
77,1983,10.459551,4.404779,4.629497,10.173426
77,1984,10.615826,4.383122,4.663038,10.207225
78,1976,7.688329,4.610274,4.911738,9.910339
78,1977,7.945908,4.490508,4.993031,9.857932
78,1978,7.757846,4.558916,4.914227,9.79628
78,1979,7.626234,4.420012,4.881185,9.791296
78,1981,7.770119,4.290925,4.907761,9.896571
78,1983,8.025212,4.314918,4.841939,9.874284
78,1984,8.132581,4.374655,4.802962,9.911767
79,1976,7.002441,4.239149,5.085667,10.093583
79,1977,6.752255,4.350205,5.178246,10.054986
79,1978,7.136344,4.493292,5.153988,9.943848
79,1980,7.134811,4.334348,5.120378,9.903276
79,1981,6.667791,4.281978,5.058101,9.855956
79,1982,6.893812,4.270141,5.149901,9.85914
79,1983,7.094213,4.383816,5.230284,9.853548
79,1984,7.220405,4.387333,5.228505,9.784971
80,1976,7.906344,4.350588,5.250421,10.012392
80,1978,8.213827,4.452071,5.217074,9.928665
80,1979,7.9453,4.464951,5.342297,9.98428
80,1980,8.084583,4.535926,5.418379,9.999323
80,1982,8.389024,4.606591,5.255354,10.035832
80,1983,8.547377,4.587177,5.257047,10.054844
80,1984,8.746311,4.501622,5.199342,10.044938
81,1976,8.113201,4.303537,4.728796,10.116804
81,1977,7.461839,4.269073,4.713453,10.068972
81,1978,7.597068,4.258781,4.759481,10.054753
81,1979,7.942429,4.432348,4.778268,10.036044
81,1980,7.625146,4.401263,4.816378,10.030688
81,1981,7.791111,4.481349,4.781462,10.008445
81,1983,7.870842,4.653701,4.985204,9.90027
81,1984,8.189101,4.604814,4.912171,10.035252
82,1976,9.546559,4.420015,4.784142,9.94759
82,1977,9.818705,4.49607,4.752685,10.004483
82,1978,9.860996,4.561908,4.807925,9.969569
82,1979,9.820129,4.54355,4.820278,9.943283
82,1980,10.117255,4.642558,4.859609,9.944121
82,1981,9.941784,4.683234,4.908464,9.944634
82,1982,10.035252,4.540042,4.8222,10.007637
82,1983,10.17372,4.525977,4.811301,9.9682
82,1984,9.992993,4.521117,4.759302,9.976334
83,1976,9.508096,4.58353,5.295865,10.039919
83,1977,9.549198,4.646513,5.271667,9.949371
83,1978,8.647414,4.487139,5.28922,9.939824
83,1979,8.679382,4.397235,5.329363,9.85973
83,1980,8.870889,4.430573,5.302559,9.913964
83,1981,9.300221,4.429744,5.238864,9.978165
83,1983,9.08054,4.543357,5.284228,9.994736
83,1984,9.255483,4.632875,5.358815,10.009282
84,1976,8.868662,4.502119,5.017248,10.247653
84,1977,8.53257,4.488879,4.981773,10.218063
84,1978,8.985913,4.586669,4.90867,10.243818
84,1979,9.251042,4.633686,4.925132,10.2441
84,1980,9.345194,4.648631,4.909517,10.226506
84,1981,8.864464,4.717613,5.000584,10.189783
84,1982,9.094513,4.599884,4.99383,10.18894
84,1983,8.907208,4.770464,4.895217,10.172133
84,1984,8.99969,4.810448,4.83019,10.145445
85,1976,9.161004,4.475466,4.868418,9.961519
85,1977,8.807765,4.416901,4.820736,9.991333
85,1978,8.658384,4.524548,4.837289,10.008437
85,1979,8.464178,4.664129,4.857819,10.039136
85,1980,8.737106,4.480223,4.854641,10.071722
85,1982,8.501323,4.489128,4.912786,9.980844
85,1983,8.627569,4.448286,4.925653,10.025004
85,1984,9.084028,4.445046,4.91128,9.912556
86,1976,10.651631,4.65695,4.765533,10.010147
86,1977,10.637142,4.587131,4.725361,9.97695
86,1978,10.897136,4.591343,4.818837,10.02168
86,1979,11.07844,4.563984,4.817594,10.05776
86,1980,10.931891,4.644024,4.879545,10.108336
86,1981,10.733802,4.649469,4.950499,10.099495
86,1982,11.089232,4.563079,4.894211,10.13198
86,1983,11.313833,4.591697,4.864419,10.135561
86,1984,10.993059,4.543214,4.872479,10.095888
87,1976,6.666692,4.060927,5.08037,10.130168
87,1977,7.126497,4.246904,5.060845,10.146679
87,1978,7.368007,4.120673,4.926894,10.151597
87,1979,7.246062,4.361372,4.888236,10.111095
87,1980,7.368364,4.573698,4.830988,10.054147
87,1982,7.317661,4.653816,4.769309,10.069951
87,1983,7.380438,4.570753,4.804001,10.095427
87,1984,7.421149,4.657762,4.846029,10.056143
88,1976,7.551114,4.561277,5.047486,9.923267
88,1977,7.743435,4.687821,5.083046,9.901459
88,1978,7.52982,4.632849,5.180634,9.938575
88,1979,7.668569,4.649197,5.197843,9.93818
88,1980,7.727701,4.654259,5.290607,9.961369
88,1981,7.840511,4.667417,5.229779,9.9712
88,1982,8.123998,4.504594,5.15956,9.971844
88,1984,7.634249,4.613231,5.173991,9.958131
89,1976,10.676064,4.548932,5.16393,9.894099
89,1977,10.479843,4.46483,5.2072,9.848524
89,1978,10.411566,4.49495,5.133698,9.958285
89,1979,10.932041,4.52613,4.984503,9.975981
89,1980,10.912593,4.648564,5.092158,9.983478
89,1981,10.562092,4.605777,5.100583,10.003246
89,1982,10.44437,4.579754,5.161631,10.036645
89,1983,10.253112,4.614049,5.183085,10.098896
89,1984,10.614161,4.702732,5.29372,10.086576
90,1976,8.086795,4.571358,5.172264,9.86822
90,1977,8.117646,4.578725,5.192887,9.822095
90,1978,7.687868,4.499451,5.077954,9.821865
90,1979,7.878441,4.342576,5.171475,9.901402
90,1980,8.003486,4.311147,5.047742,9.812693
90,1981,8.49577,4.288943,5.163143,9.834989
90,1982,8.712214,4.269614,5.069375,9.881583
90,1983,8.334051,4.214026,5.039665,9.99081
90,1984,8.300638,4.278995,4.937646,10.03565
91,1976,8.493557,4.486132,5.067687,9.878058
91,1977,9.098967,4.544731,5.1482,9.881316
91,1978,9.225382,4.59438,5.114265,9.899249
91,1979,9.049865,4.549994,5.100178,9.907903
91,1980,9.263297,4.46977,5.085231,9.838986
91,1981,9.483188,4.434011,5.046637,9.839517
91,1982,9.529157,4.375492,5.147536,9.852667
91,1983,9.072484,4.383164,5.066719,9.851957
91,1984,9.16811,4.359564,5.068817,9.903445
92,1976,6.934858,4.677948,4.767905,9.88754
92,1977,6.926822,4.68842,4.871631,9.879054
92,1978,6.896832,4.626944,4.904971,9.837426
92,1979,6.766519,4.579847,4.999476,9.866178
92,1980,6.835486,4.513248,4.946671,9.804343
92,1981,7.040288,4.438775,4.932011,9.803366
92,1982,6.840633,4.572946,4.954764,9.885333
92,1983,6.442589,4.65471,4.967751,9.878056
92,1984,6.391204,4.665427,5.071624,9.853658
93,1976,8.522129,4.73969,5.075077,10.037959
93,1977,8.808582,4.652251,5.02076,10.03173
93,1978,8.69419,4.591349,4.989271,10.054226
93,1979,8.359674,4.604775,4.934668,10.041282
93,1980,8.685583,4.615494,5.046971,9.996483
93,1981,8.390482,4.57094,5.065013,9.942427
93,1982,8.065202,4.46375,5.064472,9.999977
93,1983,7.798165,4.333269,4.964788,9.927464
93,1984,8.03878,4.528429,4.975291,9.936351
94,1976,9.354335,4.625529,5.151953,9.901487
94,1977,9.547023,4.67003,5.158437,9.848171
94,1978,9.389237,4.694604,5.129435,9.835981
94,1979,9.275701,4.704981,5.076465,9.923952
94,1980,9.241313,4.670998,4.941739,9.892175
94,1981,9.265364,4.64702,4.846234,9.844844
94,1982,9.588133,4.619642,4.806142,9.866582
94,1983,9.544819,4.630292,4.814468,9.929132
94,1984,9.626518,4.53462,4.813596,9.926744
95,1976,6.045606,4.384428,4.960483,9.992608
95,1977,5.746777,4.320373,4.976049,9.991182
95,1982,5.276503,4.446715,4.778041,10.078395
95,1983,5.506362,4.486568,4.954664,10.024719
95,1984,5.252395,4.460892,4.964382,10.070978
96,1976,6.738627,4.366463,5.027905,9.925452
96,1977,6.69849,4.309732,5.033614,9.858482
96,1978,6.533867,4.369872,5.01737,9.871403
96,1979,6.751516,4.234273,4.941122,9.955255
96,1980,7.074943,4.237016,4.839418,9.996543
96,1981,6.833226,4.125872,4.933153,10.050853
96,1982,6.897257,4.245585,5.015676,10.001506
96,1983,6.97402,4.417,5.044529,10.07475
96,1984,7.294113,4.483225,5.104676,10.00475
97,1976,9.025749,4.411782,4.882699,9.834909
97,1977,9.127029,4.043689,5.021206,9.753209
97,1978,9.276506,4.049648,4.993822,9.739217
97,1979,9.164108,4.18837,5.04187,9.723053
97,1980,8.850788,4.230642,4.967698,9.754814
97,1981,9.048334,4.251454,4.91315,9.733078
97,1982,9.06375,4.406489,4.911909,9.750782
97,1983,8.915032,4.595247,5.064875,9.709464
97,1984,8.896689,4.615963,5.04275,9.8206
98,1976,12.767861,4.495514,5.118442,10.078987
98,1978,12.731906,4.498391,5.192779,10.06117
98,1979,13.278131,4.519925,5.195742,10.02551
98,1980,13.049267,4.422009,5.113661,9.963105
98,1981,13.025493,4.351909,5.200974,9.925087
98,1983,13.081999,4.365398,5.297795,10.019439
98,1984,12.992469,4.442611,5.167513,9.980948
99,1976,9.262776,4.558123,5.018261,9.986485
99,1977,9.330575,4.410493,5.100735,9.977916
99,1978,9.10105,4.425729,5.061165,9.911686
99,1979,9.195717,4.504331,5.106873,9.81691
99,1980,9.223122,4.542745,5.172952,9.875539
99,1981,9.345294,4.45816,5.060699,9.871109
99,1982,9.606434,4.503954,5.032244,9.815342
99,1983,9.418113,4.665023,4.979046,9.803065
99,1984,9.461717,4.694836,4.967526,9.872638
100,1976,8.586626,4.77547,5.068333,10.001898
100,1977,8.129482,4.612378,5.06215,9.978034
100,1978,8.327123,4.674996,4.962627,10.022263
100,1979,8.085619,4.698439,4.96121,10.03387
100,1981,8.492047,4.70638,4.948982,9.91937
100,1982,8.552026,4.769462,5.017721,10.019704
100,1983,8.437412,4.714549,5.018762,9.995676
100,1984,8.441343,4.756606,4.959139,9.994285
101,1976,6.237327,4.511475,5.005245,10.059082
101,1977,6.707143,4.485557,4.972964,10.092068
101,1978,6.912083,4.467011,5.076052,9.898629
101,1979,6.262637,4.602924,4.95498,9.949754
101,1980,6.293931,4.748607,5.007765,9.920092
101,1982,6.687296,4.64748,4.956472,9.913478
101,1983,7.11987,4.552039,4.971475,9.909559
101,1984,7.054246,4.541072,5.02409,10.009923
102,1976,9.200046,4.344815,5.196061,10.079443
102,1977,9.107132,4.4156,5.219777,10.068223
102,1978,9.305075,4.427597,5.182837,10.102599
102,1979,9.070976,4.43417,5.25403,10.154862
102,1980,9.121809,4.535853,5.219043,10.132422
102,1981,9.429425,4.504631,5.213353,10.083607
102,1984,9.160331,4.69771,5.206261,10.07791
103,1976,3.785208,4.531594,5.166141,9.946018
103,1978,3.948823,4.503261,5.030722,9.939055
103,1979,3.626783,4.576057,5.11872,9.946731
103,1980,3.85724,4.556767,5.070755,9.998245
103,1981,3.656814,4.571496,5.145634,9.999883
103,1983,3.204811,4.61939,5.106645,9.958434
103,1984,3.261951,4.630418,5.167823,9.995705
104,1976,8.083137,4.314878,4.851086,10.094087
104,1977,7.647138,4.368205,4.870815,10.095792
104,1978,7.766853,4.251374,4.842339,10.10289
104,1980,8.065543,4.343904,4.812964,10.166131
104,1981,8.086123,4.436956,4.903924,10.106856
104,1982,7.997241,4.367311,4.918957,10.058853
104,1984,8.288078,4.415052,4.963593,10.050204
105,1976,7.520246,4.29847,5.205279,10.036771
105,1978,7.459394,4.444216,5.177869,10.00128
105,1979,7.827385,4.525908,5.136748,9.956344
105,1980,7.619483,4.368362,5.071019,9.945225
105,1981,7.712011,4.413823,4.921996,9.90524
105,1983,7.438118,4.484279,4.905476,10.074666
105,1984,7.39189,4.435448,4.840066,10.032072
106,1976,6.862813,4.349801,4.870769,10.23102
106,1977,6.84974,4.316576,4.817795,10.242726
106,1978,6.890929,4.356577,4.80616,10.281214
106,1979,6.879456,4.321163,4.741682,10.32274
106,1980,6.551174,4.28517,4.775817,10.260918
106,1982,7.18187,4.178043,4.711719,10.364837
106,1984,7.025036,4.236239,4.678912,10.266618
107,1976,13.148199,4.454982,4.953525,9.998645
107,1977,13.229229,4.430421,4.958504,10.013752
107,1978,13.476474,4.432509,5.05918,10.035845
107,1979,13.57504,4.375016,5.069834,10.02045
107,1980,13.263948,4.490007,5.024789,9.993663
107,1982,13.361558,4.61124,4.933586,10.007263
107,1983,13.840874,4.656915,4.902962,10.178679
107,1984,13.302994,4.661576,4.873721,10.083329
108,1976,3.767701,4.608484,4.965849,9.991504
108,1977,3.810753,4.552745,5.02073,10.024254
108,1978,3.47682,4.468811,5.026743,10.013345
108,1980,3.522202,4.537337,5.020154,9.987128
108,1981,3.169071,4.500783,4.927437,10.00238
108,1982,3.098373,4.37192,4.933417,10.100646
108,1983,3.07745,4.397393,4.932874,10.104859
108,1984,3.423948,4.361746,4.854806,10.108178
109,1976,8.696327,4.630174,4.913891,9.908054
109,1977,8.60983,4.505885,5.000685,9.911735
109,1978,8.782474,4.430558,5.049955,9.84374
109,1980,8.687113,4.582266,4.983183,10.038294
109,1981,8.904292,4.533703,4.873688,10.00571
109,1982,8.749488,4.374569,4.83823,9.852984
109,1983,9.072446,4.340488,5.030576,9.885622
109,1984,8.619659,4.293406,4.954842,9.903736
110,1976,8.272745,4.521598,5.006126,10.021726
110,1977,8.429934,4.388624,4.95009,10.019761
110,1978,8.208292,4.456873,4.906785,10.065435
110,1979,8.375866,4.575535,4.940014,10.098526
110,1980,8.11531,4.58758,5.100284,10.11572
110,1981,8.081717,4.655424,5.122731,10.157776
110,1983,8.290501,4.427285,5.053703,9.993596
110,1984,8.62953,4.516784,5.088283,9.992407
111,1976,10.025067,4.46594,5.087026,10.114322
111,1977,9.474521,4.402942,5.113655,10.218455
111,1978,9.675232,4.397735,5.216283,10.21857
111,1979,9.565018,4.413438,5.259719,10.234384
111,1980,9.765097,4.439661,5.236537,10.228805
111,1981,9.780234,4.398227,5.199681,10.168694
111,1982,9.082643,4.293024,5.25439,10.122245
111,1983,9.087686,4.306153,5.249962,10.154967
111,1984,9.221492,4.458283,5.246059,10.14635
112,1976,5.213046,4.601415,5.011713,10.061015
112,1977,5.065366,4.597811,5.005877,10.123267
112,1978,5.217956,4.588294,4.94465,10.148039
112,1980,4.640756,4.497167,5.055421,10.141721
112,1981,5.330287,4.506026,5.034257,10.100983
112,1983,5.665516,4.396977,5.111313,10.106192
112,1984,5.950518,4.539669,5.013414,10.085764
113,1976,6.861303,4.242741,5.185611,9.785973
113,1977,7.502121,4.16304,5.249349,9.830081
113,1978,7.553192,4.129059,5.138979,9.887058
113,1980,7.332884,4.094512,5.072065,9.906686
113,1981,7.043317,4.125431,5.16056,9.996718
113,1982,7.396328,4.325857,5.097055,9.903243
113,1983,7.478641,4.338866,4.945791,9.878433
113,1984,7.435695,4.286186,4.934715,9.960927
114,1976,5.468857,4.422385,4.987959,10.122114
114,1977,5.612062,4.396775,5.083265,10.01716
114,1978,5.438461,4.307275,5.14538,9.95889
114,1981,5.364953,4.496612,5.238158,10.003369
114,1982,5.202805,4.436068,5.164289,10.047445
114,1983,4.964256,4.341484,5.12733,9.998301
114,1984,5.197317,4.445398,5.093221,9.974968
115,1976,8.184739,4.325543,5.146802,9.965061
115,1977,7.926757,4.385747,5.068726,9.923634
115,1978,7.943617,4.336664,5.031178,10.034138
115,1979,7.967605,4.274108,5.010359,9.939569
115,1980,8.293751,4.292037,4.900475,9.974905
115,1981,7.954443,4.436221,4.823801,9.968523
115,1982,8.032627,4.334446,4.79458,9.898225
115,1983,7.754385,4.218559,4.822589,9.860037
115,1984,7.627433,4.348056,4.826799,9.883494
116,1976,8.735115,4.776897,5.310809,10.02886
116,1977,8.635327,4.752205,5.327366,10.084926
116,1978,8.601329,4.829591,5.274986,9.996055
116,1979,8.673276,4.829106,5.189584,9.950534
116,1980,9.071535,4.747421,5.186829,9.902646
116,1981,8.291725,4.621686,5.190475,9.876586
116,1982,8.40199,4.486665,5.251667,9.92435
116,1983,8.549436,4.43138,5.226919,9.875911
116,1984,8.669383,4.420587,5.170333,9.896618
117,1976,8.496532,4.504142,5.123516,10.047701
117,1977,8.956957,4.480008,5.034263,10.11921
117,1980,9.108775,4.61228,4.9966,10.13499
117,1981,9.510203,4.583365,5.004161,10.173671
117,1982,9.090558,4.518266,5.108812,10.183565
117,1984,8.765969,4.466421,5.182307,10.196586
118,1976,7.629541,4.384335,5.107955,10.056777
118,1977,7.844883,4.32285,5.126011,9.99728
118,1978,7.782711,4.390105,5.183649,10.02621
118,1979,8.124038,4.358041,5.122453,10.051351
118,1980,8.112546,4.255008,5.057168,10.08694
118,1981,7.776721,4.262221,5.126455,10.140969
118,1982,8.040982,4.285531,5.092641,10.0435
118,1983,8.111536,4.437239,5.101669,10.074195
118,1984,8.081575,4.588334,5.202036,9.999605
119,1976,9.008306,4.296836,4.799751,9.93762
119,1977,9.252584,4.382008,4.743059,9.924515
119,1978,8.926453,4.422662,4.805772,9.906799
119,1979,8.810559,4.459607,4.932443,9.906432
119,1980,9.045513,4.460823,5.027736,9.860891
119,1981,8.558327,4.468551,5.024178,9.815245
119,1982,8.952691,4.537026,5.019681,9.765928
119,1984,9.716805,4.729692,5.003573,9.75108
120,1976,9.167743,4.564436,5.124585,10.066551
120,1977,9.039295,4.692507,5.090236,10.011988
120,1978,8.92653,4.535868,5.060765,9.988825
120,1979,9.088982,4.471616,5.070633,9.945664
120,1980,9.081373,4.491996,5.107348,9.94766
120,1981,9.081698,4.596647,5.030465,9.939377
120,1983,8.596834,4.377242,5.028565,10.022207
120,1984,9.138035,4.35707,5.037404,10.011622
121,1976,9.371096,4.540704,4.937595,9.979341
121,1977,9.37498,4.50905,4.965998,10.018354
121,1978,9.15105,4.5561,5.043894,10.073895
121,1979,9.127336,4.550171,5.027881,10.006338
121,1981,9.339106,4.558319,5.077594,9.99054
121,1982,9.519028,4.531716,5.142973,9.99843
121,1983,9.510115,4.44427,5.186403,9.983596
121,1984,9.440724,4.501785,5.165937,9.966468
122,1976,8.412017,4.214212,5.049787,10.034846
122,1977,8.528728,4.135436,5.054791,10.155843
122,1979,8.298355,4.298779,5.034371,10.051993
122,1980,8.362968,4.309514,5.014935,10.1016
122,1981,7.983018,4.320257,5.014006,10.082704
122,1982,7.972933,4.452496,5.044006,10.058669
122,1983,8.423236,4.548359,5.094126,9.946999
122,1984,8.671061,4.613108,5.086526,9.959241
123,1976,4.813874,4.311564,4.99897,10.082519
123,1977,4.902768,4.182265,4.981755,10.08336
123,1979,4.884113,4.379662,4.854065,10.062
123,1980,4.605697,4.325662,4.696635,10.035087
123,1981,4.732966,4.3965,4.805257,10.112551
123,1982,5.162189,4.457906,4.786633,10.055649
123,1984,4.78804,4.526779,4.823693,10.09515
124,1976,6.400127,4.550414,5.057182,10.183164
124,1977,6.448821,4.465803,5.110745,10.144499
124,1978,6.312873,4.566694,5.068535,10.065069
124,1981,6.96471,4.567721,5.155486,10.040198
124,1982,6.89289,4.501907,5.099616,10.018672
124,1983,6.744348,4.498704,5.083726,10.030903
124,1984,7.278525,4.489559,5.055533,10.129121
125,1976,9.411128,4.439159,5.362511,10.036443
125,1977,9.528231,4.636022,5.358494,10.058812
125,1979,9.705943,4.781194,5.274052,9.969181
125,1980,9.758506,4.676029,5.241549,10.08545
125,1981,9.801031,4.728058,5.185462,9.999065
125,1983,9.317131,4.742413,5.194047,9.98574
125,1984,9.665659,4.639055,5.165426,9.967588
126,1976,6.435628,4.602754,5.085345,10.012921
126,1977,6.782444,4.727483,4.991717,10.041373
126,1978,6.756936,4.703024,4.931602,10.005134
126,1979,6.507479,4.636468,4.928488,9.988595
126,1980,6.84561,4.694235,4.972812,10.047108
126,1981,6.606315,4.670023,4.964169,10.053382
126,1982,6.453844,4.683966,4.872536,10.054918
126,1984,5.846284,4.558513,4.924155,9.990746
127,1976,6.349697,4.520254,4.722222,9.917397
127,1978,5.684113,4.366557,4.633117,9.876632
127,1979,6.13566,4.276985,4.670417,9.876084
127,1980,5.523585,4.251724,4.647475,9.838153
127,1981,5.691663,4.206796,4.641079,9.872978
127,1982,5.61618,4.266376,4.600513,9.871422
127,1983,5.690147,4.315502,4.680952,9.823343
127,1984,6.247476,4.403052,4.65798,9.684092
128,1976,8.523336,4.387591,4.740293,9.874035
128,1977,8.195165,4.400221,4.806724,9.973267
128,1978,8.332111,4.433848,4.871318,9.943306
128,1979,8.579596,4.575122,4.868567,9.917827
128,1980,8.602861,4.515971,4.991079,10.007822
128,1981,8.683465,4.382768,4.972935,10.015131
128,1982,8.938261,4.460586,4.945651,9.950608
128,1983,9.105325,4.404156,4.862377,10.001134
128,1984,8.997423,4.418568,4.942206,9.997287
129,1976,8.556754,4.420727,4.718498,10.125851
129,1977,8.596936,4.527902,4.77846,10.094126
129,1978,8.214511,4.368691,4.857412,10.107933
129,1980,7.997619,4.513374,4.726022,10.170901
129,1981,7.88352,4.401455,4.788389,10.166786
129,1983,7.662194,4.62807,4.706811,10.159095
129,1984,7.652889,4.629774,4.653546,10.179765
130,1976,9.81004,4.433099,5.278574,9.994799
130,1977,9.636607,4.318462,5.296321,9.990238
130,1980,10.195061,4.420822,5.369496,10.006755
130,1981,10.301878,4.475877,5.377282,10.041524
130,1982,9.864104,4.516245,5.41127,9.940766
130,1983,9.790408,4.460435,5.304049,9.910364
130,1984,9.78019,4.432962,5.180025,9.889718
131,1976,9.079228,4.38869,4.930404,9.895045
131,1978,8.926943,4.474157,4.908245,9.97578
131,1981,9.056655,4.471512,4.859535,9.87369
131,1983,9.448647,4.493811,5.038098,9.904132
131,1984,9.259131,4.466558,5.040036,9.880483
132,1976,7.710259,4.702444,4.877529,9.778182
132,1977,7.878716,4.665288,4.816348,9.682624
132,1978,7.871761,4.694683,4.834952,9.719331
132,1979,7.682316,4.560374,4.893004,9.763802
132,1980,7.942286,4.605804,4.985904,9.775274
132,1981,7.752167,4.588316,4.981971,9.74142
132,1982,7.781489,4.416891,4.950552,9.800505
132,1983,7.283242,4.310324,4.936008,9.804446
132,1984,7.516516,4.307329,4.869539,9.845802
133,1976,8.595842,4.580184,5.125182,9.883441
133,1977,8.797113,4.69354,5.052505,9.891042
133,1978,8.953005,4.748764,5.061632,9.74689
133,1980,8.491701,4.605234,5.082541,9.799178
133,1981,8.201413,4.502813,5.117486,9.868631
133,1982,8.039434,4.529338,5.128943,9.874122
133,1983,8.70995,4.511905,5.190132,9.848951
133,1984,8.716232,4.330038,5.110386,9.907454
134,1976,2.864766,4.58026,5.369462,9.879124
134,1977,3.067965,4.512444,5.306839,9.912886
134,1978,2.717849,4.565813,5.308981,9.931122
134,1979,2.886573,4.585655,5.266564,9.908662
134,1980,2.578972,4.518505,5.259216,9.932931
134,1981,2.681657,4.443858,5.218392,9.947826
134,1982,2.650532,4.502059,5.194355,9.841117
134,1983,2.605938,4.57698,5.217929,9.834697
134,1984,2.599473,4.495246,5.197059,9.845619
135,1976,6.964111,4.607316,4.648297,10.117111
135,1978,6.69891,4.630941,4.723303,10.070874
135,1979,6.74297,4.664956,4.597954,10.12369
135,1980,6.568702,4.753419,4.586389,10.127144
135,1981,6.773168,4.724934,4.708647,10.132555
135,1982,6.900479,4.666368,4.771949,10.080707
135,1983,6.759934,4.680603,4.705748,10.106103
135,1984,7.0167,4.68203,4.860432,10.116179
136,1976,8.242035,4.484084,5.116497,10.08906
136,1977,8.512447,4.460763,5.118867,10.192637
136,1978,8.456931,4.431168,5.091583,10.089271
136,1979,8.258303,4.531359,5.07196,10.029832
136,1980,8.619923,4.537401,5.029315,10.038243
136,1981,8.286747,4.406113,4.958468,9.995411
136,1982,8.164596,4.363142,4.926661,9.975097
136,1983,8.482873,4.236519,4.955293,9.999533
136,1984,8.068924,4.290106,5.029381,10.012635
137,1976,3.972671,4.518073,5.21682,9.907485
137,1977,4.022445,4.483051,5.283838,9.880557
137,1978,4.023302,4.523779,5.185484,9.889734
137,1979,4.032904,4.435294,5.193768,9.77127
137,1980,3.872302,4.541008,5.209844,9.867942
137,1981,3.608625,4.55079,5.217872,9.881951
137,1982,3.725317,4.590284,5.26008,9.918561
137,1983,3.902229,4.655893,5.22635,9.951074
137,1984,4.276967,4.505529,5.217693,9.916098
138,1976,7.689003,4.671448,5.015179,9.891878
138,1977,7.97226,4.622055,5.020173,9.897944
138,1979,7.7018,4.630262,5.070262,9.976413
138,1981,7.836827,4.62881,4.985948,10.014549
138,1984,7.890983,4.741318,5.094623,10.01094
139,1976,9.240303,4.415541,4.85016,9.854904
139,1977,9.269872,4.464212,4.869283,9.838382
139,1978,9.271355,4.531237,4.972645,9.880697
139,1979,8.673858,4.640113,4.917938,9.861089
139,1980,8.973785,4.600237,4.797281,9.831895
139,1981,9.160478,4.668066,4.6973,9.898371
139,1982,8.945994,4.600955,4.690022,9.929611
139,1983,8.871623,4.569916,4.72841,9.938696
139,1984,8.763666,4.543806,4.724565,9.968083
140,1976,10.191063,4.503568,4.868205,10.215128
140,1977,10.702506,4.703465,5.002688,10.225236
140,1978,10.77515,4.82473,4.970456,10.247537
140,1979,10.452318,4.762027,5.049439,10.260734
140,1980,10.571388,4.610457,5.040497,10.307006
140,1981,10.542202,4.467385,5.116136,10.264851
140,1982,10.317295,4.55287,5.071794,10.225131
140,1983,10.973319,4.6021,5.00427,10.188447
140,1984,10.250553,4.635848,4.972751,10.21135
