country,year,lgdp,inv,school,popgrowth
1,2000,22.65339,16.3427,8.897,1.716
1,2001,22.675367,17.8316,8.8323,1.7153
1,2002,22.644432,18.1009,8.9189,1.7998
1,2003,21.962612,15.1007,9.1143,1.587
1,2004,21.62456,16.3736,9.098,1.5684
1,2005,21.546013,18.0789,9.3758,1.6554
1,2006,21.167931,14.9561,9.6488,1.5866
1,2007,21.116506,16.8218,9.6712,1.7633
1,2008,20.611348,13.7397,9.7509,1.5583
1,2009,20.15524,13.6311,9.6699,1.6406
1,2010,19.92502,14.3721,9.9876,1.6223
1,2011,19.737764,15.3728,10.3033,1.5791
1,2012,20.024249,15.6903,10.4246,1.672
1,2013,20.323477,18.0983,10.6569,1.6701
1,2014,20.878141,19.3244,10.7058,1.6569
1,2015,21.124883,19.2371,10.6628,1.889
1,2016,21.672931,19.8551,10.8422,2.13
1,2017,21.684843,17.8502,10.5804,1.9889
1,2018,21.736885,17.8105,10.4949,1.9606
1,2019,21.809577,17.3415,10.5096,1.8129
2,2000,20.022726,15.5719,8.7753,1.752
2,2001,19.607468,14.535,9.1459,1.8149
2,2002,19.363889,13.9059,9.4699,1.6904
2,2003,19.396893,17.5966,9.491,1.8047
2,2004,19.997099,18.3003,9.546,1.939
2,2005,20.448306,19.3385,9.7516,1.9488
2,2006,20.918433,18.1228,9.6057,1.9238
2,2007,20.987838,17.083,9.7063,2.081
2,2008,20.885407,15.3725,10.024,2.177
2,2009,20.80008,15.3526,10.0751,1.9832
2,2010,20.874518,16.9817,9.9108,1.9972
2,2011,21.219506,19.2086,9.6879,1.9704
2,2012,21.036874,16.6806,9.5676,2.061
2,2013,20.588617,13.5981,9.6242,2.1756
2,2014,20.285762,15.8077,9.5629,1.9197
2,2015,19.952587,15.2402,9.5292,2.2365
2,2016,20.020549,16.4009,9.469,1.8527
2,2017,20.212707,17.7327,9.449,1.7526
2,2018,20.612168,19.5194,9.6007,2.1127
2,2019,20.871642,18.8819,9.4588,2.1569
3,2000,29.739546,22.3006,13.3473,0.2291
3,2001,30.215334,23.1007,13.4888,0.5137
3,2002,30.619808,23.2764,13.798,0.4238
3,2003,31.279091,24.4093,13.7998,0.5824
3,2004,32.057091,25.5571,13.7828,0.4951
3,2005,32.614983,25.6014,13.9847,0.4515
3,2006,32.863208,24.0065,14.0,0.2648
3,2007,32.983012,24.117,14.0,0.1926
3,2008,33.073745,23.1545,14.0,0.3399
3,2009,33.60931,26.3818,14.0,0.462
3,2010,33.83676,23.5475,14.0,0.4238
3,2011,34.06179,25.6027,14.0,0.3211
3,2012,34.497617,26.7281,14.0,0.1477
3,2013,34.698424,25.903,14.0,0.261
3,2014,35.043943,27.5652,14.0,0.3473
3,2015,35.716741,29.343,14.0,0.4366
3,2016,36.17141,28.6704,14.0,0.3921
3,2017,37.199109,31.2988,14.0,0.5909
3,2018,37.523184,31.2421,14.0,0.4261
3,2019,37.714338,27.0397,14.0,0.2882
4,2000,38.097825,25.3416,14.0,0.2675
4,2001,37.672594,23.8451,14.0,0.4017
4,2002,37.056569,23.4169,14.0,0.0873
4,2003,36.700658,23.7203,14.0,0.0119
4,2004,36.123157,22.0281,14.0,0.1842
4,2005,35.748582,22.2565,14.0,0.1432
4,2006,35.501516,22.9684,14.0,-0.0008
4,2007,35.024359,21.4431,14.0,0.1568
4,2008,34.761726,22.508,14.0,0.1306
4,2009,34.629202,23.3102,14.0,0.127
4,2010,34.938132,25.2379,14.0,-0.1527
4,2011,34.980148,25.4485,14.0,0.0449
4,2012,35.019084,24.8035,14.0,-0.056
4,2013,34.949547,24.4725,14.0,-0.2363
4,2014,35.153253,25.5917,14.0,-0.4383
4,2015,35.807806,26.8924,14.0,-0.4494
4,2016,36.134954,26.4861,14.0,-0.1924
4,2017,36.232147,25.5099,14.0,-0.2595
4,2018,36.140322,25.501,14.0,-0.5
4,2019,35.702532,22.892,14.0,-0.5
5,2000,34.280628,25.2957,13.8397,0.8863
5,2001,34.496521,26.4217,13.8429,0.9556
5,2002,34.800581,26.7164,13.8857,0.9199
5,2003,35.145975,26.461,13.75,1.0242
5,2004,35.313687,26.0766,13.7789,0.9779
5,2005,35.08019,24.2369,14.0,0.867
5,2006,34.946599,24.5188,14.0,0.7293
5,2007,34.688813,25.4761,13.9873,0.8103
5,2008,34.602793,23.3547,14.0,0.8524
5,2009,34.97615,25.875,14.0,0.6331
5,2010,35.069997,25.871,14.0,0.4851
5,2011,35.325937,27.0464,13.9288,0.3322
5,2012,35.189746,26.3807,14.0,0.5074
5,2013,35.479109,27.9179,14.0,0.6938
5,2014,35.396637,26.1,14.0,0.6878
5,2015,35.364293,26.2936,14.0,0.547
5,2016,34.69648,21.7404,14.0,0.5788
5,2017,34.550916,24.315,14.0,0.7793
5,2018,34.793156,25.8355,14.0,0.7281
5,2019,35.139061,26.9921,14.0,0.7709
6,2000,34.515225,24.4655,13.5305,0.9704
6,2001,34.512865,23.8565,13.5483,1.108
6,2002,33.969714,21.2056,13.5539,0.9785
6,2003,33.82021,22.6432,13.4646,1.0001
6,2004,33.559549,22.0964,13.1983,0.9179
6,2005,33.383579,22.1215,13.3739,1.1428
6,2006,33.307478,22.2745,13.755,0.8169
6,2007,33.210507,22.6983,13.4414,0.7409
6,2008,33.495409,25.425,13.5711,0.6873
6,2009,33.988848,26.9589,13.7287,0.9694
6,2010,34.462432,25.9444,13.7907,0.9148
6,2011,34.090583,22.8636,13.9373,0.9926
6,2012,34.28073,26.088,13.9893,0.9276
6,2013,34.368493,25.8172,14.0,0.9217
6,2014,34.647643,26.4354,14.0,0.6811
6,2015,34.950698,26.084,14.0,0.7768
6,2016,35.047582,26.2143,14.0,0.8917
6,2017,35.701841,28.3847,14.0,0.8392
6,2018,36.399132,29.6418,14.0,0.6758
6,2019,36.803949,27.5613,14.0,0.7667
7,2000,34.700789,24.2898,14.0,0.3068
7,2001,34.476595,23.8419,14.0,0.3383
7,2002,34.23292,24.3089,14.0,0.2769
7,2003,34.206474,24.8284,14.0,0.4171
7,2004,34.528003,26.154,14.0,0.5189
7,2005,34.457428,25.4256,14.0,0.4681
7,2006,34.243766,23.5562,14.0,0.5553
7,2007,34.037662,24.7387,14.0,0.4948
7,2008,34.391045,27.2904,14.0,0.6971
7,2009,34.873428,27.9188,14.0,0.7573
7,2010,35.103966,26.9229,14.0,0.7421
7,2011,34.896894,24.8442,14.0,0.4238
7,2012,34.628009,24.3494,14.0,0.5701
7,2013,34.631907,25.1985,14.0,0.57
7,2014,34.464222,24.7695,14.0,0.7131
7,2015,34.501498,24.8989,14.0,0.7004
7,2016,34.675794,25.5272,14.0,0.8676
7,2017,34.715577,25.4332,14.0,0.8612
7,2018,35.109981,26.9246,14.0,0.8532
7,2019,35.058701,25.9033,14.0,0.5698
8,2000,34.607543,24.506,13.6087,0.7673
8,2001,34.882698,26.2611,13.9193,0.8457
8,2002,35.094858,25.3439,13.9631,0.8511
8,2003,35.445315,27.4327,13.8565,0.811
8,2004,35.706426,26.8844,13.9544,0.4641
8,2005,35.672748,25.1699,14.0,0.551
8,2006,35.795105,25.5898,14.0,0.5954
8,2007,35.806529,25.0987,14.0,0.0798
8,2008,35.938287,26.1438,14.0,0.2883
8,2009,36.565611,28.3179,14.0,0.2788
8,2010,37.315592,30.698,14.0,0.284
8,2011,37.708089,29.9925,14.0,0.3109
8,2012,37.904304,30.018,14.0,0.3667
8,2013,38.414062,30.767,14.0,0.4844
8,2014,38.559628,29.1698,14.0,0.4911
8,2015,39.069657,30.2656,14.0,0.3188
8,2016,38.754425,27.7249,14.0,0.6548
8,2017,39.026823,29.8313,14.0,0.9489
8,2018,38.964386,29.1082,14.0,0.8889
8,2019,38.871254,27.8844,14.0,0.8276
9,2000,19.568091,17.9134,9.7064,2.0639
9,2001,19.740142,18.8182,9.807,2.0765
9,2002,19.979975,18.3275,9.8736,1.7646
9,2003,20.220641,18.2341,10.1171,1.6883
9,2004,20.06173,17.7639,9.7162,1.7504
9,2005,20.100427,18.211,9.5755,1.51
9,2006,20.105103,18.5283,9.6,1.391
9,2007,20.09732,17.3758,9.5222,1.2265
9,2008,19.903651,16.625,9.5782,1.2397
9,2009,19.8862,17.8947,9.6332,1.2014
9,2010,20.075886,19.3851,9.9395,1.4406
9,2011,20.57821,21.2601,9.7373,1.5588
9,2012,20.748864,20.3764,9.6957,1.6137
9,2013,20.892212,19.3851,9.6843,1.8577
9,2014,20.936147,19.1556,9.625,2.034
9,2015,20.673452,18.7497,9.7555,2.1068
9,2016,20.831747,20.0325,9.9169,2.2062
9,2017,21.321771,20.9886,10.1408,2.0406
9,2018,21.447088,20.5758,10.1721,1.991
9,2019,22.122615,22.955,10.1924,1.8699
10,2000,34.295216,22.8832,14.0,0.912
10,2001,34.354571,24.9808,14.0,0.84
10,2002,34.699312,27.5358,14.0,0.6802
10,2003,35.431657,30.5626,14.0,0.8338
10,2004,35.684315,27.7852,14.0,0.9288
10,2005,35.737878,27.2244,14.0,0.8963
10,2006,36.131941,27.1128,14.0,0.7165
10,2007,36.168321,27.0831,14.0,0.7257
10,2008,35.952599,25.013,14.0,0.3829
10,2009,35.390257,22.8009,14.0,0.3666
10,2010,34.8652,22.938,14.0,0.3004
10,2011,34.235301,22.1394,14.0,0.1599
10,2012,33.916544,23.0835,14.0,0.1038
10,2013,33.627952,22.999,14.0,0.0806
10,2014,33.641981,23.6966,14.0,-0.0371
10,2015,33.856282,26.058,14.0,0.2678
10,2016,34.014526,25.4225,14.0,0.1778
10,2017,34.238239,25.6156,14.0,0.0487
10,2018,34.300152,25.436,14.0,0.1765
10,2019,34.250043,24.2833,14.0,0.0792
11,2000,33.372372,25.1419,13.9178,0.5881
11,2001,33.848965,26.3177,13.9313,0.5276
11,2002,34.32571,27.3077,14.0,0.4411
11,2003,34.426182,25.0669,13.943,0.4504
11,2004,34.594281,25.6863,14.0,0.4528
11,2005,34.919113,27.3094,14.0,0.4459
11,2006,34.932426,26.4933,14.0,0.3526
11,2007,35.095766,26.2301,14.0,0.1751
11,2008,35.473585,27.4529,14.0,0.1749
11,2009,35.445766,26.2316,14.0,0.095
11,2010,35.442285,26.365,14.0,0.0372
11,2011,35.512775,25.6675,14.0,0.3504
11,2012,35.455589,26.0461,14.0,0.386
11,2013,35.068325,22.9683,14.0,0.4782
11,2014,34.598568,23.4094,14.0,0.3618
11,2015,34.259312,22.8653,14.0,0.1946
11,2016,34.134376,22.9299,14.0,0.0975
11,2017,33.875059,23.2985,14.0,0.1441
11,2018,33.574963,22.4419,14.0,-0.0604
11,2019,33.336304,22.2844,14.0,-0.0549
12,2000,21.264092,19.5102,8.7747,2.6433
12,2001,21.352769,18.0478,8.8964,2.4785
12,2002,20.971432,17.5198,8.8198,2.4783
12,2003,20.580319,15.5308,8.9096,2.3459
12,2004,20.292973,16.0965,8.9448,2.2787
12,2005,20.558935,18.514,8.9454,2.5761
12,2006,20.929781,21.5274,8.9203,2.5911
12,2007,21.401772,20.9082,9.1521,2.5052
12,2008,21.460055,20.1407,9.1856,2.4257
12,2009,21.425448,18.2759,9.3138,2.4688
12,2010,21.139203,16.0962,9.5203,2.5612
12,2011,21.021945,17.4622,9.7706,2.6162
12,2012,21.197858,18.7296,10.0058,2.3412
12,2013,21.388022,18.1707,10.0117,2.1185
12,2014,21.411465,18.0526,10.0779,2.5171
12,2015,21.570013,19.8851,10.149,2.1038
12,2016,21.724423,20.0413,10.416,2.3903
12,2017,21.891662,19.4616,10.6555,2.3721
12,2018,22.126598,19.2686,10.4945,2.5473
12,2019,22.164314,19.0482,10.3266,2.4234
13,2000,33.868982,25.3612,13.2822,0.2603
13,2001,33.864014,23.9433,13.3088,0.2431
13,2002,33.815383,23.959,13.3672,0.3972
13,2003,34.309284,26.474,13.4094,0.223
13,2004,34.658545,25.4639,13.5805,0.2715
13,2005,35.58888,29.7401,13.7871,0.3123
13,2006,36.087653,28.7034,14.0,0.3441
13,2007,36.07769,25.486,14.0,0.3515
13,2008,36.188782,25.7408,14.0,0.2974
13,2009,36.271424,26.3842,14.0,0.3452
13,2010,36.130019,24.2674,14.0,0.4204
13,2011,35.601255,22.8234,14.0,0.3711
13,2012,35.221481,22.6581,14.0,0.4625
13,2013,34.80793,22.447,14.0,0.1699
13,2014,34.715507,23.1343,14.0,0.5877
13,2015,34.617187,22.6927,14.0,0.5982
13,2016,34.376891,22.3424,14.0,0.4824
13,2017,34.348248,22.1598,14.0,0.6121
13,2018,34.203058,22.5339,14.0,0.4778
13,2019,33.923142,20.7615,14.0,0.5842
14,2000,20.196753,19.959,9.5341,1.9383
14,2001,20.239277,19.037,9.5909,1.6619
14,2002,20.298371,18.6631,9.6018,1.8201
14,2003,20.69411,20.9277,9.5729,2.1751
14,2004,21.382278,22.4245,9.8285,2.0038
14,2005,21.734479,21.7139,9.9293,2.069
14,2006,21.78009,20.3578,9.8091,1.8657
14,2007,21.637148,18.3753,9.6508,1.6461
14,2008,21.207878,16.3563,9.8822,1.6428
14,2009,20.61363,16.0445,10.0376,1.6889
14,2010,20.427571,17.2676,10.4617,1.7101
14,2011,20.357628,17.1154,10.3965,2.141
14,2012,20.402146,18.2073,10.4823,2.2991
14,2013,20.832846,20.0543,10.5994,2.0995
14,2014,20.736854,16.4213,10.5217,2.1367
14,2015,20.568631,17.1481,10.6933,2.1537
14,2016,20.381398,17.1296,10.7255,2.0787
14,2017,20.20664,18.0373,10.7008,1.9996
14,2018,20.185269,16.8399,10.6498,2.2183
14,2019,19.87171,16.5838,10.7146,2.0949
15,2000,33.823833,24.4437,13.223,0.6476
15,2001,33.757997,23.337,13.2625,0.6473
15,2002,33.775766,21.5597,13.3704,0.5154
15,2003,34.052258,24.6183,13.2885,0.4697
15,2004,34.203355,25.0378,13.3323,0.5422
15,2005,34.848675,26.4901,13.3535,0.6083
15,2006,35.114835,27.1759,13.6286,0.571
15,2007,35.42238,25.6971,13.8642,0.5367
15,2008,35.564737,25.9875,13.7722,0.2398
15,2009,36.117841,27.179,13.9378,0.5575
15,2010,36.395954,25.8514,14.0,0.4976
15,2011,35.997828,22.4949,13.9707,0.4134
15,2012,36.115174,25.6299,13.8687,0.176
15,2013,36.000874,23.4436,13.6778,-0.1595
15,2014,35.73341,22.7292,13.9933,-0.0359
15,2015,35.411,22.9395,13.867,-0.0079
15,2016,35.48507,25.0545,13.9572,0.3609
15,2017,35.669924,24.9215,13.7983,0.3692
15,2018,35.632721,25.5981,13.7157,0.3268
15,2019,35.584987,24.8791,13.9015,0.2903
16,2000,36.638173,23.1737,14.0,0.4815
16,2001,36.499667,22.7501,14.0,0.674
16,2002,36.602358,24.0026,14.0,0.9515
16,2003,36.117423,21.5783,14.0,0.963
16,2004,35.852428,21.3582,14.0,0.8292
16,2005,35.816604,23.3694,14.0,0.9526
16,2006,36.138789,25.3884,14.0,1.1437
16,2007,36.629785,25.9285,14.0,1.1623
16,2008,37.100181,27.8904,14.0,1.2518
16,2009,37.254312,26.2724,14.0,1.3763
16,2010,37.215858,25.4782,14.0,1.2155
16,2011,37.793229,27.8527,14.0,1.2755
16,2012,37.933339,25.8894,14.0,1.4515
16,2013,37.793916,23.2143,14.0,1.3346
16,2014,37.572014,23.8761,14.0,1.3554
16,2015,37.523694,24.318,14.0,0.9494
16,2016,37.537955,23.427,14.0,0.8141
16,2017,37.934209,27.1762,14.0,0.556
16,2018,38.46345,27.909,14.0,0.7637
16,2019,38.621385,26.1788,14.0,1.0485
17,2000,34.815044,26.3664,14.0,1.1801
17,2001,34.641452,25.7013,14.0,1.1618
17,2002,34.42327,23.9995,14.0,1.2083
17,2003,34.460883,25.8514,14.0,1.1188
17,2004,34.718443,26.3865,14.0,1.0999
17,2005,34.781224,26.3501,14.0,1.1234
17,2006,35.00138,26.1648,14.0,0.8856
17,2007,35.068651,27.6394,14.0,0.796
17,2008,35.252639,27.706,14.0,0.8448
17,2009,35.434112,26.6134,14.0,0.7898
17,2010,35.459892,26.3925,14.0,0.8567
17,2011,35.620205,26.822,14.0,0.9483
17,2012,35.423612,24.1961,14.0,0.7349
17,2013,35.191329,23.9131,14.0,0.7052
17,2014,34.655896,22.0608,14.0,0.7838
17,2015,34.436743,24.0121,14.0,0.9921
17,2016,33.883463,22.1328,14.0,0.9472
17,2017,33.743384,24.3307,14.0,0.8974
17,2018,33.840455,25.4265,14.0,1.0001
17,2019,34.184969,26.2208,14.0,0.695
18,2000,37.593014,28.1618,14.0,0.1051
18,2001,37.233043,24.7067,14.0,0.0888
18,2002,37.068344,24.8958,14.0,0.0289
18,2003,36.497051,22.0456,14.0,0.3489
18,2004,36.01845,21.6352,14.0,0.3859
18,2005,35.359105,20.7844,14.0,0.3559
18,2006,34.776538,21.9117,14.0,0.3591
18,2007,34.198405,18.9711,14.0,0.5658
18,2008,33.815553,20.9521,14.0,0.6263
18,2009,33.43128,21.8949,14.0,0.7532
18,2010,33.392907,22.0566,13.9822,0.7334
18,2011,33.524297,23.9875,14.0,0.7721
18,2012,34.300575,27.0025,14.0,0.6556
18,2013,34.43783,23.8768,13.9925,0.4523
18,2014,34.880882,25.7758,13.9636,0.5088
18,2015,35.435272,27.834,14.0,0.6422
18,2016,35.4746,26.1617,14.0,0.7659
18,2017,35.548766,25.9026,14.0,0.6062
18,2018,35.458961,24.4027,14.0,0.4018
18,2019,35.700577,24.8933,14.0,0.4825
19,2000,35.473045,23.9542,14.0,0.8163
19,2001,35.127384,23.3918,14.0,0.7254
19,2002,34.975351,24.5127,14.0,0.5677
19,2003,34.863598,25.6279,14.0,0.4998
19,2004,34.87249,25.5327,14.0,0.5441
19,2005,34.795959,23.9612,14.0,0.4586
19,2006,34.755082,23.9968,14.0,0.257
19,2007,34.563502,22.3315,14.0,0.3197
19,2008,34.146422,21.6065,14.0,0.1945
19,2009,34.231724,23.9897,14.0,0.3096
19,2010,33.711664,21.1548,14.0,0.5581
19,2011,33.659717,22.5184,14.0,0.7228
19,2012,33.451663,21.3917,14.0,0.8423
19,2013,33.390343,23.1786,14.0,0.7069
19,2014,33.278542,21.8403,14.0,0.8854
19,2015,33.381706,24.574,14.0,0.5653
19,2016,33.293675,22.8934,14.0,0.471
19,2017,33.008007,21.0012,14.0,0.6542
19,2018,32.946816,23.2534,14.0,0.4922
19,2019,32.811401,22.1969,14.0,0.2584
20,2000,18.888906,19.4984,8.4951,1.5179
20,2001,18.83913,18.4557,8.5258,1.4344
20,2002,18.95256,19.0826,8.6682,1.5884
20,2003,18.846116,18.6325,8.8291,1.4419
20,2004,19.049189,20.7872,8.9681,1.1768
20,2005,18.906902,18.2249,9.0022,1.2509
20,2006,18.62721,16.9597,9.1832,1.2193
20,2007,18.310966,18.8806,8.82,1.2497
20,2008,18.232645,18.1827,9.0857,1.401
20,2009,18.102006,16.6306,9.2334,1.3471
20,2010,18.115259,18.4407,9.2022,1.4046
20,2011,18.538312,19.1094,9.1904,1.301
20,2012,18.308403,16.853,9.1451,1.4388
20,2013,18.407753,18.3185,9.0808,1.7072
20,2014,18.544211,19.2085,9.0298,2.1644
20,2015,18.414073,18.0809,8.807,2.2185
20,2016,18.484106,18.6801,9.1381,2.0803
20,2017,18.49502,18.5515,9.4243,2.0042
20,2018,18.68623,19.2036,9.5112,2.078
20,2019,19.129108,21.6317,10.0614,1.9536
21,2000,16.990209,17.0643,9.6095,1.5621
21,2001,16.966415,18.0153,9.6899,1.5105
21,2002,17.389081,19.53,9.726,1.7271
21,2003,17.843545,19.7386,9.8437,1.5361
21,2004,18.437798,19.9265,9.981,1.7682
21,2005,19.253255,21.8664,10.19,1.8034
21,2006,19.540255,20.7355,10.215,1.7356
21,2007,19.546721,20.202,10.165,1.7795
21,2008,19.736714,19.3996,10.2933,2.0
21,2009,19.615057,18.2941,10.2075,1.9332
21,2010,20.014707,20.621,10.3421,1.9398
21,2011,20.066074,19.0312,10.1947,1.7069
21,2012,19.833795,18.6783,10.1078,1.9057
21,2013,19.683228,18.4164,10.2643,1.8791
21,2014,19.704166,17.8729,10.131,1.7404
21,2015,19.094607,16.1646,10.17,1.9008
21,2016,18.721945,17.4995,10.2452,1.9541
21,2017,18.504815,16.7021,10.3183,1.4813
21,2018,18.552121,18.5269,10.189,1.4303
21,2019,18.480402,16.7231,10.0669,1.3286
22,2000,22.35629,20.0842,8.7638,2.0463
22,2001,22.592338,20.9966,8.8317,2.0424
22,2002,22.787176,20.0175,8.9689,2.1171
22,2003,22.598198,18.8312,8.9983,2.0801
22,2004,22.704398,19.0221,8.7982,2.1594
22,2005,23.167082,22.2948,8.7246,2.2655
22,2006,23.452296,22.6909,8.6129,2.0955
22,2007,23.541846,21.6984,8.8283,2.2063
22,2008,23.397071,19.3191,8.8962,2.1333
22,2009,23.115004,17.8462,9.0413,2.1736
22,2010,23.005046,18.7092,9.3426,1.9197
22,2011,23.103952,20.9163,9.2939,1.76
22,2012,23.253918,20.9817,9.2592,2.0177
22,2013,23.401304,20.4951,9.2453,2.1413
22,2014,23.3772,20.3049,9.2504,1.7514
22,2015,23.403017,19.7059,8.987,1.7833
22,2016,23.007556,18.4152,8.7746,1.9287
22,2017,22.787945,18.9737,8.9221,1.7807
22,2018,22.715864,19.0698,8.8105,1.9466
22,2019,22.696303,19.2747,8.8877,1.8772
23,2000,36.034526,25.9305,13.8726,0.3799
23,2001,35.875641,25.3321,13.8357,0.5052
23,2002,36.181041,27.6489,13.9102,0.4369
23,2003,36.573208,27.5617,13.9837,0.3228
23,2004,36.709863,27.056,13.9967,0.116
23,2005,36.622622,26.1983,14.0,0.1058
23,2006,36.652784,26.3383,14.0,0.23
23,2007,36.715155,25.8772,14.0,-0.0036
23,2008,35.986759,23.9234,14.0,0.2333
23,2009,35.584529,23.9658,14.0,0.5231
23,2010,35.872863,26.1665,14.0,0.5527
23,2011,35.663478,24.0009,14.0,0.6613
23,2012,35.369744,23.988,14.0,0.7099
23,2013,34.917154,23.1446,14.0,0.7681
23,2014,34.504418,22.8317,14.0,0.9024
23,2015,34.085739,22.3394,14.0,0.9106
23,2016,34.106714,24.9811,14.0,0.8708
23,2017,34.216095,25.455,14.0,0.6545
23,2018,34.334141,25.2933,14.0,0.6315
23,2019,34.60303,26.0392,14.0,0.9435
24,2000,23.058091,19.5969,8.7974,1.4258
24,2001,23.287265,19.6605,9.1138,1.2914
24,2002,23.275572,18.8258,9.0927,1.555
24,2003,23.682402,20.6485,9.0609,1.4615
24,2004,24.148788,22.0779,9.2833,1.5091
24,2005,24.518927,20.981,9.3391,1.5711
24,2006,24.506435,20.2407,9.2498,1.4461
24,2007,24.147345,17.2401,9.3744,1.4707
24,2008,23.714543,16.843,9.1656,1.404
24,2009,23.657247,17.679,9.3146,1.4804
24,2010,23.609108,18.8641,9.2076,1.2859
24,2011,23.909315,18.8567,9.3171,1.5279
24,2012,24.153772,19.6705,9.3252,1.4866
24,2013,23.97125,18.3126,9.2849,1.4193
24,2014,23.631833,16.2645,9.2434,1.5367
24,2015,23.462097,17.4145,9.275,1.5682
24,2016,23.528812,18.8521,9.2337,1.4839
24,2017,24.185501,22.1169,9.1077,1.596
24,2018,24.6831,21.7435,9.0041,1.5508
24,2019,24.944892,21.7048,9.077,1.6006
25,2000,16.077135,17.9818,8.5622,1.648
25,2001,16.520792,17.3008,8.7446,1.4617
25,2002,17.124322,18.8904,8.8611,1.5132
25,2003,17.754249,21.1531,9.0188,1.6232
25,2004,18.476402,22.4553,8.9921,1.5783
25,2005,18.662453,18.8387,8.8539,1.6083
25,2006,18.664196,18.1138,9.0178,1.6793
25,2007,18.487132,16.8843,8.9449,1.6338
25,2008,18.557347,19.6944,9.0125,1.3823
25,2009,18.795596,19.9779,9.2855,1.5492
25,2010,18.714323,17.3856,9.3454,1.7431
25,2011,18.597847,17.3423,9.5618,1.922
25,2012,18.36825,16.6618,9.1751,1.9491
25,2013,17.966622,14.6843,9.2482,1.5989
25,2014,17.625508,14.4512,9.4065,1.798
25,2015,17.507431,16.472,9.7565,1.8814
25,2016,17.99502,19.3368,9.8535,1.8474
25,2017,18.590738,20.7939,9.7812,1.7531
25,2018,18.841848,20.0068,9.7632,1.8444
25,2019,19.33211,19.8549,9.9317,1.6823
26,2000,22.736667,17.3009,9.6257,1.8645
26,2001,22.370938,18.5867,9.4916,1.9144
26,2002,21.730153,18.0161,9.8939,2.2048
26,2003,21.368628,17.4748,9.7836,2.3023
26,2004,20.923635,18.0717,9.9111,2.3393
26,2005,21.068513,19.6051,10.0178,2.2159
26,2006,21.152267,19.4493,10.4124,2.1868
26,2007,21.218395,18.3619,10.3028,1.8429
26,2008,21.055005,18.5706,10.396,1.9798
26,2009,20.732899,16.8734,10.2952,1.9372
26,2010,20.074423,13.6472,10.2489,1.7009
26,2011,19.375827,13.0174,10.4189,1.7154
26,2012,18.760575,13.6894,10.5159,1.8166
26,2013,18.666059,15.8536,10.6946,1.8259
26,2014,18.979855,18.6554,10.9695,1.856
26,2015,19.647621,20.4976,10.7251,1.8611
26,2016,19.932477,19.9417,10.9931,1.5778
26,2017,20.122372,19.1148,11.2317,1.6401
26,2018,20.110332,17.9202,11.0223,1.6418
26,2019,19.993695,16.5066,11.2203,1.9118
27,2000,36.467028,24.2828,14.0,0.3268
27,2001,36.419897,24.2601,14.0,0.0888
27,2002,36.14983,23.8444,14.0,0.0924
27,2003,36.358831,27.2543,14.0,0.2757
27,2004,36.486715,26.3407,14.0,0.3392
27,2005,36.219578,24.6448,14.0,0.5137
27,2006,36.106064,25.0978,14.0,0.2907
27,2007,36.150499,25.8367,14.0,0.1596
27,2008,36.192407,25.0334,14.0,0.0852
27,2009,36.127823,25.1741,14.0,0.3297
27,2010,35.970666,24.0472,14.0,0.3841
27,2011,36.27218,28.1597,14.0,0.5017
27,2012,36.592739,27.8931,14.0,0.598
27,2013,36.517076,25.9509,14.0,0.7571
27,2014,36.505223,25.1775,14.0,0.7519
27,2015,36.451389,25.2471,14.0,0.8337
27,2016,36.556336,25.7131,14.0,0.7987
27,2017,36.403934,25.0538,14.0,0.5247
27,2018,35.943783,22.3815,14.0,0.4171
27,2019,35.383432,22.3931,14.0,0.3402
28,2000,21.860537,20.0853,9.1098,2.3232
28,2001,22.591812,21.1356,9.3165,2.0574
28,2002,23.123965,21.2112,9.2161,2.1798
28,2003,23.739152,22.8422,9.4782,2.2259
28,2004,24.33888,23.2051,9.8385,2.144
28,2005,25.093547,24.2172,10.0931,2.1083
28,2006,25.149872,20.4167,10.0159,2.0488
28,2007,25.055368,18.1301,10.1469,1.9113
28,2008,24.502108,16.5158,10.0801,1.9777
28,2009,23.953723,15.2552,10.3399,1.9771
28,2010,23.614396,15.305,10.1667,1.7478
28,2011,22.867507,15.0678,10.3161,1.9016
28,2012,22.629182,16.4203,10.1289,1.8126
28,2013,22.476232,17.0025,10.3329,2.0336
28,2014,22.689915,19.4913,10.3597,1.9143
28,2015,23.353631,20.6896,10.6385,1.9096
28,2016,23.812359,20.3157,10.6287,1.749
28,2017,23.782283,19.1731,10.6652,1.7803
28,2018,23.680955,18.1778,10.9736,1.7823
28,2019,23.826683,19.8613,10.7762,1.7567
29,2000,20.149363,14.7459,9.5088,2.3541
29,2001,20.080442,16.597,9.3491,2.3222
29,2002,20.456918,18.3319,9.8699,2.1582
29,2003,20.824945,20.0839,9.8732,2.188
29,2004,20.962347,18.2264,9.9486,1.8802
29,2005,20.902099,17.475,9.9223,1.9516
29,2006,20.989586,16.7127,9.8126,1.8221
29,2007,21.357706,18.9549,9.8459,1.7882
29,2008,21.749677,19.9388,9.9078,1.7516
29,2009,21.766635,18.1514,9.7749,1.5526
29,2010,21.792932,19.1212,9.9454,1.6116
29,2011,21.722129,18.1331,10.2006,1.567
29,2012,21.853055,18.2566,10.2548,1.6156
29,2013,22.13145,19.663,10.239,1.7599
29,2014,22.378508,20.4427,9.9697,1.9206
29,2015,22.260824,17.8571,9.9587,2.0322
29,2016,22.54131,19.7468,9.9784,2.0247
29,2017,22.759966,20.0423,9.9914,1.9149
29,2018,23.108208,21.1181,10.2103,1.7344
29,2019,23.217302,18.5052,10.0225,1.8149
30,2000,23.877395,20.0353,9.1512,2.6237
30,2001,23.457606,18.2973,9.1726,2.6798
30,2002,23.616304,20.9027,9.2494,2.5293
30,2003,23.77192,20.4974,9.5613,2.4291
30,2004,24.299504,22.0974,9.5997,2.1524
30,2005,24.428589,22.8081,9.4742,2.2462
30,2006,24.662576,20.7828,9.7636,2.3161
30,2007,25.086836,23.4439,10.0064,2.4534
30,2008,25.318527,23.3836,9.7944,2.5271
30,2009,25.265024,20.1361,9.5991,2.4422
30,2010,25.239209,21.4184,9.655,2.3834
30,2011,25.032434,20.6822,9.5034,2.2362
30,2012,25.255531,22.4662,9.5553,2.1505
30,2013,25.138946,22.1758,9.5867,1.935
30,2014,25.117499,20.8713,9.6404,2.0743
30,2015,25.440338,21.8867,9.5721,1.9002
30,2016,25.223863,19.1012,9.4521,2.0748
30,2017,25.161452,20.605,9.6069,2.2403
30,2018,24.763684,17.8083,9.9192,2.2664
30,2019,24.286875,17.7461,9.8663,2.3259
31,2000,35.720094,24.4786,13.4178,0.3066
31,2001,35.488802,23.3105,13.6577,0.2878
31,2002,35.200499,22.917,13.6415,0.3117
31,2003,34.516623,19.6426,13.8572,0.2546
31,2004,34.106289,21.5824,13.8225,0.2089
31,2005,33.395306,19.4283,14.0,0.3411
31,2006,33.178387,21.2619,14.0,0.3649
31,2007,32.878542,21.6128,14.0,0.6203
31,2008,32.769592,22.0412,14.0,0.4586
31,2009,32.495266,22.1098,14.0,0.6566
31,2010,32.606138,22.9883,14.0,0.5941
31,2011,32.501358,22.1522,13.9719,0.6599
31,2012,32.544786,22.092,14.0,0.6555
31,2013,32.91494,23.1159,14.0,0.7093
31,2014,32.728651,20.8807,14.0,0.8516
31,2015,32.552203,22.1024,14.0,0.7543
31,2016,32.514407,22.9923,14.0,0.6532
31,2017,32.400688,22.4791,14.0,0.6155
31,2018,33.12484,26.2083,14.0,0.5805
31,2019,33.650382,27.27,14.0,0.6838
32,2000,21.090119,18.4123,9.6254,1.9158
32,2001,21.332265,19.3904,9.5978,1.9583
32,2002,21.559809,19.5953,9.7154,1.9449
32,2003,21.369112,16.4145,9.6657,1.9715
32,2004,20.76213,14.4814,9.759,2.0057
32,2005,20.209235,13.6067,9.7266,1.75
32,2006,19.504387,13.4918,9.5971,1.8655
32,2007,19.207172,14.737,9.4705,1.9749
32,2008,18.552113,13.6974,9.2812,1.9767
32,2009,18.556697,15.9327,9.4125,2.0659
32,2010,18.204406,13.6347,9.4514,2.1451
32,2011,17.89597,14.4134,9.4219,2.0849
32,2012,18.044342,15.3349,9.4507,2.2264
32,2013,18.678022,18.9134,9.2188,2.225
32,2014,19.078688,17.729,9.4249,2.4236
32,2015,19.100279,15.5151,9.6505,2.2858
32,2016,19.656164,18.7835,9.7774,2.2942
32,2017,19.597002,16.5193,9.789,2.3528
32,2018,19.77611,18.2182,9.8167,2.1008
32,2019,20.35325,20.1916,9.8882,2.1187
33,2000,20.53326,21.7224,9.4487,2.1883
33,2001,20.960056,21.7966,9.4063,2.3671
33,2002,21.382643,23.8159,9.4065,2.2878
33,2003,21.720893,22.2303,9.3985,2.4179
33,2004,22.023062,21.5218,9.5398,2.3132
33,2005,22.046108,20.4931,9.6102,2.1224
33,2006,22.327077,21.7034,9.5279,1.9985
33,2007,22.513166,21.9314,9.5966,1.9147
33,2008,22.148274,19.845,9.564,1.9911
33,2009,22.008489,19.657,9.5164,2.097
33,2010,22.30329,21.5687,9.5026,2.0723
33,2011,22.775814,23.8973,9.5459,1.955
33,2012,22.87814,22.6837,9.5674,1.8654
33,2013,23.359798,23.8309,9.7923,1.8465
33,2014,23.528596,22.1145,9.7912,1.8081
33,2015,23.288899,18.9258,9.5779,1.6893
33,2016,22.88512,19.0452,9.7508,1.6663
33,2017,22.470796,18.129,9.7855,1.7875
33,2018,21.938355,18.0197,9.629,1.6518
33,2019,21.384837,15.5866,9.671,1.7113
34,2000,16.943392,16.7924,8.5088,1.7307
34,2001,17.293529,18.6245,8.6348,1.6256
34,2002,17.776305,19.0719,8.4676,1.7951
34,2003,17.762992,17.8494,8.5703,1.7454
34,2004,18.007498,19.0864,8.6835,1.8236
34,2005,17.95166,17.4638,9.0331,1.8665
34,2006,17.593919,14.0925,9.0721,1.7006
34,2007,17.689944,16.8183,8.8995,1.8791
34,2008,17.796234,17.1291,8.8149,1.8365
34,2009,17.6051,15.5424,8.7799,1.6465
34,2010,17.245279,15.976,8.6938,1.9129
34,2011,17.055065,16.112,8.832,1.7835
34,2012,17.466727,19.5546,8.9082,1.764
34,2013,17.825394,18.9374,9.0897,1.9
34,2014,17.997901,18.7274,9.1628,2.0068
34,2015,18.454196,18.67,9.2079,1.8248
34,2016,18.602705,18.9415,9.56,1.8488
34,2017,18.892768,19.5512,9.9136,1.7211
34,2018,19.252185,19.9207,9.7833,1.8384
34,2019,19.320054,19.2424,9.7124,1.7137
35,2000,21.19802,14.0854,8.8489,1.7087
35,2001,20.992754,15.0223,8.9289,1.6575
35,2002,20.861286,14.5386,9.0476,1.3861
35,2003,21.169387,16.683,9.2679,1.2216
35,2004,21.55203,19.2095,9.4303,1.2376
35,2005,21.862467,17.1027,9.9341,1.4276
35,2006,21.75453,16.569,9.7735,1.5889
35,2007,21.925799,17.8465,9.6854,1.5833
35,2008,21.744038,16.196,9.7649,1.6768
35,2009,21.720315,17.276,9.9169,1.8789
35,2010,22.393825,20.6063,9.9259,2.0204
35,2011,22.608911,19.0674,9.8322,2.1249
35,2012,22.587609,16.8701,9.9141,1.9056
35,2013,22.00554,15.1658,9.9583,1.8962
35,2014,21.87695,15.1411,10.0395,1.9468
35,2015,21.893086,15.8007,10.3289,2.0317
35,2016,21.823687,16.359,10.2841,1.8938
35,2017,22.02705,17.0639,10.1317,1.8459
35,2018,21.781317,14.22,10.1133,1.939
35,2019,21.521802,15.7407,10.0814,1.8256
36,2000,23.264695,19.115,9.2326,1.7728
36,2001,23.236359,19.9326,9.3728,1.8421
36,2002,23.718592,22.3377,9.112,1.8451
36,2003,23.924568,21.7632,9.1201,1.9917
36,2004,24.099625,19.7781,9.2496,2.2762
36,2005,23.790372,16.7245,9.3374,2.497
36,2006,23.04858,14.2044,9.142,2.1841
36,2007,22.546334,15.8386,9.247,1.9719
36,2008,21.987194,15.2049,9.4491,1.7045
36,2009,21.859143,16.054,9.3919,1.7145
36,2010,22.063463,18.2462,9.5422,1.667
36,2011,22.243347,18.9222,9.4891,1.8504
36,2012,22.363754,18.2802,9.5928,1.5501
36,2013,22.458816,18.1122,9.5255,1.5673
36,2014,22.908148,19.6585,9.5706,1.5914
36,2015,23.122199,19.5183,9.4085,1.5346
36,2016,22.987055,17.464,9.5024,1.6201
36,2017,22.490879,14.689,9.431,1.6959
36,2018,22.240159,16.5655,9.6538,1.6248
36,2019,21.989645,14.5635,9.7786,1.9631
37,2000,17.160884,19.2074,9.4161,1.9118
37,2001,17.588083,19.6462,9.6089,2.204
37,2002,17.449432,18.4795,9.3876,2.3934
37,2003,17.637681,19.7518,9.4621,2.1913
37,2004,17.680589,19.5006,9.7413,2.3866
37,2005,17.837119,19.5469,9.899,2.4209
37,2006,17.690125,18.1366,9.9975,2.533
37,2007,18.058333,20.4756,9.888,2.4596
37,2008,18.474256,21.1404,9.9367,2.6463
37,2009,18.623092,19.4297,10.15,2.627
37,2010,18.727955,20.3956,10.2775,2.4073
37,2011,18.154431,17.0445,10.3087,2.371
37,2012,18.285099,19.1692,10.4108,2.0821
37,2013,18.252423,18.5593,10.3116,2.3091
37,2014,17.967827,17.5474,10.4558,2.5853
37,2015,17.903052,17.4693,10.4192,2.4462
37,2016,17.708474,15.6435,10.625,2.3258
37,2017,16.998909,15.4143,10.5588,2.5978
37,2018,16.946578,17.7524,10.3021,2.5538
37,2019,16.812999,16.0022,10.3915,2.419
38,2000,18.885122,12.6617,9.5331,1.8808
38,2001,18.262552,12.7053,9.4964,1.9981
38,2002,17.653368,12.7447,9.4957,2.0631
38,2003,17.402152,13.1716,9.9606,2.3788
38,2004,17.184029,13.4529,10.1209,2.1481
38,2005,17.037797,13.1422,10.0297,1.9443
38,2006,16.845083,14.8839,9.9064,1.9364
38,2007,16.996919,15.575,9.8593,2.2639
38,2008,17.650578,16.9298,9.8909,2.2466
38,2009,18.192526,19.3574,10.1708,2.409
38,2010,18.622368,18.9847,10.452,2.5051
38,2011,18.849545,18.3891,10.419,2.2366
38,2012,19.355805,19.303,10.5063,2.5028
38,2013,19.82225,21.4505,10.4198,2.2802
38,2014,19.735747,17.9995,10.228,2.0453
38,2015,19.973144,18.7788,10.3938,1.8303
38,2016,20.244736,18.5446,10.236,1.8243
38,2017,20.663529,19.3173,9.8259,1.9339
38,2018,20.562435,17.418,9.7529,1.7945
38,2019,20.422561,17.3663,9.6246,1.989
39,2000,19.607261,16.62,8.3912,1.7181
39,2001,18.942589,14.5824,8.3928,1.3811
39,2002,18.474756,14.9152,8.7146,1.5907
39,2003,18.603187,16.9567,8.5275,1.4378
39,2004,18.290179,14.6192,8.7348,1.6188
39,2005,17.982972,15.1064,8.8955,1.6824
39,2006,17.962126,15.6612,8.9923,1.7301
39,2007,18.176228,16.9312,8.9735,1.5367
39,2008,18.341255,17.3211,9.1613,1.6867
39,2009,18.659929,18.5471,9.1353,1.9352
39,2010,18.383181,15.7375,9.1183,1.8952
39,2011,17.762703,13.7005,9.1001,1.743
39,2012,17.46934,13.4621,9.154,1.763
39,2013,16.89563,11.6392,9.3938,1.6643
39,2014,16.796058,12.5996,9.4482,1.5787
39,2015,16.333783,11.3107,9.7697,1.6452
39,2016,16.279278,14.2434,9.9573,1.7943
39,2017,16.609113,15.5089,10.0367,1.7918
39,2018,16.92949,16.6353,10.2253,1.7258
39,2019,17.798043,20.1535,10.326,2.0179
40,2000,21.317067,17.255,8.4036,2.5747
40,2001,20.997368,16.7009,8.4476,2.4187
40,2002,20.845583,17.8424,8.9279,2.3693
40,2003,21.006977,18.1734,9.237,2.1561
40,2004,20.948831,18.1029,9.2971,2.3105
40,2005,20.884954,17.2815,9.5122,1.9796
40,2006,20.705791,16.5371,9.3875,1.9499
40,2007,20.440302,16.319,9.3841,1.9125
40,2008,20.236754,17.2543,9.369,1.9815
40,2009,20.379726,17.9498,9.5555,2.3264
40,2010,20.500027,19.2752,9.7575,2.2846
40,2011,21.059099,20.5242,9.6245,2.2283
40,2012,21.243481,18.8618,9.6532,2.3002
40,2013,21.365074,19.1546,9.8401,2.0868
40,2014,21.039858,15.88,9.8975,1.8975
40,2015,20.976743,16.8053,10.0432,2.0455
40,2016,21.473142,21.0769,9.8713,1.9904
40,2017,21.693757,19.514,9.7624,2.0247
40,2018,21.367925,17.7776,9.9235,2.0795
40,2019,21.460337,18.7583,9.9865,1.9919
41,2000,34.647962,24.6918,13.6129,-0.2951
41,2001,34.470044,23.7615,13.6956,-0.3656
41,2002,34.428847,23.685,13.444,-0.2823
41,2003,34.523474,24.2868,13.7595,-0.1723
41,2004,34.867217,25.9267,13.7451,0.0587
41,2005,35.467006,27.2731,13.8724,0.0705
41,2006,36.209786,29.4056,13.9651,0.5456
41,2007,36.444925,27.7538,14.0,0.4762
41,2008,36.785166,27.5437,14.0,0.587
41,2009,37.157194,27.9301,14.0,0.4419
41,2010,37.428461,26.8569,14.0,0.5859
41,2011,37.069543,25.3696,14.0,0.7858
41,2012,36.698386,25.1016,14.0,0.8479
41,2013,36.08317,22.8067,14.0,0.8665
41,2014,36.045092,26.0136,14.0,0.7442
41,2015,35.688155,23.8351,14.0,0.6009
41,2016,35.784371,26.6914,14.0,0.4355
41,2017,35.73249,26.0065,14.0,0.5113
41,2018,35.965776,27.5217,14.0,0.593
41,2019,36.132828,26.6812,14.0,0.2999
42,2000,35.075989,29.3292,13.0572,1.0075
42,2001,35.08045,25.7233,12.9112,1.0097
42,2002,34.860845,24.2861,12.9455,0.7658
42,2003,35.146416,26.2945,13.2998,0.6762
42,2004,35.236567,26.3165,13.4137,0.6811
42,2005,35.28939,25.2131,13.642,0.8201
42,2006,35.275189,24.2987,13.8072,0.471
42,2007,34.859229,22.5032,13.8003,0.7387
42,2008,34.698111,24.31,13.5686,1.0532
42,2009,35.074961,27.663,13.3985,1.1919
42,2010,35.538427,29.3821,13.5068,1.1982
42,2011,36.714978,32.3701,13.3265,1.0136
42,2012,37.093097,30.5039,13.2325,1.0394
42,2013,37.323212,28.5896,13.3565,1.2625
42,2014,37.147904,27.803,13.5248,1.269
42,2015,37.071425,26.5045,13.8173,1.0087
42,2016,36.927108,26.6539,13.8774,1.0693
42,2017,37.075057,27.6177,14.0,0.8828
42,2018,37.056521,27.0295,14.0,0.9654
42,2019,37.289464,27.7056,14.0,1.0478
43,2000,21.655106,15.785,9.6453,1.8958
43,2001,21.918911,17.6474,9.7772,1.4047
43,2002,22.290848,18.5883,9.9332,1.4058
43,2003,22.752418,21.3746,9.7806,1.2371
43,2004,23.109995,21.0356,9.7864,1.0278
43,2005,23.310958,20.6953,9.8297,1.0542
43,2006,23.621767,21.0169,9.8764,1.2394
43,2007,24.137472,21.9728,9.7453,1.3407
43,2008,23.983331,18.928,9.9165,1.2316
43,2009,23.669245,18.1363,9.9958,1.435
43,2010,23.369489,17.4074,10.0621,1.5875
43,2011,23.198528,18.1448,9.99,1.3918
43,2012,23.447519,19.968,9.7502,1.642
43,2013,23.985075,21.9473,9.7975,1.8666
43,2014,24.415994,22.2851,9.6949,1.8011
43,2015,24.793687,21.7258,9.6262,1.6272
43,2016,24.908378,21.8543,9.6042,1.8023
43,2017,24.852305,19.6606,9.8987,1.9993
43,2018,24.294544,19.156,9.7089,2.0561
43,2019,24.528825,21.2529,9.7316,1.9903
44,2000,18.964434,18.7572,10.1466,1.7253
44,2001,18.973479,18.6551,10.0853,1.6215
44,2002,19.085941,18.7444,10.406,1.8916
44,2003,18.203924,14.1769,10.5672,2.1019
44,2004,17.676503,14.7374,10.8804,2.0571
44,2005,17.21703,15.5002,10.8235,2.2469
44,2006,16.937348,15.5212,10.617,2.3448
44,2007,16.598579,14.7351,10.3272,2.3774
44,2008,16.542686,16.2381,10.2622,2.2624
44,2009,16.629533,17.1268,10.3451,1.9778
44,2010,16.435844,16.1402,10.0941,1.9668
44,2011,16.088618,15.2537,10.2386,1.9462
44,2012,16.063135,14.6024,10.2964,2.0407
44,2013,15.83931,14.8657,10.4801,2.131
44,2014,15.720933,16.3648,10.7559,2.0096
44,2015,15.811071,15.0447,10.8372,1.9728
44,2016,15.845846,15.9547,10.7445,1.9518
44,2017,15.886084,16.6074,10.5444,2.0882
44,2018,16.157166,17.55,10.798,2.447
44,2019,16.607078,19.4326,10.6113,2.359
45,2000,17.405285,12.7431,9.0541,2.2346
45,2001,17.23991,14.1874,9.1826,2.2235
45,2002,16.960269,12.8474,9.2304,1.9862
45,2003,16.489689,11.8207,9.0487,2.1204
45,2004,16.282419,13.0689,9.1812,2.0942
45,2005,15.777222,13.466,8.8974,2.0268
45,2006,15.994783,15.2035,9.0461,1.9023
45,2007,16.370636,16.4662,9.2511,1.9263
45,2008,16.527699,16.8582,9.3863,2.2169
45,2009,16.464185,14.5171,9.5063,2.0129
45,2010,16.617082,14.8035,9.6405,2.0801
45,2011,16.257318,13.3958,9.7734,2.1011
45,2012,16.047757,13.1111,9.693,2.3332
45,2013,15.724837,12.9261,9.6186,2.4982
45,2014,15.86122,14.6469,9.7751,2.4303
45,2015,15.562321,13.5274,9.9464,2.4341
45,2016,15.095567,11.6275,9.9347,2.4585
45,2017,15.197788,13.3615,9.8491,2.6755
45,2018,15.243146,13.5545,9.7358,2.6109
45,2019,15.730222,16.2957,9.855,2.6388
46,2000,33.18157,23.9568,14.0,0.4155
46,2001,33.289787,24.8743,14.0,0.6202
46,2002,33.260203,23.3239,14.0,0.4963
46,2003,33.11746,22.4937,14.0,0.5662
46,2004,33.137894,24.939,14.0,0.9253
46,2005,32.959487,23.5896,14.0,0.6843
46,2006,32.757892,24.3228,14.0,0.5217
46,2007,33.216269,24.8012,14.0,0.403
46,2008,33.515947,26.4135,14.0,0.1884
46,2009,33.829795,25.4656,14.0,0.181
46,2010,34.14104,27.0173,14.0,0.4061
46,2011,34.419603,27.9476,14.0,0.2514
46,2012,35.260939,31.2595,14.0,0.4255
46,2013,35.930536,30.6885,14.0,0.2643
46,2014,36.325511,29.5968,14.0,0.1985
46,2015,36.866448,30.0336,14.0,0.4744
46,2016,37.061584,28.3582,14.0,0.3339
46,2017,37.089905,27.7395,14.0,0.2781
46,2018,36.689261,26.6174,14.0,0.3703
46,2019,35.992054,23.5367,14.0,0.2224
47,2000,18.121371,15.8289,9.2162,1.8724
47,2001,18.125939,16.3028,9.5064,1.9702
47,2002,18.123001,16.0374,9.6511,1.9944
47,2003,17.931632,15.9127,9.3062,1.9459
47,2004,17.917467,15.942,9.0275,1.9847
47,2005,18.184862,16.8197,9.1124,1.9855
47,2006,18.518515,18.095,9.1541,1.9956
47,2007,19.0419,18.3904,9.3998,2.1151
47,2008,19.710927,20.789,9.3189,2.031
47,2009,19.961243,19.7987,9.1054,1.9293
47,2010,20.312523,20.5663,8.8173,1.7061
47,2011,20.560573,20.6867,8.8645,1.6475
47,2012,21.137126,20.9668,8.7788,1.8189
47,2013,21.173146,18.1835,9.1216,1.7398
47,2014,21.534029,21.0862,9.0576,1.8806
47,2015,21.755224,22.9339,9.3267,1.7937
47,2016,22.407325,23.8268,9.4647,1.7964
47,2017,22.991879,24.027,9.5082,2.0806
47,2018,23.19928,22.7092,9.354,1.9659
47,2019,22.888541,19.6024,9.7176,2.0153
48,2000,33.831338,25.5163,13.1508,-0.1473
48,2001,33.660533,23.9146,13.2817,0.0921
48,2002,33.215489,22.4531,13.2945,0.3309
48,2003,32.953031,23.5763,13.3185,0.4805
48,2004,32.815987,23.3975,13.2327,0.5454
48,2005,32.949639,24.4133,13.3592,0.4304
48,2006,32.960319,24.2901,13.4191,0.4399
48,2007,33.304365,25.1586,13.433,0.2723
48,2008,33.483288,26.0732,13.5616,0.3408
48,2009,33.881204,29.2367,13.5113,0.2767
48,2010,34.312607,27.9957,13.5253,0.3267
48,2011,34.426746,26.9293,13.6775,0.4938
48,2012,34.536392,26.5951,13.7362,0.5481
48,2013,34.535582,24.8875,13.7035,0.5387
48,2014,34.330799,24.2587,13.8376,0.5617
48,2015,34.442882,26.0334,14.0,0.6281
48,2016,34.285774,25.8533,14.0,0.5292
48,2017,34.424957,25.5447,14.0,0.3638
48,2018,34.318411,25.2491,14.0,0.2728
48,2019,34.631404,26.9847,14.0,0.4099
49,2000,19.765509,14.7833,9.2443,1.326
49,2001,18.931601,11.1328,9.3188,1.5565
49,2002,18.234652,12.2771,9.2929,1.4738
49,2003,17.832536,12.9533,9.2009,1.4336
49,2004,17.523392,14.8018,9.2861,1.5077
49,2005,17.466975,15.1995,9.5049,1.5525
49,2006,17.316674,13.3953,9.3071,1.6331
49,2007,17.6685,17.029,9.3956,1.8382
49,2008,17.44714,13.1808,9.7669,1.8147
49,2009,17.580445,16.1541,10.1067,1.6772
49,2010,17.347183,13.1023,10.3407,1.4007
49,2011,17.033509,12.4701,10.2228,1.5285
49,2012,17.35555,15.5462,10.235,1.6498
49,2013,17.284898,14.2454,10.0316,1.6873
49,2014,17.507674,14.9587,10.3318,1.7937
49,2015,17.769912,16.5581,10.5731,1.9407
49,2016,18.241058,17.3944,10.6717,1.9499
49,2017,18.594118,17.0544,11.0465,1.6601
49,2018,18.722771,15.8416,10.8487,1.7664
49,2019,18.724013,15.8537,10.8676,1.8906
50,2000,19.592695,16.4846,9.1084,2.3787
50,2001,19.722527,17.9065,9.1022,2.5426
50,2002,19.667915,16.8421,9.0141,2.4555
50,2003,19.676444,17.2872,9.1092,2.4834
50,2004,19.962154,18.3529,8.9834,2.4347
50,2005,20.177869,19.2048,9.0532,2.1266
50,2006,20.27824,18.8482,9.4034,2.2148
50,2007,20.242922,16.1794,9.3364,2.4276
50,2008,20.189099,17.823,9.5099,2.5002
50,2009,20.393541,16.933,9.842,2.3159
50,2010,20.629324,17.9061,9.7778,2.4066
50,2011,20.833778,18.6653,9.813,2.4882
50,2012,20.568001,16.6688,9.9625,2.4115
50,2013,20.866135,19.0998,10.0482,2.2266
50,2014,21.244745,19.121,9.9678,2.3426
50,2015,21.063222,16.8792,9.9913,2.3606
50,2016,20.897754,17.0872,9.78,2.3435
50,2017,20.725482,17.054,9.67,2.1337
50,2018,20.513637,16.9255,9.7323,1.9024
50,2019,20.351449,16.5394,9.7947,1.7522
51,2000,19.885898,18.6441,9.4659,1.7664
51,2001,20.000794,19.0557,9.6047,2.0424
51,2002,20.16468,18.827,9.4879,1.9412
51,2003,20.272302,17.7688,9.4984,2.0574
51,2004,20.097778,16.4403,9.4087,2.314
51,2005,19.860065,15.7004,9.4979,2.2555
51,2006,19.774737,15.9825,9.525,2.3958
51,2007,20.016316,17.1898,9.7478,2.274
51,2008,20.254729,18.145,10.1473,2.1788
51,2009,20.58499,19.0369,10.2622,2.3869
51,2010,21.114604,19.2932,10.3734,2.3748
51,2011,21.279917,19.4794,10.1543,2.2803
51,2012,21.249112,16.4107,10.3406,2.3204
51,2013,20.791899,14.2393,10.5837,2.3177
51,2014,20.523183,15.7877,10.6506,2.3575
51,2015,20.116679,13.5874,10.818,2.4691
51,2016,19.82992,15.2661,10.6496,2.5026
51,2017,19.931764,16.6491,10.5173,2.4128
51,2018,20.144246,16.2657,10.6114,2.541
51,2019,20.466736,18.9535,10.7857,2.6634
52,2000,34.430647,27.902,13.5659,0.5728
52,2001,35.07225,29.2004,13.4362,0.5449
52,2002,35.618621,28.4451,13.5437,0.7327
52,2003,35.551775,28.9607,13.4894,0.5335
52,2004,35.687319,26.8517,13.6502,0.6663
52,2005,35.456421,26.0331,13.7766,0.9175
52,2006,35.340901,24.5467,13.826,0.8326
52,2007,35.164727,24.3304,13.9742,0.8756
52,2008,34.642717,23.6355,13.8861,1.0016
52,2009,34.477729,24.6653,14.0,0.8612
52,2010,34.393763,26.5513,14.0,0.8544
52,2011,34.295249,25.1358,14.0,0.9096
52,2012,34.230513,25.0096,14.0,0.931
52,2013,33.855107,21.7303,14.0,0.7518
52,2014,33.430619,21.9795,14.0,0.9333
52,2015,32.98878,22.408,14.0,0.9845
52,2016,33.061534,25.8924,14.0,0.9267
52,2017,33.380448,25.5017,14.0,1.0236
52,2018,33.954622,29.6334,14.0,0.9794
52,2019,34.488246,29.4003,14.0,0.8244
53,2000,35.644389,25.1779,14.0,0.3684
53,2001,35.711018,25.5818,14.0,0.3565
53,2002,35.748548,25.3178,14.0,0.3415
53,2003,35.890971,26.8194,14.0,0.2824
53,2004,35.902984,24.9882,14.0,0.2612
53,2005,35.913983,25.0459,14.0,0.4207
53,2006,35.938454,24.3796,14.0,0.3912
53,2007,35.666884,23.6487,14.0,0.5818
53,2008,35.264363,22.7227,14.0,0.4987
53,2009,34.972683,24.4719,14.0,0.5866
53,2010,35.119284,24.6277,14.0,0.5408
53,2011,34.93691,23.7815,14.0,0.3458
53,2012,34.855611,23.5992,14.0,0.4946
53,2013,34.909536,24.831,14.0,0.6331
53,2014,35.117682,25.657,14.0,0.6744
53,2015,34.6861,22.268,14.0,0.8537
53,2016,34.171968,20.7137,14.0,1.016
53,2017,34.365304,24.714,14.0,1.0572
53,2018,34.526702,25.7679,14.0,0.9624
53,2019,34.554759,24.6665,14.0,0.8305
54,2000,21.14428,18.5175,9.0262,2.06
54,2001,20.799834,17.7071,9.1635,2.1361
54,2002,20.562562,15.7918,9.4645,1.8075
54,2003,19.946612,14.3404,9.7563,1.8921
54,2004,19.982889,15.1638,9.6561,1.9479
54,2005,19.593829,14.6555,9.8432,1.5308
54,2006,19.706389,16.8756,10.0098,1.5804
54,2007,19.549746,16.5824,10.1423,1.4896
54,2008,20.024838,19.1836,10.0737,1.5576
54,2009,20.169378,17.9827,10.1012,1.589
54,2010,20.481248,19.6823,10.4249,1.6616
54,2011,20.615395,17.3789,10.5923,1.8022
54,2012,20.612851,17.5668,10.6795,2.0083
54,2013,20.879443,18.8922,10.7351,2.2152
54,2014,21.16152,19.4368,10.8287,2.2041
54,2015,21.634468,20.3191,10.7338,2.213
54,2016,21.457839,17.6667,10.7294,2.1064
54,2017,21.174203,15.9327,10.8648,1.9939
54,2018,20.465932,14.634,10.8854,1.8133
54,2019,20.044226,13.9489,11.0331,1.893
55,2000,32.730523,25.483,14.0,0.3091
55,2001,32.839438,25.1457,14.0,0.3121
55,2002,32.975348,24.9875,14.0,0.4922
55,2003,33.17812,25.0362,14.0,0.4653
55,2004,33.48863,26.5181,14.0,0.5183
55,2005,33.886357,27.1401,14.0,0.461
55,2006,33.834959,25.5263,14.0,0.4539
55,2007,34.055674,26.5113,14.0,0.4487
55,2008,34.001086,25.3824,14.0,0.4913
55,2009,33.738688,24.7143,14.0,0.3352
55,2010,34.149564,26.5603,14.0,0.3084
55,2011,34.298677,28.5041,14.0,0.2539
55,2012,34.593562,28.1658,14.0,0.1786
55,2013,34.883478,28.9822,14.0,0.2849
55,2014,35.497795,30.1949,14.0,0.3485
55,2015,35.795306,28.5832,14.0,0.4228
55,2016,35.845422,28.8758,14.0,0.1954
55,2017,35.562012,26.1615,14.0,0.2168
55,2018,35.256057,26.3862,14.0,0.3372
55,2019,35.271838,27.0037,14.0,0.3578
56,2000,19.951415,17.3023,7.826,1.1991
56,2001,19.481294,15.5701,7.8133,1.4303
56,2002,19.348575,16.3929,7.8279,1.2444
56,2003,19.527954,18.4265,7.7178,1.0388
56,2004,20.027634,20.2084,7.9921,1.0306
56,2005,20.297449,21.034,8.0817,1.3408
56,2006,20.603462,20.3864,8.0602,1.6615
56,2007,20.722123,19.6961,8.0437,1.725
56,2008,20.931128,19.2876,8.0412,1.7468
56,2009,21.028774,19.7825,8.1252,1.8542
56,2010,20.922759,17.6116,8.6287,1.5852
56,2011,21.103476,19.5894,8.2184,1.6734
56,2012,20.629638,17.3985,8.467,1.5937
56,2013,20.47605,17.5987,8.6413,1.4652
56,2014,20.45883,17.6765,8.6785,1.6265
56,2015,20.394105,17.8345,8.7657,1.5596
56,2016,20.491688,18.2843,8.8145,1.6831
56,2017,20.240765,17.1057,8.9497,1.7729
56,2018,20.166621,17.2198,9.0763,1.9653
56,2019,20.05594,16.9886,9.0888,2.0479
57,2000,19.160392,16.1623,9.4857,1.5207
57,2001,19.203001,16.2109,9.6116,1.3621
57,2002,19.30948,17.1804,9.4155,1.4439
57,2003,19.693443,19.1181,9.5634,1.6133
57,2004,19.997861,18.472,9.4885,1.684
57,2005,19.795576,14.9432,9.4144,1.5366
57,2006,19.857811,18.1802,9.6236,1.6038
57,2007,20.07286,17.1735,9.672,1.7865
57,2008,20.119882,18.6812,9.863,1.8214
57,2009,20.23435,17.6025,9.8121,1.9474
57,2010,20.535658,19.4919,9.8324,1.9266
57,2011,21.095795,21.7806,9.7905,1.999
57,2012,21.266784,19.7671,9.9347,2.1044
57,2013,21.869649,20.9672,10.1885,2.1709
57,2014,22.192121,20.539,10.3355,2.4284
57,2015,22.555748,22.2356,10.2797,2.3918
57,2016,22.94951,22.6972,10.4986,2.323
57,2017,23.236785,22.3463,10.3573,2.4679
57,2018,23.373121,21.1351,10.3209,2.5566
57,2019,23.641267,21.2293,10.3041,2.6215
58,2000,17.722463,17.0064,8.9368,2.1961
58,2001,17.52749,16.0147,8.6959,2.0605
58,2002,17.542014,18.266,8.8592,1.8912
58,2003,17.631248,18.3074,9.2115,1.8812
58,2004,17.713888,18.3532,9.4584,1.9894
58,2005,17.918877,18.8352,9.4588,1.9461
58,2006,18.122196,19.2285,9.4444,1.8146
58,2007,18.488744,19.2423,9.4122,1.9055
58,2008,18.598765,20.0809,9.2875,1.8216
58,2009,18.22428,16.2451,9.4124,1.9733
58,2010,18.011304,16.5222,9.5717,1.9886
58,2011,17.800183,18.0497,9.5163,2.1839
58,2012,17.712319,16.7161,9.3652,2.4223
58,2013,17.342909,15.5407,9.4903,2.3994
58,2014,17.252222,16.6382,9.5488,2.7231
58,2015,17.067494,15.9736,9.3949,2.4949
58,2016,17.399702,17.7661,9.7298,2.5256
58,2017,17.968211,19.7361,9.8217,2.7051
58,2018,18.327683,19.4055,9.8241,2.494
58,2019,18.743521,20.0416,9.7839,2.4204
59,2000,35.44615,24.7521,14.0,0.5978
59,2001,35.278077,22.8291,14.0,0.7431
59,2002,34.872592,22.7583,14.0,0.7151
59,2003,34.616999,24.7964,14.0,0.4204
59,2004,34.803908,25.7907,14.0,0.5623
59,2005,35.67284,29.7858,14.0,0.4373
59,2006,36.570889,29.592,14.0,0.4177
59,2007,37.07503,29.9736,14.0,0.6314
59,2008,37.897022,31.1528,14.0,0.675
59,2009,38.069883,29.0422,14.0,0.815
59,2010,38.369101,29.2524,14.0,0.6357
59,2011,38.145814,25.986,14.0,0.3808
59,2012,37.999603,26.2799,14.0,0.2931
59,2013,37.579324,25.935,14.0,0.2358
59,2014,37.499335,26.203,14.0,0.0941
59,2015,37.316985,25.6056,14.0,0.3344
59,2016,36.924615,23.1982,14.0,0.484
59,2017,36.591911,25.0024,14.0,0.6113
59,2018,36.566373,26.2187,14.0,0.6202
59,2019,36.387502,26.366,14.0,0.7395
60,2000,21.225877,15.0885,8.8194,2.3443
60,2001,20.448538,13.3442,9.2175,2.5367
60,2002,20.013429,13.1156,9.3214,2.412
60,2003,19.779956,13.1816,9.2094,2.1621
60,2004,20.233407,17.8766,9.2755,1.9257
60,2005,19.95623,14.8914,9.3228,1.8442
60,2006,20.059852,15.0447,9.4889,1.9745
60,2007,19.443922,11.4076,9.4654,1.9446
60,2008,19.416525,14.1036,9.3108,2.0414
60,2009,19.779528,18.3281,9.6432,2.2395
60,2010,19.994475,17.4761,9.5534,2.1886
60,2011,20.049119,15.154,9.5478,2.2775
60,2012,20.040147,15.5731,9.6668,2.4524
60,2013,19.675197,14.0911,9.6478,2.5167
60,2014,19.51828,14.9041,9.487,2.6576
60,2015,19.575819,16.526,9.6653,2.5165
60,2016,19.768389,15.356,9.602,2.4675
60,2017,19.873899,16.2997,9.5632,2.357
60,2018,20.26038,17.9889,9.4854,1.9908
60,2019,20.191301,15.8383,9.473,1.8574
61,2000,35.674064,25.5113,13.5844,0.8072
61,2001,35.444016,23.661,13.5946,0.7543
61,2002,34.916098,23.7885,13.742,0.7255
61,2003,34.645915,23.7606,13.9364,0.7945
61,2004,34.307313,23.0519,13.916,0.9685
61,2005,33.846383,21.914,13.9196,0.9256
61,2006,33.628514,23.945,13.9785,1.0972
61,2007,33.87489,24.9316,13.8261,0.9502
61,2008,33.935183,25.5783,13.7024,0.8824
61,2009,33.943267,23.5222,13.926,0.5398
61,2010,33.757777,24.3509,14.0,0.6322
61,2011,33.49444,24.4907,14.0,0.548
61,2012,33.620131,24.7856,14.0,0.6025
61,2013,33.83465,24.4023,14.0,0.631
61,2014,33.902954,25.4699,14.0,0.4924
61,2015,34.301366,26.306,14.0,0.2564
61,2016,34.874102,27.5105,14.0,0.4105
61,2017,35.015844,25.8425,14.0,0.2571
61,2018,35.014459,25.623,14.0,0.4463
61,2019,34.568042,25.3486,14.0,0.6354
62,2000,15.598868,13.6588,8.5746,2.3727
62,2001,15.484331,13.3357,8.6325,2.6433
62,2002,15.703296,15.3454,8.631,2.687
62,2003,15.723617,15.0153,8.7308,2.5911
62,2004,15.784395,15.3431,8.8614,2.5931
62,2005,16.019288,16.0486,9.0186,2.3898
62,2006,16.253335,16.9373,8.881,2.0425
62,2007,16.515891,16.4537,8.8633,1.9736
62,2008,16.964567,18.1307,9.0202,1.9764
62,2009,17.409362,18.9714,9.1158,2.1622
62,2010,17.310841,16.6178,9.289,1.8969
62,2011,17.383552,17.135,9.3567,1.9933
62,2012,17.519134,17.6141,9.5711,2.1576
62,2013,17.719643,16.2671,9.6113,2.1618
62,2014,17.64369,16.3787,9.5287,2.4384
62,2015,17.645825,16.775,9.7272,2.3475
62,2016,18.3666,19.5079,9.8411,2.5318
62,2017,18.68042,18.3635,9.9434,2.5373
62,2018,18.603716,16.9119,9.982,2.4499
62,2019,18.850551,17.6138,10.0254,2.1969
63,2000,20.370049,13.7693,8.7225,1.9994
63,2001,20.301339,15.6317,8.898,1.8894
63,2002,20.457528,15.075,9.0533,2.2626
63,2003,20.708421,18.0541,9.0059,2.2759
63,2004,20.975902,19.2423,8.9518,2.0523
63,2005,21.35201,19.4006,8.9907,1.9362
63,2006,21.745325,19.1281,9.1575,2.0331
63,2007,21.89468,19.9722,9.2169,1.868
63,2008,22.273204,21.0387,9.1891,1.8017
63,2009,22.63987,21.6055,9.292,1.7437
63,2010,23.134896,21.6457,9.1806,1.8743
63,2011,23.353821,20.0136,9.2979,1.7587
63,2012,23.80114,21.6916,9.1608,1.6242
63,2013,24.446617,24.0732,9.0458,1.8177
63,2014,24.598104,22.1788,9.282,1.9023
63,2015,25.011841,23.1165,9.4331,2.1283
63,2016,25.084287,21.9217,9.5286,1.9764
63,2017,25.470009,23.4015,9.5292,2.0728
63,2018,25.478975,22.3572,9.5682,2.1688
63,2019,25.8258,23.103,9.7871,2.0088
64,2000,22.62494,18.3494,8.8812,2.1026
64,2001,22.80354,18.6541,9.2186,2.0881
64,2002,22.769521,17.5512,9.31,2.1559
64,2003,22.522333,16.2987,9.2022,2.1764
64,2004,22.310427,16.3934,9.0598,2.5514
64,2005,22.057733,16.1791,9.133,2.3994
64,2006,22.128959,17.8985,9.2107,2.3091
64,2007,22.308174,19.3124,9.3978,2.0492
64,2008,22.101276,17.2914,9.2825,2.0284
64,2009,22.310484,19.2511,9.1417,2.3891
64,2010,22.739312,19.3354,9.0214,2.4049
64,2011,22.715415,19.3182,8.9523,2.2544
64,2012,22.685038,18.3694,8.7968,2.1837
64,2013,22.512257,17.4184,9.182,2.3382
64,2014,21.950424,13.8378,9.2219,2.2447
64,2015,21.570647,13.4935,9.2472,2.2039
64,2016,21.475643,15.9447,9.1993,1.9008
64,2017,21.831148,18.2327,9.159,1.9604
64,2018,22.051997,19.0269,8.9959,2.0559
64,2019,22.581009,20.4634,9.4303,2.0115
65,2000,19.260443,18.0808,9.4223,2.1813
65,2001,19.385429,20.2012,9.5285,2.1884
65,2002,19.996777,22.7638,9.6671,2.1534
65,2003,20.331849,21.3795,9.5711,2.0307
65,2004,20.623246,21.0914,9.4208,1.871
65,2005,21.306766,22.3296,9.6162,1.8574
65,2006,21.705085,23.0574,9.3945,2.098
65,2007,22.003069,23.6979,9.5992,2.3758
65,2008,22.184828,22.5102,9.5962,2.4197
65,2009,22.055757,20.6429,9.5196,2.2919
65,2010,21.972584,20.7625,9.5356,2.1194
65,2011,21.70809,19.5022,9.7123,2.0773
65,2012,21.558486,20.0787,9.8729,2.2396
65,2013,21.150926,18.3344,9.9931,2.4357
65,2014,21.111071,20.3807,10.0868,2.5876
65,2015,20.849811,18.8814,10.1138,2.3847
65,2016,20.516764,17.7952,9.9422,2.2746
65,2017,20.431667,17.769,9.9067,2.2049
65,2018,20.447333,18.6612,9.8156,2.0512
65,2019,19.776474,15.5365,9.91,2.3433
66,2000,20.236027,17.0809,9.5438,2.3656
66,2001,20.161571,18.3745,9.5003,2.4358
66,2002,19.778172,16.5651,9.4051,2.484
66,2003,19.46553,15.1697,9.8733,2.1678
66,2004,18.882512,14.1407,10.0898,2.2909
66,2005,18.886443,14.9642,9.9952,2.1951
66,2006,18.465753,14.0448,10.0758,2.1272
66,2007,18.179716,14.4043,10.1441,1.9496
66,2008,18.195739,15.5181,10.3835,1.7998
66,2009,18.472296,16.5901,10.3952,1.7722
66,2010,18.57549,16.1472,10.6261,1.8317
66,2011,18.997965,19.1748,10.869,1.8486
66,2012,19.341623,19.47,10.8342,1.8204
66,2013,19.759202,19.0669,10.9823,1.7518
66,2014,20.230542,18.7504,11.1331,1.9956
66,2015,20.152981,17.5657,11.4214,1.9842
66,2016,20.4783,18.3184,11.3408,2.1249
66,2017,20.96392,20.0096,11.3353,2.1709
66,2018,21.070151,18.3441,11.2251,2.2699
66,2019,21.088392,17.4808,11.0768,2.1208
67,2000,34.753702,24.9947,14.0,0.7832
67,2001,35.101216,26.1441,14.0,0.6405
67,2002,35.545845,27.605,14.0,0.7054
67,2003,35.669394,27.5896,14.0,0.7328
67,2004,35.58416,25.0474,14.0,0.7301
67,2005,35.719094,25.5824,14.0,0.547
67,2006,35.420916,23.9157,14.0,0.5666
67,2007,35.490325,26.7231,14.0,0.5647
67,2008,35.67048,24.5897,14.0,0.3395
67,2009,35.976713,26.8579,14.0,0.2571
67,2010,36.11228,25.2205,14.0,0.4656
67,2011,36.134492,25.4056,14.0,0.1688
67,2012,36.26931,26.8726,14.0,0.1658
67,2013,36.589899,28.2737,14.0,0.2594
67,2014,36.878333,27.605,14.0,0.2059
67,2015,36.823861,25.9481,14.0,0.1811
67,2016,36.866174,27.5598,14.0,0.185
67,2017,36.697176,26.7568,14.0,0.2955
67,2018,36.636465,26.829,14.0,0.2342
67,2019,36.620326,25.9337,14.0,0.149
68,2000,34.584483,24.1724,14.0,0.3991
68,2001,34.354224,23.6798,14.0,0.24
68,2002,33.81405,22.1667,14.0,0.3459
68,2003,33.276997,21.8419,14.0,0.2329
68,2004,32.547969,20.2741,14.0,0.0517
68,2005,32.095191,21.5646,13.9048,-0.0139
68,2006,32.552875,25.7187,13.7338,-0.1402
68,2007,33.041428,25.1872,13.878,0.2642
68,2008,33.314719,25.2581,13.9139,0.3863
68,2009,33.152592,23.3774,13.9797,0.3194
68,2010,32.698146,21.2164,14.0,0.4973
68,2011,32.560052,22.4481,14.0,0.5288
68,2012,32.185006,21.5393,14.0,0.3132
68,2013,31.926357,21.2423,14.0,0.1913
68,2014,32.022916,23.9796,14.0,0.5074
68,2015,32.14496,25.026,14.0,0.482
68,2016,32.249869,23.8608,14.0,0.4468
68,2017,31.977509,22.1667,14.0,0.6561
68,2018,31.688044,21.331,14.0,0.5801
68,2019,31.672657,22.2131,14.0,0.6078
69,2000,14.216952,13.3097,9.1084,1.2675
69,2001,14.164291,14.032,9.1208,1.3116
69,2002,14.31478,16.3281,9.3959,1.4757
69,2003,14.992025,18.6258,9.2234,1.5175
69,2004,15.501009,19.4807,9.0212,1.4862
69,2005,16.182284,19.9364,9.2812,1.6476
69,2006,16.293472,17.459,9.2264,1.6752
69,2007,16.629927,19.3678,9.3003,1.4095
69,2008,16.867943,19.574,9.4605,1.3425
69,2009,16.880159,17.6088,9.6233,1.6539
69,2010,16.81911,17.2612,9.7452,1.5147
69,2011,16.839419,16.5051,9.8868,1.6729
69,2012,15.987541,12.9837,9.7104,1.6757
69,2013,15.487371,13.3849,9.8314,1.6251
69,2014,14.839438,11.9765,9.7759,1.6869
69,2015,14.835637,13.337,9.8253,1.7609
69,2016,15.087949,16.6975,9.8859,1.8581
69,2017,15.412516,17.7417,9.502,1.6119
69,2018,15.497023,16.7933,9.5422,1.7516
69,2019,15.340654,15.4821,9.7004,1.9791
70,2000,37.162645,27.5425,14.0,0.2568
70,2001,37.185093,25.8116,14.0,0.3632
70,2002,36.986749,25.2498,14.0,0.3381
70,2003,37.21177,26.3808,14.0,0.0219
70,2004,36.80134,23.3182,14.0,-0.1433
70,2005,36.748414,23.0928,14.0,-0.1077
70,2006,36.401516,22.542,14.0,-0.0471
70,2007,36.221757,23.7791,14.0,-0.0781
70,2008,35.974659,23.9547,14.0,0.0919
70,2009,35.897581,23.3329,14.0,0.4828
70,2010,35.975602,24.0015,14.0,0.6746
70,2011,36.451997,26.2516,14.0,0.6883
70,2012,36.904099,26.5446,14.0,0.8046
70,2013,37.010462,26.1128,14.0,0.683
70,2014,37.200375,26.9099,14.0,0.5425
70,2015,37.27683,25.825,14.0,0.6863
70,2016,37.305465,25.3701,14.0,0.6532
70,2017,37.474974,26.5967,14.0,0.1961
70,2018,37.430425,26.061,14.0,0.0379
70,2019,37.572481,25.7929,14.0,-0.0506
71,2000,29.870157,19.0344,14.0,0.7262
71,2001,29.246587,17.8947,14.0,0.759
71,2002,28.562767,15.8138,14.0,0.7575
71,2003,28.312594,17.013,14.0,0.535
71,2004,28.115489,18.9467,14.0,0.8311
71,2005,28.098061,20.5647,14.0,0.4745
71,2006,28.417763,22.028,14.0,0.4154
71,2007,28.738419,23.3643,14.0,0.4147
71,2008,29.270451,24.2393,14.0,0.1253
71,2009,29.699014,23.4539,14.0,0.1399
71,2010,29.795667,21.8012,14.0,0.1553
71,2011,29.763969,21.4262,14.0,0.3925
71,2012,30.874083,26.8308,14.0,0.2171
71,2013,31.604328,26.4528,14.0,0.331
71,2014,32.299872,28.4207,14.0,0.2992
71,2015,32.770753,27.1704,14.0,0.3711
71,2016,32.739253,23.7468,14.0,0.3477
71,2017,32.775084,25.7434,14.0,0.6542
71,2018,32.475813,22.1314,14.0,0.6459
71,2019,32.430586,23.0748,14.0,0.7142
72,2000,35.707549,25.5984,13.3454,0.6657
72,2001,35.315373,24.026,13.5293,0.6617
72,2002,35.113283,23.354,13.6379,0.8324
72,2003,35.012527,24.6922,13.7083,0.8777
72,2004,35.3351,26.576,13.5176,0.8582
72,2005,35.839029,29.555,13.7558,0.7956
72,2006,36.023336,28.1498,13.8265,0.7121
72,2007,35.92453,25.8875,13.812,0.5312
72,2008,35.609671,24.9551,13.8091,0.7465
72,2009,35.89183,27.0261,13.8011,0.6021
72,2010,35.531496,24.8142,13.6275,0.6216
72,2011,35.666886,26.3605,13.6802,0.4708
72,2012,35.765016,26.8336,14.0,0.6011
72,2013,35.530727,25.54,14.0,0.5577
72,2014,35.755463,27.0201,14.0,0.5888
72,2015,36.091338,27.9736,14.0,0.6579
72,2016,36.181256,27.3791,14.0,0.7734
72,2017,36.716667,29.1241,14.0,0.7183
72,2018,36.796591,28.5337,14.0,0.5514
72,2019,37.272325,30.1114,14.0,0.4933
73,2000,19.930715,14.6775,8.8679,1.7929
73,2001,19.665574,15.0203,8.8051,2.0557
73,2002,19.474165,15.2088,8.9402,1.7146
73,2003,19.935983,17.6561,8.7886,1.8914
73,2004,19.977978,18.1161,8.7402,1.8355
73,2005,20.370144,18.6932,8.95,1.8195
73,2006,20.612297,19.0413,9.0619,1.8171
73,2007,21.662083,23.847,9.1003,1.7883
73,2008,22.591242,24.4201,9.2843,1.9528
73,2009,23.259036,22.8379,9.3432,1.9805
73,2010,23.338405,20.5524,9.1089,1.9801
73,2011,23.731229,21.9111,9.3118,1.9099
73,2012,23.85944,20.0114,9.2052,1.8244
73,2013,23.487893,19.3325,8.968,1.8319
73,2014,23.160298,17.709,8.9926,1.6716
73,2015,22.454741,15.5054,8.9655,1.6169
73,2016,22.161132,17.0051,8.9611,1.7703
73,2017,22.056319,17.9957,8.9298,1.8581
73,2018,21.816296,17.1777,9.2615,2.0348
73,2019,21.143272,15.1708,9.6604,2.1111
74,2000,21.269005,20.4962,8.5466,2.0536
74,2001,21.375162,21.3471,8.8077,1.9942
74,2002,21.390567,19.7073,8.7583,2.3064
74,2003,20.883226,18.0337,8.8006,2.3324
74,2004,20.614766,17.5974,8.8573,2.3996
74,2005,20.101847,15.6964,8.9197,2.3922
74,2006,19.834464,16.6833,8.9063,2.3949
74,2007,19.614755,17.4208,8.9193,2.1979
74,2008,19.813813,18.7638,9.2313,2.4164
74,2009,19.577025,17.8639,9.3261,2.3397
74,2010,19.242854,17.7102,9.1706,2.4417
74,2011,18.749327,14.2754,9.4265,2.298
74,2012,18.537577,16.0382,9.7732,2.1301
74,2013,18.749852,17.0434,9.7197,2.0874
74,2014,18.996238,18.3233,9.5185,2.1012
74,2015,19.017557,17.5115,9.4067,2.0263
74,2016,18.954946,16.2789,9.648,1.7557
74,2017,18.508678,14.9429,9.8285,1.6431
74,2018,18.257368,15.4539,9.8102,1.6244
74,2019,18.600301,17.5918,9.8902,1.6796
75,2000,19.957604,17.0804,8.2575,1.8157
75,2001,20.053934,18.6009,8.574,1.8683
75,2002,20.576061,19.7104,8.6944,2.2576
75,2003,21.423531,23.1741,8.7572,2.5215
75,2004,21.9511,21.6056,9.0905,2.2984
75,2005,22.294621,20.3921,9.0992,2.176
75,2006,22.09754,18.8492,8.9061,2.1826
75,2007,21.717367,17.4797,9.0399,2.0867
75,2008,21.257041,16.1145,9.0822,2.0015
75,2009,20.480616,13.2386,9.1825,2.2514
75,2010,19.982112,14.6404,9.186,2.043
75,2011,19.89177,16.6863,9.3353,1.8315
75,2012,20.014379,16.5922,9.204,2.1333
75,2013,19.907808,16.4292,9.0169,2.0884
75,2014,19.987488,17.4024,8.7806,2.2754
75,2015,19.711899,15.2224,8.9898,2.1323
75,2016,19.239092,14.1312,9.2812,2.103
75,2017,19.062937,14.9625,9.4868,2.2157
75,2018,18.860119,14.6484,9.5798,2.2865
75,2019,18.581071,14.107,9.6117,2.0387
76,2000,34.983629,24.4699,13.8181,-0.4579
76,2001,35.184947,24.4508,13.712,-0.4445
76,2002,35.027154,23.9368,13.8175,-0.2219
76,2003,35.15555,25.1401,13.6248,-0.027
76,2004,35.457744,26.4703,13.6171,-0.0561
76,2005,35.698221,26.0716,13.7622,-0.0694
76,2006,35.553485,24.3178,14.0,0.2011
76,2007,35.329465,23.8106,13.9988,0.1212
76,2008,35.721386,26.9706,13.903,-0.0486
76,2009,35.7815,26.1361,13.8691,0.0674
76,2010,35.701403,24.936,14.0,0.3087
76,2011,35.72866,24.4024,13.9716,0.1353
76,2012,35.590705,23.6523,14.0,0.126
76,2013,35.091818,21.8397,14.0,0.0277
76,2014,35.004209,23.7178,14.0,-0.0369
76,2015,34.910064,24.3096,14.0,0.0434
76,2016,34.546231,23.0927,14.0,-0.0804
76,2017,34.614468,24.3451,14.0,0.1091
76,2018,34.927364,25.0296,14.0,0.0449
76,2019,34.861456,23.5517,14.0,0.1704
77,2000,33.314487,23.3643,14.0,0.109
77,2001,33.114203,22.9224,14.0,0.1818
77,2002,32.956263,23.806,14.0,0.3564
77,2003,32.970781,24.3727,14.0,0.3425
77,2004,33.420526,26.1168,14.0,0.2453
77,2005,33.864647,26.5455,14.0,0.2751
77,2006,33.991065,26.0128,14.0,0.3575
77,2007,33.941929,25.8798,14.0,0.4483
77,2008,34.199523,26.967,14.0,0.7761
77,2009,34.265504,27.4369,14.0,0.8777
77,2010,34.640054,28.8193,14.0,1.0642
77,2011,35.063083,30.1009,14.0,1.0837
77,2012,35.126406,27.8896,14.0,1.2397
77,2013,35.236453,27.0143,14.0,1.1759
77,2014,35.42041,27.748,14.0,1.3005
77,2015,35.054968,25.2122,14.0,1.2447
77,2016,34.896838,25.2575,14.0,1.2978
77,2017,35.106617,27.7242,14.0,1.4531
77,2018,34.913726,27.8944,14.0,1.1739
77,2019,35.120491,27.837,14.0,1.0757
78,2000,37.200375,25.2129,14.0,0.3749
78,2001,37.125358,25.5686,14.0,0.406
78,2002,36.689891,24.0834,14.0,0.7051
78,2003,36.111355,23.2004,14.0,0.8611
78,2004,35.69872,23.8179,14.0,0.757
78,2005,35.08306,21.8611,14.0,0.7014
78,2006,34.898031,23.3966,14.0,0.7078
78,2007,34.85917,23.0021,14.0,0.708
78,2008,34.430387,21.7906,14.0,0.7601
78,2009,34.472575,23.7003,14.0,0.817
78,2010,34.307613,23.0086,14.0,0.8546
78,2011,34.04303,22.9048,14.0,0.965
78,2012,34.230466,24.7039,14.0,0.9311
78,2013,34.883977,27.9433,14.0,0.7949
78,2014,35.165435,26.1917,14.0,0.7646
78,2015,35.741694,28.6733,14.0,0.7726
78,2016,36.04093,26.7574,14.0,0.7403
78,2017,35.937223,24.3124,14.0,0.6732
78,2018,35.560725,22.8165,14.0,0.6399
78,2019,35.574315,24.7265,14.0,0.781
79,2000,18.942339,19.0965,8.5226,2.015
79,2001,19.191401,18.3493,8.5963,2.0509
79,2002,18.756917,15.8533,8.4735,1.8754
79,2003,18.386775,14.634,8.563,1.6318
79,2004,18.3034,15.5711,8.626,1.6985
79,2005,18.000675,15.1948,8.7764,1.7351
79,2006,17.792758,15.8733,9.0618,1.6954
79,2007,18.111599,20.3124,9.0648,1.7125
79,2008,18.597632,19.5067,9.4114,1.7902
79,2009,19.058934,17.9108,9.4377,1.6847
79,2010,19.158675,18.0657,9.4342,1.8183
79,2011,19.369644,19.2513,9.392,1.883
79,2012,19.225738,16.9056,9.4767,1.6934
79,2013,18.714156,15.5635,9.5968,1.7578
79,2014,18.701189,16.3907,9.6193,1.9747
79,2015,18.800327,16.747,9.6733,2.1272
79,2016,18.791509,17.4271,9.6657,2.4123
79,2017,19.773328,22.8634,9.8249,2.374
79,2018,20.046782,20.2768,9.7043,2.0992
79,2019,20.287462,20.2119,9.715,2.304
80,2000,20.408584,17.9496,9.2454,1.8196
80,2001,20.521921,18.4448,9.0953,1.6795
80,2002,20.307234,16.7901,9.16,1.6768
80,2003,20.175203,17.3056,9.3701,1.6388
80,2004,20.459208,18.0185,9.041,1.6251
80,2005,20.56126,17.3713,9.2375,1.8146
80,2006,20.382117,16.6749,9.1931,1.7297
80,2007,20.017829,15.2437,9.1905,1.6343
80,2008,19.750762,15.161,9.2111,1.6527
80,2009,19.779369,16.8513,9.3059,1.7213
80,2010,19.544987,16.5005,9.1568,2.0053
80,2011,19.10345,14.9232,9.2512,2.2715
80,2012,18.855488,14.5415,9.0843,2.4873
80,2013,18.85157,14.7204,9.4108,2.5673
80,2014,18.583659,14.9696,9.3556,2.261
80,2015,18.682134,15.2272,9.3759,2.1182
80,2016,18.217823,13.9205,9.3884,2.0898
80,2017,18.109631,13.6045,9.69,1.8889
80,2018,17.734095,12.5684,9.6574,1.8249
80,2019,17.693085,13.6398,10.0783,1.69
81,2000,20.064923,19.2531,9.457,2.4368
81,2001,19.997548,18.5469,9.4025,2.4239
81,2002,19.865851,17.3654,9.2792,2.4913
81,2003,19.715494,17.8457,9.2055,2.4762
81,2004,19.556685,18.4871,9.0799,2.66
81,2005,19.581534,18.5122,9.2567,2.4238
81,2006,19.644621,18.9585,9.5994,2.3867
81,2007,19.751972,18.2135,9.7825,2.5914
81,2008,19.355869,15.8024,9.9168,2.6594
81,2009,18.955862,17.5994,9.8555,2.593
81,2010,18.703952,16.5391,9.8826,2.5891
81,2011,18.39248,15.3884,10.0094,2.4267
81,2012,17.97013,15.6599,9.8252,2.5236
81,2013,17.967259,16.5319,9.8217,2.7575
81,2014,17.67414,16.2792,9.8365,2.8687
81,2015,17.971315,17.6176,9.7136,2.6167
81,2016,18.083113,17.475,9.5106,2.6931
81,2017,18.109383,16.3095,9.5818,3.0023
81,2018,17.864667,15.8476,9.5721,2.8124
81,2019,17.550403,16.1483,9.6771,2.3894
82,2000,23.190986,22.1841,8.9203,2.1766
82,2001,23.308782,21.6971,8.9507,2.2389
82,2002,23.446182,20.5203,8.7985,2.2449
82,2003,23.27461,19.1107,8.6756,2.0204
82,2004,23.098061,18.5944,8.8907,2.1267
82,2005,22.967755,17.8946,9.28,2.1232
82,2006,22.939811,18.9676,9.4574,2.174
82,2007,22.893439,18.1396,9.3859,2.2052
82,2008,22.775167,18.606,9.1646,2.0759
82,2009,22.385823,16.3984,9.1842,2.117
82,2010,22.128059,16.85,9.1916,2.1146
82,2011,22.462831,19.3876,9.1761,2.0385
82,2012,22.45509,18.1259,9.3831,2.1493
82,2013,22.261654,16.3207,9.3116,2.0183
82,2014,21.807986,15.6361,9.1536,2.1642
82,2015,21.560533,15.9792,9.2033,2.2865
82,2016,21.058954,13.8134,9.3855,2.3215
82,2017,21.065965,17.3202,9.3156,2.6337
82,2018,21.302366,19.1188,9.5539,2.4615
82,2019,21.939997,22.1216,9.5086,2.5133
83,2000,17.520501,18.628,8.77,1.5675
83,2001,17.081842,17.2871,8.8138,1.4991
83,2002,16.539976,15.0566,8.914,1.652
83,2003,16.246288,15.8338,8.9064,1.4943
83,2004,16.325023,17.6177,9.0415,1.5693
83,2005,17.026534,20.0418,9.2364,1.6416
83,2006,17.123397,19.1841,9.3785,1.4055
83,2007,17.395112,19.4804,9.5315,1.1191
83,2008,17.033582,17.9331,9.6608,1.022
83,2009,17.260979,19.8126,9.8246,1.1742
83,2010,17.658453,21.0887,10.0789,1.4181
83,2011,17.922554,20.2234,10.1135,1.4618
83,2012,18.456066,22.696,10.1126,1.4231
83,2013,18.832723,21.6457,10.1654,1.395
83,2014,19.339243,22.8783,10.1715,1.7028
83,2015,19.295837,20.511,10.0035,1.7528
83,2016,19.062086,19.5803,10.0243,2.2247
83,2017,18.152695,15.062,10.2665,2.4233
83,2018,17.281822,14.9786,10.31,2.7795
83,2019,16.588169,15.0827,10.4333,2.6549
84,2000,20.471268,14.8287,9.0323,2.316
84,2001,20.545384,18.3537,9.0731,2.1415
84,2002,20.111415,15.4353,8.8711,2.1988
84,2003,20.105586,16.3057,8.9792,2.3282
84,2004,19.71158,14.2987,9.1789,2.3981
84,2005,19.629613,14.7006,9.2228,2.4795
84,2006,19.502564,15.8432,9.3256,2.4771
84,2007,19.475051,16.6575,9.2969,2.2223
84,2008,19.525036,16.2355,9.2287,2.1154
84,2009,19.701562,17.0954,9.2636,2.1058
84,2010,20.103742,19.0862,9.3625,2.2272
84,2011,20.234638,19.3494,9.2631,2.2242
84,2012,20.466374,17.867,9.2746,2.2672
84,2013,20.368448,16.5609,9.4009,1.9731
84,2014,20.836866,19.0073,9.584,1.9522
84,2015,21.077145,18.5003,9.5369,2.1154
84,2016,21.422214,19.5194,9.6812,1.8666
84,2017,21.804885,18.9769,9.8131,1.8037
84,2018,21.791356,17.9402,9.6344,1.7304
84,2019,21.851202,18.1113,9.6267,1.5915
85,2000,18.32367,19.652,9.2276,1.7063
85,2001,18.143449,18.6968,9.0452,1.9605
85,2002,18.29253,19.7783,8.9734,2.0252
85,2003,18.492967,19.97,9.1166,1.8408
85,2004,18.689049,21.4428,9.1522,1.7517
85,2005,18.276244,16.7895,8.8551,1.7746
85,2006,17.517326,15.5576,8.6509,1.7275
85,2007,17.175091,16.0256,8.7188,2.0127
85,2008,16.555428,15.4145,8.753,2.0486
85,2009,16.292934,15.9977,8.9201,1.9266
85,2010,16.372113,15.4908,9.3856,1.881
85,2011,16.608376,18.5105,9.4618,1.839
85,2012,16.750564,17.5783,9.4294,1.9589
85,2013,16.50838,17.1995,9.3219,2.0897
85,2014,16.436568,17.8136,9.7257,2.189
85,2015,16.518189,17.5569,9.8177,2.215
85,2016,16.821464,18.439,9.8526,2.0079
85,2017,16.547428,15.4769,9.7,1.938
85,2018,16.302723,15.0038,9.8988,2.0854
85,2019,16.162761,14.6994,9.9287,2.0602
86,2000,32.290405,17.6716,14.0,0.54
86,2001,32.282579,20.2789,14.0,0.2225
86,2002,32.297521,22.7498,14.0,0.1505
86,2003,32.929145,24.6716,14.0,0.4865
86,2004,32.940958,23.2641,14.0,0.2002
86,2005,33.323979,24.9527,14.0,0.3982
86,2006,33.925379,25.0991,14.0,0.4011
86,2007,33.89874,24.0757,14.0,0.5395
86,2008,33.80528,22.7158,14.0,0.4865
86,2009,34.113377,24.8492,14.0,0.416
86,2010,34.62918,25.8797,14.0,0.4162
86,2011,34.568142,23.5669,14.0,0.3688
86,2012,34.757717,25.6026,14.0,0.3537
86,2013,35.009317,27.0568,14.0,0.3334
86,2014,35.401325,27.0289,14.0,0.4374
86,2015,35.508767,25.1098,14.0,0.3017
86,2016,35.757674,26.1737,14.0,0.4514
86,2017,36.009039,26.8445,14.0,0.5418
86,2018,36.265588,27.1225,14.0,0.5256
86,2019,36.743115,28.8522,14.0,0.598
87,2000,20.328219,17.4427,8.6444,2.0832
87,2001,20.113278,17.5014,8.7335,2.4
87,2002,19.526795,14.8601,8.7778,2.2562
87,2003,19.1957,15.4376,9.0685,2.0519
87,2004,19.1853,16.6355,9.1503,2.1984
87,2005,19.379079,18.3303,8.9538,2.0272
87,2006,19.606585,17.2499,9.1733,2.2103
87,2007,19.410245,15.7556,9.1426,2.2404
87,2008,19.335287,16.2178,9.3408,2.2381
87,2009,18.451481,11.8892,9.1146,2.3281
87,2010,18.144338,13.5036,9.0895,2.2483
87,2011,17.975249,15.945,8.8711,2.4932
87,2012,18.292982,17.9675,9.0753,2.4917
87,2013,18.765754,19.0289,9.0367,2.3919
87,2014,19.061778,18.6904,9.164,2.2083
87,2015,19.23566,17.9777,9.4418,2.0915
87,2016,19.689507,20.7292,9.4899,2.0536
87,2017,20.548895,21.4845,9.5551,2.0319
87,2018,21.01766,19.697,9.8344,2.1524
87,2019,21.485223,20.5366,9.8005,2.0573
88,2000,22.284274,24.0985,8.7915,2.1442
88,2001,22.65795,23.4447,8.8191,2.2323
88,2002,22.740304,22.0982,8.8457,2.4174
88,2003,23.080902,24.1074,9.032,2.3302
88,2004,23.152624,21.8999,9.1497,2.3024
88,2005,23.047444,20.2568,9.1212,2.4873
88,2006,22.942498,19.8621,9.1535,2.3768
88,2007,22.391705,18.4809,9.2085,2.4165
88,2008,22.361117,19.9458,9.0743,2.6029
88,2009,21.911389,18.1965,9.1384,2.7899
88,2010,21.719788,18.6925,9.305,2.8611
88,2011,21.344788,17.5819,9.3397,2.6928
88,2012,21.387263,20.8902,9.321,2.6737
88,2013,21.379478,20.0692,9.4919,2.7136
88,2014,21.266064,18.7767,9.7554,2.5936
88,2015,21.243818,19.1027,9.6119,2.7055
88,2016,20.947593,16.8973,9.791,2.8897
88,2017,20.762347,17.9054,9.6694,2.6254
88,2018,20.698032,18.0613,9.7023,2.5593
88,2019,20.637628,18.3048,9.9011,2.5229
89,2000,34.709499,27.9633,14.0,0.4803
89,2001,35.115623,27.0585,14.0,0.1421
89,2002,35.195524,25.4236,14.0,0.037
89,2003,35.266201,25.7589,14.0,0.2743
89,2004,35.698758,29.3191,14.0,0.3023
89,2005,36.052461,27.5543,14.0,0.2876
89,2006,36.174549,27.2306,14.0,0.3003
89,2007,36.455376,28.0298,14.0,0.3347
89,2008,36.676341,29.1962,14.0,0.3645
89,2009,36.831935,27.2527,14.0,0.512
89,2010,37.012851,28.0174,14.0,0.433
89,2011,37.021968,27.0918,14.0,0.4685
89,2012,37.246181,26.9975,14.0,0.3463
89,2013,36.802584,24.0129,14.0,0.2299
89,2014,36.694443,25.9497,14.0,0.1805
89,2015,36.617815,26.7281,14.0,0.1176
89,2016,36.578437,26.7756,14.0,0.0031
89,2017,36.388191,26.5447,14.0,0.1848
89,2018,36.480942,27.3895,14.0,0.0735
89,2019,36.493198,26.7186,14.0,0.2402
90,2000,16.943643,16.834,9.1635,1.6622
90,2001,16.609414,13.5427,9.3701,1.7778
90,2002,16.528306,15.4812,9.3433,1.6464
90,2003,16.355749,15.5159,9.5229,1.4586
90,2004,16.348896,15.9799,9.5884,1.2527
90,2005,16.55126,16.1952,9.8407,1.2282
90,2006,16.851985,17.5184,9.9748,1.2684
90,2007,17.000336,15.8435,10.0443,1.3798
90,2008,16.381085,11.9071,9.8855,1.2204
90,2009,15.99214,13.892,9.8624,1.3441
90,2010,15.972422,15.1562,9.8761,1.5006
90,2011,16.593275,17.6688,10.0003,1.439
90,2012,16.624382,16.5007,9.8008,1.831
90,2013,17.022729,18.4606,9.7042,1.5877
90,2014,16.881982,16.3945,9.7861,1.6282
90,2015,16.982479,16.9036,9.7204,1.6191
90,2016,16.820828,14.6437,9.8579,1.5875
90,2017,16.887425,16.0018,10.1354,1.6972
90,2018,16.463015,13.4313,10.3637,1.8138
90,2019,16.402432,16.2129,9.9593,2.0032
91,2000,34.92671,25.714,13.9848,0.6631
91,2001,34.918914,24.9073,14.0,0.5685
91,2002,35.068708,25.2328,14.0,0.6857
91,2003,35.029253,24.1621,14.0,0.6291
91,2004,35.660161,27.3067,14.0,0.6734
91,2005,35.941479,27.1426,14.0,0.857
91,2006,36.101432,26.4432,14.0,0.8736
91,2007,36.152544,24.6743,14.0,1.0115
91,2008,36.02985,26.2471,14.0,1.0806
91,2009,35.94204,25.6562,14.0,0.9253
91,2010,35.987293,25.5023,13.8629,0.7953
91,2011,35.949323,24.0426,13.9786,0.9446
91,2012,35.889834,23.7862,14.0,0.966
91,2013,35.924101,25.3739,14.0,1.212
91,2014,35.886783,25.1705,14.0,1.0425
91,2015,35.467825,22.9478,14.0,0.9538
91,2016,35.21896,24.005,14.0,1.0304
91,2017,35.307833,26.1774,14.0,0.9403
91,2018,34.867591,22.1689,14.0,1.0796
91,2019,34.367688,21.4601,14.0,1.0421
92,2000,19.59512,18.4778,8.9338,1.7257
92,2001,19.558819,15.572,8.9684,1.3669
92,2002,19.511435,15.663,8.7898,1.6808
92,2003,19.224096,14.2101,9.0339,1.7993
92,2004,19.037939,14.2717,9.0834,1.5754
92,2005,19.559554,18.0343,9.1905,1.9001
92,2006,19.752806,17.9429,9.2973,2.1473
92,2007,20.072373,18.5636,9.1427,2.0007
92,2008,20.542162,18.1665,9.1957,2.0594
92,2009,20.956159,18.5365,9.4842,2.0374
92,2010,21.270981,18.7179,9.7332,2.2934
92,2011,21.731718,20.7159,9.8514,2.0242
92,2012,22.267637,21.0674,9.989,1.9786
92,2013,22.648505,21.7677,10.3675,2.077
92,2014,23.509989,24.1868,10.3315,2.2595
92,2015,23.995892,23.7001,10.2593,2.2271
92,2016,24.26177,21.8215,10.3482,2.0111
92,2017,24.686706,21.2251,10.6966,2.1775
92,2018,24.429888,20.1092,10.4991,2.1271
92,2019,24.233375,18.4869,10.6002,1.9013
93,2000,22.726826,18.3271,9.4436,2.5257
93,2001,22.257155,16.3354,9.5814,2.3455
93,2002,22.637737,19.4985,9.6268,2.1301
93,2003,22.938397,18.8967,9.8066,1.9309
93,2004,22.583564,17.2757,9.5058,1.6372
93,2005,22.426258,16.8099,9.7461,1.5296
93,2006,22.531088,18.2111,9.9331,1.4433
93,2007,22.65319,19.1525,9.8889,1.422
93,2008,22.869712,19.6311,10.0302,1.5823
93,2009,23.337566,22.8367,10.1938,1.3791
93,2010,24.173628,23.5934,10.0269,1.2225
93,2011,24.418102,20.7086,10.2526,1.438
93,2012,24.823709,21.6805,10.179,1.6505
93,2013,25.002264,19.9425,10.1515,1.6297
93,2014,25.44068,22.8641,10.1916,1.8
93,2015,26.085836,23.0304,9.911,1.6655
93,2016,26.10556,21.5661,9.903,1.5897
93,2017,26.165957,22.327,10.1305,1.6008
93,2018,26.635964,24.0,10.2018,1.4389
93,2019,26.723428,22.3416,10.3723,1.5445
94,2000,33.56788,25.0694,14.0,0.3235
94,2001,33.72427,24.3038,14.0,0.1061
94,2002,34.025075,26.3502,14.0,0.2319
94,2003,34.049847,25.2407,14.0,0.2222
94,2004,34.320875,25.8311,14.0,0.0454
94,2005,34.051246,23.0522,14.0,-0.1215
94,2006,33.776438,22.9745,14.0,0.0384
94,2007,33.494409,22.6542,14.0,0.1747
94,2008,33.383218,22.0265,14.0,0.0282
94,2009,33.34563,22.7484,14.0,0.0445
94,2010,32.870753,20.9046,14.0,0.3602
94,2011,32.424016,21.559,14.0,0.5594
94,2012,32.386012,23.2794,14.0,0.6243
94,2013,32.822946,27.0088,14.0,0.6737
94,2014,33.520072,29.3835,14.0,0.9269
94,2015,34.150286,28.3633,14.0,1.1099
94,2016,34.626543,27.3524,14.0,1.0187
94,2017,34.748189,26.5293,14.0,0.9521
94,2018,34.85223,27.1314,14.0,0.7145
94,2019,35.391948,28.7069,14.0,0.5978
95,2000,22.79503,20.0503,8.5246,2.1693
95,2001,22.919032,20.6024,8.4185,2.3536
95,2002,22.995636,19.6261,8.5763,2.55
95,2003,22.444186,17.3167,8.5992,2.7191
95,2004,21.807565,15.2165,8.635,2.596
95,2005,21.929303,18.8588,8.638,2.4801
95,2006,22.211498,18.5437,8.9895,2.6408
95,2007,22.009066,17.844,8.96,2.5269
95,2008,22.034777,18.4191,9.3162,2.2865
95,2009,22.219273,19.0001,9.2853,2.2736
95,2010,22.186952,18.5958,9.2891,2.2157
95,2011,22.18853,18.6485,9.2262,1.9221
95,2012,21.821096,16.0524,9.125,1.9675
95,2013,21.718939,17.3043,8.9567,1.8743
95,2014,22.246237,20.7656,9.0492,2.0395
95,2015,22.888657,22.2449,9.0796,1.9681
95,2016,23.647696,23.8227,9.2553,1.8582
95,2017,24.381781,24.5008,9.2935,1.5782
95,2018,25.280706,26.0668,9.5281,1.7007
95,2019,25.664997,24.2866,9.5384,1.505
96,2000,35.833684,27.9353,14.0,0.388
96,2001,35.688467,26.7373,14.0,0.4713
96,2002,35.330252,23.4255,14.0,0.6462
96,2003,35.071428,23.7404,14.0,0.6931
96,2004,34.451254,23.5707,14.0,0.886
96,2005,33.845168,22.2493,14.0,0.9783
96,2006,33.926544,25.8925,14.0,1.0965
96,2007,33.803403,23.743,14.0,1.1645
96,2008,33.580608,23.8922,14.0,1.1374
96,2009,33.210504,21.6651,14.0,1.0685
96,2010,33.455613,24.3917,14.0,1.3402
96,2011,33.742434,25.1421,14.0,0.9163
96,2012,33.821282,26.3703,14.0,1.0345
96,2013,34.457259,28.6965,14.0,1.1432
96,2014,34.60454,26.9895,14.0,1.3203
96,2015,35.127617,28.3194,14.0,1.3208
96,2016,35.726486,29.697,14.0,1.4568
96,2017,36.135535,28.9598,14.0,1.5623
96,2018,36.208909,28.6867,14.0,1.3219
96,2019,35.922104,26.2144,14.0,1.151
97,2000,18.835085,16.5607,8.299,1.7239
97,2001,18.714984,15.5285,8.5192,1.7006
97,2002,18.742987,16.4196,8.5135,1.8111
97,2003,18.315182,14.1185,8.569,1.9019
97,2004,18.27313,15.7576,8.7372,1.6171
97,2005,18.378892,18.461,8.8257,1.5578
97,2006,18.687794,17.2578,8.9937,1.4829
97,2007,18.982252,19.5958,9.1113,1.4073
97,2008,19.22356,18.9918,9.2931,1.4357
97,2009,19.842844,21.0569,8.9954,1.2873
97,2010,20.583218,22.7539,9.1521,1.341
97,2011,21.362962,22.1623,9.2403,1.4035
97,2012,22.160872,23.6759,9.3278,1.7329
97,2013,22.744647,24.3844,9.3385,1.8065
97,2014,23.047414,22.3885,9.3042,1.9069
97,2015,23.415035,21.6008,9.2942,1.846
97,2016,23.539576,20.2495,9.3321,1.5241
97,2017,23.418314,19.651,9.4091,1.4806
97,2018,23.004633,18.4303,9.2049,1.3715
97,2019,22.424714,15.7157,9.3176,1.4945
98,2000,21.198643,18.5948,9.4931,1.8934
98,2001,20.939033,16.4198,9.668,1.8872
98,2002,20.812225,15.928,9.8887,1.9615
98,2003,21.10516,18.7806,10.1557,1.7616
98,2004,21.172021,18.4089,10.3731,2.0178
98,2005,21.047835,16.4066,10.3573,2.2912
98,2006,20.495384,14.3058,10.4855,2.2501
98,2007,20.19471,15.0075,10.2681,2.2907
98,2008,19.707934,13.6392,10.2586,2.2399
98,2009,19.409506,15.3482,10.1681,2.1463
98,2010,19.346324,15.1033,10.0381,2.0942
98,2011,19.384471,15.1053,9.9603,1.9491
98,2012,19.276321,14.9448,9.8181,2.0037
98,2013,19.024804,13.9474,9.991,2.2159
98,2014,19.058787,16.3679,10.1683,2.2491
98,2015,19.440205,18.7067,10.4672,2.1746
98,2016,18.941073,14.4486,10.3239,1.8943
98,2017,18.96816,17.2898,10.3954,2.0473
98,2018,19.354089,17.786,10.3341,2.0962
98,2019,19.619322,16.9614,10.5452,1.7012
99,2000,19.110548,18.2065,8.4575,1.9049
99,2001,19.215746,16.9848,8.6279,1.8561
99,2002,19.204986,18.9631,8.6561,1.9787
99,2003,19.163151,18.0184,9.1082,2.319
99,2004,18.961479,17.0483,9.3062,2.1288
99,2005,19.013483,18.7009,9.1346,2.2224
99,2006,19.498857,21.9319,9.1906,2.3529
99,2007,19.878383,20.0139,9.1108,2.3024
99,2008,19.893203,18.2499,8.9398,2.4725
99,2009,19.768552,18.2677,9.2265,2.5229
99,2010,19.95651,19.0034,9.4602,2.1932
99,2011,19.870474,18.4661,9.9308,2.0309
99,2012,20.060231,19.3836,9.8511,2.1392
99,2013,20.315311,20.4215,9.8661,2.1316
99,2014,19.973204,17.2884,9.928,2.2574
99,2015,19.814522,17.7927,10.0789,2.2244
99,2016,19.715239,19.2914,9.7694,2.4633
99,2017,19.844098,18.7314,10.0242,2.4088
99,2018,19.54682,18.5006,10.0032,2.5235
99,2019,19.507386,18.6863,10.163,2.5618
100,2000,19.200353,15.4793,9.424,2.4066
100,2001,19.312838,16.7528,9.7531,2.4775
100,2002,19.599326,16.895,9.9742,2.6002
100,2003,19.747951,18.2074,9.9435,2.3748
100,2004,20.342694,19.7284,10.1375,2.4447
100,2005,21.010918,22.1158,9.7633,2.3009
100,2006,21.522741,19.9251,9.8453,2.3061
100,2007,21.698504,19.1325,9.6429,2.1778
100,2008,22.015633,20.3672,9.7085,2.1946
100,2009,22.368145,21.082,9.6806,2.2574
100,2010,22.737577,21.2845,9.6655,2.3734
100,2011,22.730992,19.4045,9.8702,2.3134
100,2012,22.613913,18.2319,9.838,2.2353
100,2013,22.111708,15.3434,9.5732,2.2343
100,2014,21.615781,15.2739,9.6729,2.3775
100,2015,21.321584,14.8722,9.8563,2.1972
100,2016,21.024042,16.0703,9.8536,2.2482
100,2017,20.6086,15.6462,9.7303,2.0812
100,2018,20.561928,16.3269,9.9681,1.9048
100,2019,20.427862,14.9398,10.2105,1.8257
