entity,time,y,x
1,1,-39.37899469984171,-0.6777214471458357
1,2,-40.454465002261436,-2.7649622263558378
1,3,-38.201298811684985,0.8948033777302304
1,4,-37.091230851180256,0.7639095274379486
1,5,-36.523600514878545,0.16551152771457467
1,6,-37.34489167965787,-0.5581907689757559
1,7,-36.51773587333294,1.5984078393234942
1,8,-39.2161105065219,-1.787211865114611
1,9,-40.4694622474609,-0.7843783419660694
1,10,-40.510411135204656,-1.4663452864855158
2,1,-17.119078508297136,-3.298281365499791
2,2,-17.03846689793433,0.21385169903685072
2,3,-16.11532280442834,-0.06930605988926164
2,4,-15.718840521968175,1.2130145118061124
2,5,-17.751175083813195,-1.7559602472831453
2,6,-18.475756857740052,-0.07858525308218464
2,7,-16.67606066412522,-0.3054075555059961
2,8,-18.142085437615478,-1.2631874259731077
2,9,-19.968431072826835,-1.4681595891719548
2,10,-20.585005437325638,-1.175506223315103
3,1,48.30310492366123,-0.6937015850707444
3,2,46.75954442339467,-1.2772158289153073
3,3,46.392078548319205,1.836647243412608
3,4,46.76828874186044,-0.4842273542806996
3,5,48.48908427296363,-0.037547531999542756
3,6,48.78965156761647,-0.4759326991031575
3,7,50.56893650754445,0.16748631143076798
3,8,49.67375021267254,-1.048618847400571
3,9,49.71867575114093,-0.6203748190111922
3,10,48.42592789364445,-0.912111591707082
4,1,1.3368283595720059,-0.21860943483725345
4,2,0.23267167673854483,-0.5142328876888154
4,3,1.1874958062434908,0.4038391461860933
4,4,0.27073442645783063,-0.3350595800581669
4,5,1.7292683303316698,2.4210069575501385
4,6,2.8001233677566373,-0.2807919432837501
4,7,3.025330006728689,1.5631731284362487
4,8,3.2462785067166973,0.7112323067828596
4,9,3.2230540907404452,0.9837439699469787
4,10,3.3212488865679877,0.36769378094808336
5,1,33.509916533029696,1.2398577404105822
5,2,34.32887061326395,-0.40105143493418965
5,3,34.906466267778995,1.3357075192161314
5,4,35.69313399325908,1.3308161563575773
5,5,33.78488144008227,-0.3856564045703442
5,6,33.63194901176961,0.07839076233574165
5,7,34.39547525875337,1.470021219768086
5,8,34.69179687142992,0.17595922263627758
5,9,35.37308469927998,-0.7000633011294017
5,10,35.37095423664264,1.1046056159437345
6,1,34.07681139853062,0.2424651362898476
6,2,33.493803933765975,-0.7238754715598279
6,3,33.33876898148321,0.6608736375039787
6,4,32.79187718157265,0.05663847175921917
6,5,33.721422484365675,1.1448120020712582
6,6,30.88850223038446,-0.5080966590303417
6,7,28.393861439594314,-0.7498021266934427
6,8,25.227668336222642,-0.8623407771587751
6,9,25.21599436199233,1.0602115000195484
6,10,24.980451839479247,-0.024657932365269697
7,1,-22.94947096467142,-0.6590689019022733
7,2,-23.065289357349464,0.880500103165514
7,3,-23.523137325909072,-0.28837765686933786
7,4,-24.384333585344393,-0.07104357173402291
7,5,-24.416530071967678,-0.180547141901866
7,6,-22.644193473607377,-0.7780471712864202
7,7,-22.772645764946617,0.5643893129106333
7,8,-22.115132333766994,-0.22536323081692217
7,9,-23.09010050154527,-1.0114095605207143
7,10,-22.25205784358699,-0.4285597611185235
8,1,23.125601189313706,-0.8692510218008466
8,2,23.57164205945627,0.8531474838067373
8,3,23.66759605989426,-0.5808204150444121
8,4,23.311481887342687,0.5653671253477075
8,5,23.27512098756832,1.741154543767276
8,6,23.192044808441437,0.12300387562790657
8,7,22.17003235960202,-0.8904169083698679
8,8,22.023653281889974,-0.31652666353986286
8,9,20.74657401122205,-1.0082484098570939
8,10,22.108579091628883,0.8380269239807412
9,1,-7.892254540544805,0.7692921011818341
9,2,-9.416781743749116,-0.9212147417572294
9,3,-10.961895204439573,-1.2431571158930752
9,4,-11.769795189126071,-0.42349501954062335
9,5,-10.73501736388753,-0.9098534868474963
9,6,-10.232423750177231,0.1340050939087656
9,7,-9.21618726908146,-0.29995137472298083
9,8,-10.09239771783161,0.7138710213108397
9,9,-8.792732850507727,-0.526185961416364
9,10,-8.628150435517027,-1.8529131041442848
10,1,-11.021346682181525,0.6591584400106169
10,2,-10.925299068082257,-0.1641878442164004
10,3,-11.959643767702172,-0.7889875161052061
10,4,-11.7555088165775,-0.7481745632814722
10,5,-9.92054086650358,-0.9961610491898207
10,6,-10.820477838274876,-1.0979546136330294
10,7,-10.846813975179884,0.43353869841477527
10,8,-10.37588803119213,0.18671811365489493
10,9,-11.160204056956644,-1.133785298536118
10,10,-11.009243861982313,-1.5101346869492118
11,1,5.98369483011326,0.23447424997227878
11,2,6.6402794559750795,0.8598592936243973
11,3,7.81500139599843,0.7808461914094146
11,4,8.842167681536411,0.7982167844560785
11,5,7.968529249392898,-1.4428519530473525
11,6,7.7696354312198,-0.6792817629809829
11,7,8.235204152606224,0.4825795564214693
11,8,6.785467888450019,0.5452816740041388
11,9,7.179290198550345,0.2157739190766878
11,10,5.153462081970234,-2.3726806230533635
12,1,-55.81313591123567,0.08885051142852918
12,2,-54.89852907598658,-0.33451279524241745
12,3,-54.30950377376493,-0.9192281820211035
12,4,-52.77043737908973,0.2910394993326239
12,5,-52.94967003569865,-0.30276822989664276
12,6,-52.28169328157241,0.7536294006000572
12,7,-52.18587285292191,-1.3769263266386687
12,8,-51.04011370301584,1.777815318555742
12,9,-52.65652481673063,-0.7248776168400155
12,10,-54.15835440663612,-0.4189882771311695
13,1,44.055189682293616,-0.1852542001834248
13,2,42.66137136156825,0.21783919610958533
13,3,41.6286318799347,0.44574843255855545
13,4,41.59613450176838,-0.35212892467573964
13,5,41.28739249908929,-1.2806146097403082
13,6,39.863376804563565,-0.29454314507520024
13,7,41.976946646868555,1.2872986922549388
13,8,42.7423704967801,-2.3612344161235126
13,9,42.0104795632351,-0.642457688894623
13,10,41.918199630256055,-0.0026144178666096087
14,1,-30.923663083598797,-0.07567201036750378
14,2,-32.20204526767692,-2.2630674445249634
14,3,-31.545728174748543,0.30288309677363434
14,4,-32.229485107898434,-1.526191711077791
14,5,-30.98589081375413,0.4183045989984366
14,6,-30.928851866230243,-1.185504952020294
14,7,-30.845610987174787,-2.051935223012458
14,8,-31.512204882509057,-2.021433016775556
14,9,-30.281605991041236,0.18407975667167983
14,10,-30.23186648914865,-2.0745593781628346
15,1,38.29989657020623,-1.066986804520454
15,2,37.07432709138157,-0.7172351493231804
15,3,37.426660467119994,0.2822618595941803
15,4,37.87581228441012,-0.3526173322943589
15,5,38.67958873889555,-0.6211326549105125
15,6,38.43779961818524,1.202894343204212
15,7,38.08840067058368,-0.29930342104448027
15,8,37.56286231480315,1.4124274007597417
15,9,38.405324225562374,-1.0358640307656148
15,10,38.25874266969185,-2.8914674468958
16,1,9.361945828619811,-1.3479129112985582
16,2,9.92895895547698,1.3513573985688616
16,3,7.7130225728731086,-0.7529483034441415
16,4,8.890753000831795,-0.890917242220516
16,5,8.771240174997144,0.983950422804146
16,6,7.805815390492356,0.7766003609880466
16,7,9.624580586829625,0.18276856789414797
16,8,9.184770234738204,-0.9855437438794791
16,9,9.393383863963944,-0.2746477495654376
16,10,9.418867289269164,-0.5883977050859929
17,1,62.80193303621582,-0.22943103023315145
17,2,61.412807313253815,-0.5850162329917654
17,3,62.009283329184356,-0.9909935627658627
17,4,62.47123707455162,0.8397698529372748
17,5,63.00210750694437,-0.4181573039854164
17,6,65.72761593620294,1.2306106438113418
17,7,65.70083575289445,0.5295273279799719
17,8,64.74644309130171,-0.47959195813572175
17,9,64.80483958449702,0.43973948023291276
17,10,65.98253230285123,0.5475885165721817
18,1,-31.97990051633643,0.5151273326943641
18,2,-31.660519721127937,0.5781480277471933
18,3,-31.271903232730747,0.7021998047383246
18,4,-30.325316219058504,0.5739016763277034
18,5,-30.83292684340178,0.06628938066782462
18,6,-30.81006214602898,-0.7434381688839394
18,7,-31.283970117581195,1.023272997694995
18,8,-32.72967054981237,-2.493167127871738
18,9,-35.32567820282897,-0.9867328816353128
18,10,-35.52418234178861,0.10563767939368993
19,1,-15.412656562128383,0.025369737567657476
19,2,-14.508658516033146,0.45106039500126277
19,3,-13.476147208000839,1.2536402953382981
19,4,-11.878428320890315,1.5081773846462143
19,5,-11.877879414144427,0.2754437694203668
19,6,-11.874238653973249,0.655571285694444
19,7,-11.954034927975446,0.0936402656804959
19,8,-10.122162784163288,1.5047689411092022
19,9,-10.501493428183023,-1.0043624461651757
19,10,-11.686315859724264,1.1970012514513628
20,1,13.531588262764759,1.4429671442012246
20,2,14.089921448442167,0.9364164806189785
20,3,13.292072190587485,-1.198601550042775
20,4,12.18207035902207,0.27288026788800424
20,5,12.54225624087415,0.0029396575355114213
20,6,13.15030085741042,0.09898386164939464
20,7,14.604187307837904,0.6798339152666216
20,8,16.03883502839531,0.4400840219028033
20,9,16.69412321568817,0.9106843394082074
20,10,15.800186711406653,-0.1600783398687678
21,1,-91.63142809484388,-0.4417875412500198
21,2,-88.92802669706639,-0.7320223633743064
21,3,-89.01897945121866,0.042068922640416014
21,4,-88.89053759816395,1.4204064052985763
21,5,-89.9593424867283,-1.040294389961607
21,6,-89.16941545680079,0.3723071346722849
21,7,-89.35856991994731,-0.6016919420849399
21,8,-90.77829843823652,-0.15379907860860603
21,9,-90.75722903981148,0.8206607348015701
21,10,-90.26600105920176,0.004020853164048964
22,1,27.359461906532637,-0.22928527444805624
22,2,28.963421198389323,-1.1377081875196926
22,3,30.6794300151789,-0.17158487654872495
22,4,30.68337837319919,-1.001295090946598
22,5,30.50993391266069,-0.11394089347066731
22,6,30.955620736210932,-1.952222205313483
22,7,31.076352340319758,-0.7150733505605669
22,8,31.770405151835934,-0.3571686139747487
22,9,32.08584915869568,-0.5412397290574541
22,10,31.46192728464311,-1.9217451711408577
23,1,64.6240986977354,-0.796540096720543
23,2,64.32531764695838,-0.9868986519162469
23,3,64.2291140129559,-0.18307049553782745
23,4,63.38516510446944,-0.7580191119376577
23,5,62.85795248895579,-0.4058509197500508
23,6,61.86897197572661,-0.9948066836487609
23,7,62.34720720154947,-0.374459033771729
23,8,61.26875513848762,0.1419518970300534
23,9,61.02943238533306,-0.4349405181391845
23,10,61.90330892206207,0.8346054472355718
24,1,45.35612236305969,-1.1392779817126006
24,2,46.97411462682544,1.2684536988447475
24,3,47.32503102665538,2.061816474665797
24,4,49.12260695352979,-0.5467976611163116
24,5,49.117707326291615,-0.3294167762064874
24,6,49.09078695386912,1.2231181246185516
24,7,45.72619990472981,-0.7883646611577743
24,8,45.86901657332151,-1.287401021862579
24,9,44.83932778554696,0.710626522984719
24,10,45.2331034564288,0.023311257401641982
25,1,25.731249191346564,-0.12779256214273607
25,2,26.43701121879626,-0.345209644238213
25,3,25.936394939554766,-0.9063216836864422
25,4,26.001815173424543,-1.5358931701866354
25,5,27.770516260063967,-0.09735714910818787
25,6,28.717870871493115,0.32514890835509547
25,7,28.69815282274158,-1.421183262365309
25,8,29.737814519856034,-0.7443501945844984
25,9,30.229995842685742,-1.596965264484017
25,10,32.1249235668363,0.7798645083486514
26,1,-5.324484571120559,1.8704249345060813
26,2,-5.013914277165906,1.2082256125857787
26,3,-3.4004817200633233,1.100389044160197
26,4,-6.0361560725394945,0.19618833682714315
26,5,-3.967224679514617,0.8430645880123707
26,6,-5.601340123052474,-0.7830346508914734
26,7,-4.994407115369552,0.3054434755979039
26,8,-3.42132519676746,0.34347758003503914
26,9,-4.285508491690588,1.415136076631978
26,10,-3.624803566868034,0.7004051003038466
27,1,48.5389918055052,-0.8947850311532936
27,2,48.851437012717646,1.27337993255674
27,3,50.33969350608053,1.4375268493082811
27,4,49.937435261969824,-0.005234770758253735
27,5,51.09509278765146,0.8098749919493864
27,6,50.01988829853321,0.9641776631296415
27,7,48.96138569936232,-0.3276288731737484
27,8,49.385338072830166,-0.267765088482963
27,9,50.005273279979626,0.481506956582194
27,10,50.174460517635694,0.739450021670315
28,1,41.913839653148045,0.024164038969379343
28,2,43.70833919864044,0.035412593290548834
28,3,44.79866209511167,2.250459207222356
28,4,43.60145731039156,-0.3716730313286527
28,5,42.65491255672058,0.4474763184378879
28,6,42.868012563597155,3.162874931875662
28,7,43.99981032262641,1.1382909456443353
28,8,44.395755487897446,0.3202912903879939
28,9,43.78685080130009,0.5342140442082836
28,10,45.37032283532728,-0.15294047751772546
29,1,14.516825219708814,0.39337162499840284
29,2,15.252680388138023,-1.299654890346596
29,3,14.608696024566179,-0.13234129438595235
29,4,13.715365641210138,0.20534472927440447
29,5,13.721852161551336,-1.3131635300454503
29,6,12.759593298667928,-2.9189669047895643
29,7,11.020866451691502,-0.9726662098871861
29,8,12.575067205258955,1.0383278646239018
29,9,11.897926961601847,-1.3823349426464695
29,10,14.055107317765918,0.2062882545128439
30,1,-1.51512779634098,-0.30858427432032215
30,2,-1.0252430917203494,1.2647406780763697
30,3,-1.7640069793286113,-0.9395391397982945
30,4,-2.7006803968800384,-1.1357101366373976
30,5,-2.570323313175499,0.4039119846478003
30,6,-1.7817457095175828,-0.5498220506969933
30,7,-0.2924074969464753,1.0530417149762097
30,8,-0.9789216552728871,-0.462951200512228
30,9,-1.0583666563531196,-0.19118430576454581
30,10,-1.2662238587636558,-0.059762153040123306
31,1,-11.13075409023631,2.528304892354332
31,2,-12.020628592929604,-0.9279567285331263
31,3,-11.414548030165317,2.076293249965512
31,4,-10.64221029995419,1.0299111763125368
31,5,-10.443898513678773,0.31905807680224846
31,6,-10.410933049024164,-1.7799077908524086
31,7,-13.485398830261481,-0.7535508617689625
31,8,-13.42298863348429,-0.21106784828821984
31,9,-11.326665053734274,0.9970243648620122
31,10,-10.827154212584906,-0.2897936449242427
32,1,-47.32254058643569,-0.4561214671488518
32,2,-44.319994642913116,0.4671323119388646
32,3,-45.21666441204686,-1.9564517921220075
32,4,-46.27383198636932,-1.5763483331293113
32,5,-47.01013800770183,-0.3218112221527367
32,6,-45.84923269219604,0.9693615701069144
32,7,-45.76666055684521,-1.2724836826014108
32,8,-45.466850001428824,0.7127474219746307
32,9,-45.7202384881646,0.5142863201710994
32,10,-46.86759455300929,-0.9191010663328237
33,1,46.32353203240204,0.47690149889215494
33,2,48.445323859912556,0.553870126918671
33,3,46.89773427787729,-0.4342332056863551
33,4,47.23596266996158,-1.0002921887488103
33,5,48.11498198102583,0.7003940426784601
33,6,46.40655211823117,-1.0366534037996875
33,7,45.669001994816234,0.2080554957476984
33,8,44.95973213008399,0.1403509381050131
33,9,44.456271218653406,0.7643833708806435
33,10,44.218030445475826,-1.4304932897410327
34,1,-80.690671510773,-1.2820852117312527
34,2,-80.29220990913149,-2.433285562801828
34,3,-80.2781009626048,-0.24460873041287656
34,4,-80.1946253164264,-0.4488134014695457
34,5,-80.60958778640325,-1.0810713700080037
34,6,-80.15300202702731,-0.3591296821192303
34,7,-80.57359055490627,1.5714189179969502
34,8,-81.87796104998512,0.827950041554172
34,9,-83.04269942196044,-2.2142221335180836
34,10,-82.13066525619253,-0.2759865559970118
35,1,-19.135215263038294,-1.7450439341296786
35,2,-16.992287574432595,1.2074063903817887
35,3,-17.219903376554466,-0.8589426897512649
35,4,-17.532434692638432,-1.4501276662244351
35,5,-17.150083198244356,1.1451832361787246
35,6,-15.736532622787532,0.05411534838292831
35,7,-15.197273111195924,0.5026527270837243
35,8,-16.042119179127006,-1.193151885292214
35,9,-13.10728458604303,0.46496670600136464
35,10,-13.613708685571165,0.6988456652570006
36,1,4.050274319661688,-0.5182016448202933
36,2,3.2468169901938118,-0.9369030358281284
36,3,5.103852609663425,-0.14487465782605746
36,4,4.354853019963898,-0.21848056358225204
36,5,3.833534055934793,0.5889054673264716
36,6,3.9240361210479664,-1.456647216961326
36,7,2.6143045775820672,-0.42173988097521814
36,8,3.6032682119252604,-0.5472257832563747
36,9,3.864214845637562,-0.46772644689092047
36,10,5.068518957438922,1.4156971610601286
37,1,34.12365500136542,0.8211200145674337
37,2,33.52808964452858,0.601545388401556
37,3,31.870351219005293,0.2587547673727426
37,4,31.406813458445573,0.11996966188980111
37,5,32.50780203490566,-0.5436588695071873
37,6,31.90177184607642,-0.5883334612451001
37,7,32.39194576755492,0.46453062522788635
37,8,32.93518069051598,1.5354960278114562
37,9,34.07533825105109,-0.03385312242511943
37,10,35.23092884691323,1.337322653018758
38,1,72.09996658159315,0.24636641570861084
38,2,72.0268518507977,-0.14755420608258552
38,3,71.79576679317793,0.61262732308641
38,4,71.91980021643327,-0.2312916312311619
38,5,73.16028968911618,-1.072922582540569
38,6,71.47440863034534,0.767406267385139
38,7,70.97209953962972,-0.9658785635184843
38,8,71.29376648241413,1.4463623849807135
38,9,69.69614931955499,-1.1669841042275144
38,10,71.20313460473652,-0.8986597504028414
39,1,42.83751976337736,0.6318729716889594
39,2,42.62606454906463,-1.4839463453916337
39,3,45.201789481434446,0.3464575355422879
39,4,43.60779928161516,-1.1460111385068115
39,5,44.514936977086855,0.8100061341927276
39,6,46.04507511999426,1.6888613122528082
39,7,46.59392590220477,0.5156645637943953
39,8,44.75786168920198,-2.2781945346706083
39,9,44.78857387629726,0.8594479682477152
39,10,44.563189585119176,-0.3851807554600671
40,1,-15.057474716949908,0.1343588491794459
40,2,-14.998495043946809,-0.8886912990237481
40,3,-13.207479376068367,-0.3628919115482049
40,4,-12.585024900005795,1.3677993736605965
40,5,-12.268640537703163,-0.07703904612640457
40,6,-12.24363563518238,-0.7422193284252964
40,7,-12.770271651161952,-0.22048529914991077
40,8,-13.025210807436885,-1.2597205672706757
40,9,-12.914677662179788,1.2767831695601215
40,10,-10.47593662409537,1.010758460548991
41,1,27.670849829299137,-1.47144691531904
41,2,26.538996258008932,-0.24419024508546838
41,3,24.69890322831757,-0.9916433614954554
41,4,24.788425040512582,-1.1582416638588586
41,5,26.12532952203326,0.48001732215915105
41,6,26.49846845922935,0.5778760478264305
41,7,26.802317690900725,0.4185254124368136
41,8,26.77504564696783,2.1516036696216108
41,9,27.679350605095973,1.3662826024236785
41,10,26.4546235688956,-0.9755330103601891
42,1,-51.28730344212133,-1.2101246071008525
42,2,-48.95953132450065,1.3715153368890431
42,3,-50.80217269181856,0.2763875755551527
42,4,-48.55809456195416,1.7380388167942098
42,5,-50.18495159015128,0.2967005518141909
42,6,-50.75317844997604,-0.3206655855568138
42,7,-51.11592634814179,-0.11196323277174619
42,8,-50.89848178278173,0.04002117119926387
42,9,-52.93409572119408,-1.784208715579235
42,10,-54.81512853769143,0.19193788393673444
43,1,55.59622206348056,-2.140391486991094
43,2,56.32583678804407,1.2174852472739186
43,3,56.90668226162511,1.0078017043860616
43,4,54.94117751123558,0.24441157730469296
43,5,52.709046568039156,0.5614182020016331
43,6,52.76868902323733,0.21691556028008452
43,7,53.83736164585253,-0.008168320215425533
43,8,52.017688572946334,-0.15661941859117728
43,9,53.01259679002713,0.9649496342247758
43,10,53.156657161375186,-0.4002238185685124
44,1,-6.909557761200151,-1.3793142595648855
44,2,-6.699050568683406,-0.28562540002220344
44,3,-5.156947922782675,0.27128202973479715
44,4,-5.862735728797983,-0.9039193519523069
44,5,-6.689564506799263,0.44849475761959245
44,6,-6.79403281521443,-1.2383152002849789
44,7,-5.544270369329252,0.8747518214893029
44,8,-5.526686268231778,-0.4994246101612519
44,9,-6.104275051295471,-0.7309035722455546
44,10,-5.815562307544858,0.49649496559404926
45,1,-26.40006249828482,0.7401107289924419
45,2,-25.838011650312108,-0.6383595593325122
45,3,-25.217726979226995,0.07501917654895172
45,4,-26.227465324374258,-0.6877347246113492
45,5,-26.63687174213888,-0.040744455706877784
45,6,-24.282449404388473,2.0149965529131055
45,7,-24.3468628045235,0.03432342967246758
45,8,-25.034067103539147,-0.39547622430110524
45,9,-27.031599160179464,-1.4694835774558124
45,10,-28.67693083183991,0.5498726459469222
46,1,-21.597208467299698,-0.42050756231937914
46,2,-23.671660066611576,-1.8223578185243978
46,3,-23.643102553339034,0.4996349574094456
46,4,-26.344963146205586,-0.1009328429864471
46,5,-26.292853032309022,0.6199404014834112
46,6,-26.129497329841527,0.661670558063914
46,7,-29.649235819545897,-1.9679251807448002
46,8,-27.51634005096087,0.883989628611082
46,9,-28.613742160193617,-0.9447857306076739
46,10,-27.643793895616923,0.08926210672815751
47,1,0.5889198179719883,-1.3327183998673604
47,2,0.7372423841101379,1.1305530076672643
47,3,0.6201487025008562,-1.0932529948063754
47,4,0.6599598429359801,0.3428716497306586
47,5,1.752054770036856,1.3553034273720315
47,6,1.2340037368567578,-0.16546713792874748
47,7,0.5627121926609193,1.2191939158498384
47,8,0.5465786737458248,0.13218891223156912
47,9,1.5008092495775873,1.1021663744390942
47,10,1.0243903283648874,1.5519807955933562
48,1,-11.844756239999686,-0.005580409712881528
48,2,-10.407922226742954,2.334998527280014
48,3,-10.858002973428047,1.7589500490553502
48,4,-10.52064743225227,0.2895723670167216
48,5,-10.039007440879349,0.7456898474273348
48,6,-11.783787754256187,-1.5037679751641408
48,7,-9.66056199606444,1.0695181721901366
48,8,-9.659110599559657,-0.018319775519691446
48,9,-10.60147447539224,-0.4088045947383126
48,10,-12.39680370913041,0.26354891533530755
49,1,84.37562424587698,-1.1506093597693294
49,2,87.40789057842935,1.5355196144178689
49,3,86.72726509098095,-1.0379081263843855
49,4,87.20272183242525,-0.43961073722063715
49,5,88.1260860212155,0.4601878503541385
49,6,87.92178424258925,-0.13730621000249854
49,7,88.82945926581317,0.5319064453425925
49,8,89.09866146156577,-0.17304908480328413
49,9,88.69442114627856,-0.1400963863602259
49,10,87.68315667686895,-1.143022005950914
50,1,-23.501265482906682,-1.977137867322279
50,2,-21.61889506782474,1.2519858845740333
50,3,-21.12957693666018,0.3322128454033241
50,4,-20.45039445104892,0.4356477872726694
50,5,-20.521418963211183,-1.3861388578744365
50,6,-20.342336044156447,0.15343929571180476
50,7,-22.37914092379913,-0.7434564081703637
50,8,-21.954538697028987,0.045928999536916114
50,9,-21.951795106785806,2.018439374754812
50,10,-23.494576435466705,-1.0484780380294652
51,1,1.6312967778957825,-0.4698293224693904
51,2,0.6186885152525008,0.4187906393035274
51,3,-0.1671738337519575,0.7284046479310897
51,4,-1.2535519932020451,0.26646998784962794
51,5,-0.6657091824041033,-2.018779330277394
51,6,1.3591133448315393,1.2566082101005622
51,7,2.36199753505298,0.8973079720533301
51,8,1.8761901185781187,0.6385078291773628
51,9,3.9863010914255037,-0.3314676088643401
51,10,2.2417295236812937,-1.0551225090056728
52,1,-4.273125973498864,-1.558254670413175
52,2,-5.560485402919184,-0.557362887002134
52,3,-5.614727111275685,-0.5914292808819094
52,4,-6.345265401601907,-0.16196988194824088
52,5,-5.513415291947717,-0.15368237719726183
52,6,-5.5462500758423,-0.3859826792260468
52,7,-6.089798309454432,-0.996370307794905
52,8,-3.98912888266161,0.9546678978059152
52,9,-3.183356629249609,1.0614114192484285
52,10,-2.3912568085534507,1.0570371537185463
53,1,1.326244491963504,-0.8309424584696904
53,2,0.5681056160540064,-0.009850566908368804
53,3,-1.093987923269034,0.7793259572104029
53,4,-2.8424454107986996,0.12733496566690292
53,5,-2.545307015164323,0.23283926645862818
53,6,-3.3892065748107876,-0.08574775165879897
53,7,-2.5230281951173352,-0.9313727795764474
53,8,-3.249098208227659,-1.096555951502017
53,9,-4.433061125556806,-1.2338193741342176
53,10,-4.473506839463872,0.6258461929441561
54,1,4.947698184498942,-0.8140878627169987
54,2,6.702254046599695,0.278503555692891
54,3,4.799669482233605,-1.9454619256712833
54,4,3.413698660795512,-1.0279116010122489
54,5,4.460103321348782,1.9344313585621176
54,6,5.877009894298259,0.8864821779779859
54,7,7.743911171401579,0.6630574518358483
54,8,9.001904128760245,0.3192698501638188
54,9,8.139352003059678,-0.19458588335711124
54,10,9.777106039012477,-0.7302283270231053
55,1,-16.733570413047797,-0.1965411832693783
55,2,-16.12101944967044,0.05277786723136673
55,3,-16.23520309007355,-1.1548490420568023
55,4,-15.409396943679559,0.8832619201975698
55,5,-15.690463407584067,-0.5489507735910445
55,6,-14.810188975569242,0.21721412212110477
55,7,-15.449124068558918,0.4761007865830474
55,8,-16.874435727180746,0.5882813426151448
55,9,-15.859440697211339,2.655985581840038
55,10,-15.811389878458389,0.498448840917444
56,1,-15.178860838473842,0.6140644177604412
56,2,-14.332669343047662,-0.13313532140771045
56,3,-16.878684515982755,-0.2805110932723994
56,4,-16.661690459623564,-0.7737756621199502
56,5,-16.59547774064549,0.11476530326947229
56,6,-15.432692115868557,-0.8127940573330554
56,7,-15.512126464740389,0.8256630368889392
56,8,-14.983231202832684,-0.20747867854328111
56,9,-14.403839905142643,-0.4667644383288858
56,10,-13.847716339773733,0.4924744300548291
57,1,-31.423970658130802,-1.5115492339684131
57,2,-31.38597240802735,-0.520452860149577
57,3,-31.966600590829927,-1.0985222168691346
57,4,-30.766596979411183,0.3153334167336806
57,5,-31.2379352179163,1.2003034747818728
57,6,-32.222062688492635,-1.4366938874099144
57,7,-33.328385596503274,-2.17617623812262
57,8,-34.349651102646824,-1.5398440667120559
57,9,-34.97977128735491,-0.3952356840898541
57,10,-34.44123520177645,0.984589901558148
58,1,-56.39048280858823,-0.12108490334196288
58,2,-57.986250667968676,0.5795996382346886
58,3,-58.20357643745383,-2.428287482331784
58,4,-59.072749923030514,-1.249058310635839
58,5,-57.92778255212772,0.5287685418646922
58,6,-57.58085650450301,-0.63755769019449
58,7,-59.110001689404854,-0.9946622964139337
58,8,-58.179049208521576,1.5208406147203133
58,9,-58.65653818055192,-1.3621267693516574
58,10,-59.40460427840115,0.22479697559009235
59,1,8.452707302277043,0.21753251347962232
59,2,5.914959666172822,-0.2596817275557461
59,3,5.831421085224971,-2.5118537004807195
59,4,7.690397760102503,2.4713893877461794
59,5,7.861355289210676,-1.0643671969527602
59,6,8.103019931592325,1.2416314469165795
59,7,8.232906946473733,0.6264588322883677
59,8,6.413311478369618,-0.32271620822645797
59,9,6.756176209715232,-1.4860700596398213
59,10,6.380815231746174,-1.916430333978471
60,1,37.783668596626796,-0.8979485153448216
60,2,39.04394697982163,0.009129507464799335
60,3,40.84801897298852,2.3659275913757725
60,4,40.638350938606585,-0.9708366316074142
60,5,42.23228061156667,-0.11392578785889652
60,6,40.446429526739266,0.3164375820634303
60,7,39.85904267689981,0.10117150243211921
60,8,39.883867514075774,-0.5892073754356021
60,9,40.684322711052886,0.3635957672169217
60,10,40.47574805159305,-0.5928266391185154
61,1,-23.205024181072638,-0.681304965098901
61,2,-23.66442542062926,-1.0776048874061115
61,3,-24.29309073068461,-2.0144845592546696
61,4,-26.136110771741162,-2.25918252645157
61,5,-25.878903002100042,-0.23638537346740612
61,6,-26.58368963052546,-0.6436193956730039
61,7,-26.742658715759624,-0.7454001549524474
61,8,-26.36962755969973,0.6488133956185151
61,9,-24.941317331773593,0.013203277402668563
61,10,-24.93344555632523,0.7882133931916255
62,1,-28.5556869778881,-0.9397555476019865
62,2,-27.408580440329455,-0.12089451148975962
62,3,-27.673838880225432,-1.3805892442770156
62,4,-27.43257826426199,-0.28266709208360574
62,5,-24.69233903508566,1.2799926361702147
62,6,-24.983707792039354,0.05220155510173586
62,7,-25.530288707274458,0.22228937353452008
62,8,-25.21769639694298,-0.3706227573760042
62,9,-24.304607976766125,1.1529171802307057
62,10,-24.848904449012206,-1.055360589883655
63,1,-6.759358644703787,2.0314706876063475
63,2,-7.313180442750053,-0.28736010112555244
63,3,-8.11036298272164,-2.1357148685758003
63,4,-8.352433918329792,0.06148881610375799
63,5,-8.44458445819217,0.20152997636397887
63,6,-9.685345115982807,-0.37913689967475417
63,7,-7.629910832603979,1.3951897631452128
63,8,-9.291271609300919,-0.8201850773516481
63,9,-8.441169929722026,1.1413955975536727
63,10,-7.569521926231488,-0.31667580753677554
64,1,-23.079149983402292,-0.11630361974832994
64,2,-22.813092840316298,0.5097188121766026
64,3,-22.457730873207872,0.13493869077416187
64,4,-23.3734814390328,-1.4181305079358044
64,5,-24.168333360569218,-0.2707206798355811
64,6,-25.14017888735689,0.9542450899096445
64,7,-23.677463398453252,0.0975686200427541
64,8,-22.394390167250087,-1.6323445568693948
64,9,-24.115761383515565,-0.9978461430593073
64,10,-24.215769826274848,0.6195925290174429
65,1,-59.087603886876956,1.1091685375066043
65,2,-59.901127692057706,0.2938555123169087
65,3,-60.542190240572616,0.0916969167094509
65,4,-61.27467885847508,-0.4363383037100587
65,5,-61.32216504432023,-0.7158055347144724
65,6,-60.474352648202355,0.5027859086607084
65,7,-58.255649558724194,0.6938335660699314
65,8,-57.64856166953647,1.9691432835681986
65,9,-56.79791683341907,0.7885868476450386
65,10,-57.54240326802861,0.5164856053491642
66,1,57.536755223513005,-0.4071454295591401
66,2,56.68298807560612,0.4307202293827294
66,3,57.00745889369224,0.23246674570512796
66,4,57.01997295304465,-0.08764144666767819
66,5,56.777072931748236,-0.8543648576716439
66,6,57.008142287323565,0.4296742374413396
66,7,56.29886835037786,-1.1654784933859994
66,8,55.308649007542726,1.292007675898586
66,9,54.3875162387269,-1.0352678291714768
66,10,55.22014331982474,-0.2304623829785524
67,1,17.171249258592667,0.604711817066044
67,2,16.624590151467864,-0.6731020852087004
67,3,15.473724319022146,-1.3040612031966035
67,4,16.762546709367818,1.208304582002563
67,5,17.682118440077755,2.1014180017924415
67,6,17.734502151873215,-2.7506068156820596
67,7,18.01573341430495,-0.8145499455668374
67,8,17.379474182579578,0.8162838316509111
67,9,16.764265210561234,-1.3517726693801004
67,10,18.22013202529611,-0.12381915427125213
68,1,-23.243196501562736,1.013690453650014
68,2,-22.545373627187146,0.4256141840384412
68,3,-21.559088001800863,0.533888417861014
68,4,-20.503597162492742,-0.5193642687360813
68,5,-20.418376697866478,0.18871181552542424
68,6,-18.538121386718565,1.2243683366648788
68,7,-17.876192356371746,0.9459519871546955
68,8,-17.60155837210555,-0.5748784722420177
68,9,-19.740488396889056,-0.7787982546227097
68,10,-20.615487170359323,-1.5948633714072502
69,1,6.580531495006554,-0.2698606611238248
69,2,7.020493134166856,0.550800458572889
69,3,7.186102402875681,-0.8000042384349405
69,4,8.966867914989635,0.619678973336624
69,5,10.577724490559737,0.31233765132585184
69,6,11.359808225761006,-0.3967589995946969
69,7,11.265267518330452,-0.4850636392072719
69,8,10.575067532650277,-0.002127998980735818
69,9,10.904685999662533,-0.540577128710685
69,10,11.261653660163908,0.5991089767611656
70,1,-13.450266778130153,1.305585064936514
70,2,-14.123756847409616,-0.8102009660144404
70,3,-14.294884010583111,-1.9433693992287908
70,4,-15.798440148808353,0.6382289603274174
70,5,-15.025047887796836,-1.0446974286688546
70,6,-12.341085826460459,-0.9755222656937966
70,7,-12.578175427003758,-0.5348399925301397
70,8,-11.477548696853534,1.5895817100656073
70,9,-10.02291334739834,1.407183896733332
70,10,-10.061654741277097,0.3676692766895176
71,1,-8.446505577171425,-0.6351875246200311
71,2,-9.208939387692823,0.4863777468540982
71,3,-11.201615763540012,-0.15802082451938881
71,4,-11.813013106563991,-0.8220618327283333
71,5,-11.635816470845096,-1.956063597058231
71,6,-10.728319620815824,0.6939046812125652
71,7,-10.03794120070863,1.4912123690529868
71,8,-9.650365340921544,-0.9030767243395403
71,9,-10.14427793906853,-0.9611161767313392
71,10,-10.405308168822922,1.1340911628506025
72,1,10.10071972731443,-1.3002448452280693
72,2,11.255086038754346,-0.09675541115819679
72,3,10.227477285264996,-1.6268405694726449
72,4,11.25838137696796,0.4152461377119288
72,5,12.498995299114151,0.2277213139250481
72,6,12.667517329891108,-0.45285763502171694
72,7,13.075131613944999,0.2503744409496464
72,8,13.429480232899575,3.093710250413615
72,9,12.841163674989712,-0.7601881669608804
72,10,11.894845895971624,-1.1104419811868782
73,1,32.69043371418951,0.5245672953708751
73,2,34.72826324285985,2.2575280173609387
73,3,34.215784081785316,-1.7247253800001945
73,4,33.99714100574716,0.9392106281724485
73,5,33.913573093538076,-0.5092534334787461
73,6,34.52342190649324,0.2400087342795854
73,7,35.17370587428726,-0.7269265520724385
73,8,34.12648444281616,-0.7029492655575705
73,9,33.47939851760113,-0.7451822420655934
73,10,33.59423955582944,0.25228887521262333
74,1,59.422777991998586,-0.7232009978273248
74,2,56.940545192389024,-0.8944881354546956
74,3,57.12913220120192,-0.9544726951071915
74,4,57.59284876061688,0.15103660989392903
74,5,59.828646660876636,1.4748580793775834
74,6,61.672311004931395,0.5585425737609074
74,7,60.109016818766406,-0.7498360629866874
74,8,59.8937706377129,-0.2318760546384086
74,9,60.98371638504629,0.3615543137344691
74,10,61.038008724267414,1.4532057011218098
75,1,75.66157291844092,0.44892415714397255
75,2,76.94167911592547,0.4258451137815971
75,3,74.55640810810483,-0.9976901341573402
75,4,71.58191215599498,-1.5955759662132332
75,5,72.68873531885889,0.5630776507429244
75,6,73.1041429270608,0.02430718310328986
75,7,72.95106109494665,0.9573697737784689
75,8,73.03667805732546,-0.22607521013657295
75,9,73.32617266413571,0.5449151991434771
75,10,72.11090183956856,0.9399676009815554
76,1,-9.499138438488291,0.05854614862171703
76,2,-10.005003846613986,-1.1180464311294351
76,3,-9.19432415237095,0.8658408708269915
76,4,-11.373113876161757,-0.5606439810040598
76,5,-10.705052685808033,0.4823399405832856
76,6,-10.516838215743235,-1.2363268945391004
76,7,-10.722743409758566,-0.6366639006960999
76,8,-9.635271272349978,1.549146950906623
76,9,-9.489254650762174,0.8008154687288258
76,10,-9.487199782966396,0.5427267646260511
77,1,-18.078712903698424,-0.42350977843408216
77,2,-17.94603675947779,-1.0928484164372454
77,3,-17.10924074014903,0.765167183779028
77,4,-17.05230314245801,-0.5805642581577677
77,5,-15.728231116042258,2.355063135201149
77,6,-16.489160895391695,-0.11471058968493672
77,7,-16.818273232490665,0.769467958411392
77,8,-15.147933468530791,-0.010166379906563196
77,9,-15.368486254663196,-0.4825372552156829
77,10,-17.078611732267685,-0.973207457657222
78,1,5.3531429468516984,0.9833607335171164
78,2,5.620179403832882,-0.41563178198986883
78,3,7.341853884959878,-0.04174403879437193
78,4,6.046676408897683,-1.413163132065498
78,5,5.876551595691002,-1.6212537724231917
78,6,5.323229880039265,0.40008936415770424
78,7,4.472223401580052,-1.3286441315500659
78,8,4.777159861127326,-1.466578041460589
78,9,3.41903483449197,-0.7565369978097032
78,10,4.726332909006813,-0.5462500383601645
79,1,6.8114221106142585,-0.020448798664021575
79,2,5.408631683809487,0.5010981403417674
79,3,4.739841371693536,0.04438125808369108
79,4,5.829215099596806,-0.545278290599804
79,5,7.241959177957266,0.44370136275113337
79,6,8.634070659416677,-0.2532927411399363
79,7,8.649878660596526,1.0937253203412682
79,8,7.357815514819342,0.915138164551235
79,9,8.278671750658837,0.013471522145045807
79,10,8.00364911494313,-0.9336490873280929
80,1,-30.391019936324916,-1.4118559907344572
80,2,-30.443762102209178,-0.2567843267719353
80,3,-30.79578980297135,0.1419128093764222
80,4,-30.45623706465581,2.0322099833914637
80,5,-31.25973919704243,-1.2426070984369968
80,6,-28.627618822758212,0.3532623174860749
80,7,-27.502256378092508,0.5455885914232447
80,8,-27.645147425928048,0.10271649707539948
80,9,-27.25247123424706,0.3745199247144544
80,10,-26.720845756239935,0.5585540831012287
81,1,-20.61512069250119,1.4313511436113737
81,2,-21.096887718442645,-0.6009497189748882
81,3,-20.876898880027067,-0.28984374926490675
81,4,-20.56466773802601,0.3843130793419531
81,5,-21.234205306507597,1.0367107034968592
81,6,-22.25592370499803,-0.15310343363596687
81,7,-24.271602678193638,0.47618757080396923
81,8,-25.268438901028915,1.0303592261838643
81,9,-25.019159729451943,-0.5851995518203217
81,10,-25.007114309163278,0.0024590947281402428
82,1,34.77302819130141,-0.12532586019557454
82,2,34.520127413572354,-1.3018359163771318
82,3,34.473389717308585,0.4209442476301267
82,4,33.695192469366674,0.2801417316998845
82,5,34.73444874729473,0.5570645072006087
82,6,33.479977422911254,1.0031223582657125
82,7,33.22982392068066,-0.11728615529462899
82,8,36.0381588352942,-0.16675955459375186
82,9,34.57034441383399,-0.9578147295453312
82,10,35.051747985019695,0.5846282130559749
83,1,62.57356598238439,3.174901987515655
83,2,62.48761793983981,-0.37680784163357217
83,3,62.9209019614878,-0.4874918486939174
83,4,62.93953422401517,-1.6463856476918828
83,5,64.50588055457138,-0.11818574702677108
83,6,64.67368122333808,-0.08951271504222262
83,7,64.63078634854662,-0.7562620357530639
83,8,64.35517236153113,0.5717744551541166
83,9,63.33864417716403,-0.5149970569553529
83,10,63.12097811188637,0.6105798345162239
84,1,-10.711912103798735,-0.06544051995082018
84,2,-10.341764681201855,1.1540581281383306
84,3,-8.770097447618252,1.0775446188417768
84,4,-9.093783464556516,0.15607750512931506
84,5,-7.897947717596279,1.261672179182125
84,6,-8.96073423179281,-2.605460284073867
84,7,-5.41274879810313,0.3874284851839621
84,8,-5.334499361032304,-0.11241086320275634
84,9,-5.898690460065582,-0.5995356454054521
84,10,-4.912578810328568,1.9373114314720132
85,1,-27.703551209760878,0.28454691247952874
85,2,-28.22516178767302,-0.21290064427570105
85,3,-28.058764878243775,-0.8567429937721593
85,4,-26.424052417671195,0.4410493102536503
85,5,-26.70959703699955,0.23980279356408457
85,6,-26.23393516557674,-0.03747346969655693
85,7,-23.64648693661921,-0.19073038935669842
85,8,-22.535051229688825,1.7341197453962713
85,9,-24.316697517728006,0.38337896037506625
85,10,-23.522877955514883,-0.14353787654973843
86,1,-14.161889770203189,-0.12440741951737139
86,2,-12.40949777962856,0.9415860482288653
86,3,-15.926258261327387,-0.752721785334306
86,4,-15.294203554823289,-0.18980956989084205
86,5,-15.686599532082425,0.31884838196254706
86,6,-17.36740474389471,-1.519672936481494
86,7,-18.288065965452294,-1.6860931909174177
86,8,-18.587926030727324,1.8942578507638075
86,9,-18.989608955625233,-0.14952355524049538
86,10,-19.303419663337404,-0.8685202802724892
87,1,-38.84546268157348,-0.08345522416967435
87,2,-38.78629241442841,0.23652473693619516
87,3,-38.69647004799803,0.33168869903096726
87,4,-38.917503358692805,0.5889198911449043
87,5,-38.01575554108258,-1.5021979487977195
87,6,-36.66915051936042,0.31604738252738845
87,7,-36.05056615059526,1.0014935190572953
87,8,-35.24972705700645,0.11367118648368127
87,9,-35.864354906676034,0.18180948980924028
87,10,-37.73631132768479,-0.20160311806163697
88,1,-18.311834227980547,-0.3164301039469755
88,2,-18.973763419869886,-0.5484893696813132
88,3,-18.29103419132062,0.8803053014412829
88,4,-18.478294437725523,-0.5242156269988542
88,5,-19.31020613064879,1.8666057630350212
88,6,-19.651172503046087,-0.06018359670109935
88,7,-19.686751024968935,1.1576418612670876
88,8,-21.400854082042915,-0.5682422254953015
88,9,-19.77363565697403,0.4922869316534267
88,10,-18.267518360723848,0.994941030763725
89,1,12.944201986016074,0.4529241016825761
89,2,11.55865899088902,-1.0476495401519634
89,3,12.211191666975623,1.4316550138320963
89,4,13.92689396042941,3.3453317491068715
89,5,12.404872182833355,-0.0046596235571913286
89,6,12.454542712237862,0.06605355302117435
89,7,11.609050858974316,0.009196917123531392
89,8,13.17058109540392,-0.4136965937882656
89,9,14.637467461881492,0.5422799143995635
89,10,13.964767360155124,-1.7573202825529681
90,1,-3.82143552335917,0.23693973508544366
90,2,-4.8108084508561015,0.11144052738510897
90,3,-4.310004408778218,0.14515827775911097
90,4,-3.8954308115525444,-1.7714605998931818
90,5,-5.5761215118458365,0.44707028124266457
90,6,-6.120423252276882,0.23758768547302656
90,7,-6.042069645977802,-0.5044077434524168
90,8,-5.578684023358025,-0.13298606935080376
90,9,-5.980877201334837,0.8256727215998134
90,10,-4.836387832531276,1.2260441520158203
91,1,50.523154584859775,-0.8960594197736637
91,2,49.56153219006844,-0.8673098550691468
91,3,48.72172959341062,-1.7097512614830788
91,4,50.00433552106769,-1.5225668202197455
91,5,50.39626109410252,-0.401744841743362
91,6,48.33157119072081,-1.6033034106899924
91,7,46.57599270254785,-2.481433080111281
91,8,46.11805701961111,-0.8833775107703036
91,9,45.59683576902196,-2.07706656350946
91,10,45.641516928865165,0.14807573142549324
92,1,1.0922110125407891,-0.5606789712180512
92,2,-0.16202609924652767,-0.5272876735768879
92,3,-0.1097757865866773,-0.46056946611732813
92,4,0.4249574968666693,-0.8457305644150882
92,5,-1.096961633094457,-0.0588972963413964
92,6,-0.6970333036843958,-0.7883058755205642
92,7,2.0934613844079837,0.18435808281400332
92,8,2.164249491923856,0.5978919848567595
92,9,2.8365842545746407,1.3344360003705587
92,10,2.0761926717642547,-1.1598633167526249
93,1,21.221889542092505,0.4985892361424286
93,2,23.072004989545164,0.044812017356032886
93,3,23.396025484190346,-1.6603898091934195
93,4,22.010023070673235,-0.7591247544353396
93,5,22.54105185025004,1.4332386460262627
93,6,22.166597591349333,0.7868380335580867
93,7,21.88953829881949,-0.6596353127643645
93,8,21.85144977421297,1.6704287988743451
93,9,23.615099063778292,1.9283178305397624
93,10,24.491759292786092,-1.6265994510314443
94,1,-8.972318412004661,-0.14843800207265231
94,2,-7.83100114955839,0.02006384993476153
94,3,-6.84912874514473,0.9645479811810249
94,4,-4.297602226779327,0.19921261470441076
94,5,-3.4839078509061974,1.1994972408652638
94,6,-4.137467684932175,-1.4531535444147412
94,7,-4.283234321665875,1.313775672383605
94,8,-5.038995546232723,-1.4468092255038536
94,9,-3.150803058787871,0.9461907566265766
94,10,-2.5423696980708077,0.2068169188667641
95,1,55.69942407755322,-1.4384193601785527
95,2,55.37548716159809,1.213875798662693
95,3,57.33885872179806,0.5322240526354725
95,4,55.500083964092546,-1.464806987930022
95,5,56.23517557576176,-0.2517072710255126
95,6,55.06305604974998,-0.7775427889290396
95,7,54.702791886579654,-0.12156935670258066
95,8,52.29239838005569,-1.230167330614884
95,9,52.17830892074019,-1.2491424926188728
95,10,51.777794393625555,0.38571906171585746
96,1,-53.52847564290156,-1.3472805970857593
96,2,-51.156099190515214,2.6953452258703745
96,3,-49.42373987474997,1.2955839558350475
96,4,-49.049374012510896,-1.5100546445556886
96,5,-49.66487874273811,0.44652233487868076
96,6,-49.06531914809569,0.490797122226959
96,7,-49.23814321659994,0.4800606262672765
96,8,-48.14169268465616,-0.6014263023057703
96,9,-48.2426195592317,0.18900450526317533
96,10,-48.913497258383806,-0.8876656929919592
97,1,-10.082869139062105,-0.329456966632194
97,2,-9.862247157191419,0.07849936001108282
97,3,-10.168309709538281,0.6071367565506008
97,4,-11.550009049863446,-1.0604921992139817
97,5,-12.10893438620175,-0.190945187151485
97,6,-10.18538976046801,1.556669199495112
97,7,-10.474854183512642,0.7562957417136328
97,8,-12.473444168984633,-0.9155414145701272
97,9,-13.320571734989306,-0.19518268626298946
97,10,-14.153760890220296,0.3533528205629533
98,1,-47.54514223658533,-0.9908864739470304
98,2,-47.76864640241593,0.3717929693069079
98,3,-49.962768067085165,-0.18932122594109183
98,4,-51.16771400242806,-1.59659588733326
98,5,-51.70957603900119,-1.18776364295473
98,6,-51.49277584932791,-0.02770451060884301
98,7,-50.99076605626135,0.2832742354745801
98,8,-49.96130669676398,-0.5200405187618048
98,9,-51.00927795352095,-0.8322338544288224
98,10,-50.22611004276498,1.5989278752465943
99,1,42.524890939640834,-1.5190619020512457
99,2,43.4288146342769,1.6994058035225117
99,3,43.74800463169432,0.9438312472667596
99,4,44.60936706833048,1.7193470570209597
99,5,44.441724637377355,0.8242007495967395
99,6,43.09610173487229,-1.3217681361067497
99,7,41.31156430373727,-0.020353942693600125
99,8,39.150271390949534,0.6684318968221813
99,9,37.39753274652987,-0.6819166378888891
99,10,36.85881991239191,-1.2307953331962176
100,1,37.81685574059611,0.0791069269111206
100,2,37.05807792506623,-0.8395483260712377
100,3,34.82139557878139,0.18788996346523124
100,4,34.93593365683967,-0.1006295453467242
100,5,34.910149478080285,-0.7790652107220637
100,6,35.25527278136627,-0.1491376283755986
100,7,34.815614992192366,-0.24942253504248887
100,8,35.07179311752697,-0.8993564345592819
100,9,34.45004177738703,-0.1088473838106929
100,10,34.401076626327864,0.42140572886744426
101,1,-20.83154079603706,-0.5478337240178819
101,2,-19.337317427185564,0.24624542539117167
101,3,-16.802457112291346,-0.5618811547806051
101,4,-18.062092493680396,-0.010060200164911383
101,5,-18.478765393787853,0.5499058637105364
101,6,-18.463579143155574,-1.121317168630341
101,7,-18.385889768190744,-0.23337335221266978
101,8,-19.24107685495648,0.3337552053609077
101,9,-20.410837470357848,-0.9679994773879514
101,10,-20.054520136973036,-0.03280273484359706
102,1,63.55723798960924,1.0696634759439716
102,2,63.407419763754014,-1.4046352831733055
102,3,63.273747645320185,1.4658506965824107
102,4,64.27876702604367,0.5396525345215109
102,5,65.32144386173839,-0.7457804817872362
102,6,64.31157581262131,-0.646415074085245
102,7,64.8599431167982,0.3207357726438203
102,8,64.4563222163185,0.45157656255340484
102,9,62.89928809882483,-1.0989471164331437
102,10,62.355178519001626,-0.07249122689906239
103,1,-9.265809123935504,-0.878976546643878
103,2,-8.297242570238083,0.39068227119440996
103,3,-11.054099164970678,-0.8907701213883954
103,4,-12.507613467043464,-0.8517800380934945
103,5,-12.950317046272897,0.9908936611963638
103,6,-14.584728632692732,-0.31280363324571986
103,7,-13.669741146733024,-2.1356891810523804
103,8,-11.467928623055675,0.20353683671206843
103,9,-11.546650866569728,0.3630276061979056
103,10,-10.676878941889832,-0.8172848343272487
104,1,-50.51423738418253,0.11439996851575694
104,2,-52.22721587157768,-1.168098925843334
104,3,-54.4443722313298,-0.973603361501666
104,4,-55.12362545778782,0.4954362389272794
104,5,-54.79770335210837,-1.9939475856196789
104,6,-56.555847865639436,-0.21439490423551968
104,7,-56.02630564620849,-0.40916716488105015
104,8,-53.67679652930586,1.4825855146103157
104,9,-51.86207867942724,-0.934907571371347
104,10,-51.86568131473319,0.057307976437046465
105,1,-11.965987267880958,-0.1365254951396176
105,2,-11.680517191487022,0.18299988623100288
105,3,-11.428514872626891,0.22506058706204746
105,4,-11.929450642563797,-1.0628289825107073
105,5,-12.724430544389772,-0.3792363471805008
105,6,-13.551101141422748,0.24579772203932482
105,7,-13.364832212028121,1.276705198250311
105,8,-14.184986320910943,-0.3701497230998154
105,9,-11.545654589799597,1.317202170593349
105,10,-12.18155480355935,-0.15384151626578524
106,1,12.458510019125823,-2.5039507631134597
106,2,10.229316625733855,-2.4950811141988796
106,3,10.208563453991069,0.239495989171613
106,4,13.47363699076303,1.9323083030167767
106,5,11.518534152792501,0.37448899370696476
106,6,10.23546602854765,-0.44131406130719547
106,7,12.671665818314668,0.4143915168879274
106,8,12.41346776063415,0.7791534533765697
106,9,14.649725351873588,1.6338821870982998
106,10,14.009448395679893,0.10216492313079625
107,1,-4.151497983354116,-0.46852029215454344
107,2,-3.430462032913966,0.5220230689593053
107,3,-3.290614632989247,1.3539471868160007
107,4,-2.52825279095764,0.20539187614142151
107,5,-2.24050706991945,0.1925414484301641
107,6,-2.0819892364457586,0.5922433179901404
107,7,-2.0737150232256765,0.6587706276908261
107,8,-2.108475695375771,0.3687172497941559
107,9,-2.588140265769324,0.7054417634943135
107,10,-1.9918282039595345,0.8598808225627552
108,1,90.8359079584853,-0.07009942820711977
108,2,91.53839250373346,1.23135642240856
108,3,89.73632053066304,-1.3767502941566363
108,4,89.77242461320306,0.23870717518120094
108,5,88.06870807275426,-1.003640978648619
108,6,87.09900877489012,-1.6668170938504028
108,7,87.73406856922335,-0.12728662281716308
108,8,86.97238976773022,-1.4864433245133264
108,9,85.03319967654869,0.45207115739644466
108,10,86.53034400937186,-0.03673790903313704
109,1,40.81570576387495,0.5178659174523105
109,2,38.95684111231079,-0.5722516228451628
109,3,37.421850596874975,-1.6699178296720043
109,4,37.79848974285067,0.9899032796465607
109,5,36.62217614538994,0.44618577220699723
109,6,36.91203493319447,0.23111346906530647
109,7,34.41156632874106,0.0016228748115723257
109,8,34.39854000395837,-0.8532453847665326
109,9,34.80156769806111,-0.8262379084242326
109,10,34.65878484343213,-0.19337370994893552
110,1,71.4118144698801,0.12163352500178373
110,2,72.240039985215,0.8255989241732884
110,3,72.28100268004471,1.2567359148565314
110,4,70.29828242428165,-0.720160777732879
110,5,69.93931140750263,0.5179246327582577
110,6,71.35597570376683,0.023387672446278863
110,7,70.4391484568889,-0.35667578073213146
110,8,71.07044435581189,0.8884100581569764
110,9,71.55337581443727,-0.552285553661568
110,10,71.67288996619867,0.23566732759937
111,1,57.86359978702084,1.3043715569114875
111,2,57.38088410668852,-0.04940944619162826
111,3,54.450209101464324,-0.37310393123420155
111,4,52.716800435974385,-1.872432260646481
111,5,53.50113931220119,-0.7092183341672956
111,6,53.1456529657935,0.7379700095617927
111,7,53.68483880214654,0.9235669708889989
111,8,53.68654225825963,0.3683178320990611
111,9,53.36111047643877,1.8063817311470955
111,10,52.37106323263392,1.2586874706984053
112,1,-62.45708801811024,0.6918127809133762
112,2,-62.26983428039307,0.13976019628225556
112,3,-62.664346099148034,0.9594632335997543
112,4,-63.564900138787515,-0.909006296804509
112,5,-63.156566501016016,0.5728796050063167
112,6,-65.01740237293912,-0.5252234762787802
112,7,-63.895116150150265,0.4273278192529197
112,8,-61.88415586297643,1.4872659003098687
112,9,-60.46452026904306,0.7026919190948757
112,10,-60.55713527802133,0.6185319407973188
113,1,-17.276314920534247,0.6127712637241538
113,2,-18.085763203962312,-1.2409364161710583
113,3,-15.975000806491597,1.361769040312075
113,4,-15.574858626107936,1.6031775301898081
113,5,-14.791128451649634,1.2613530357001521
113,6,-13.92384305508734,0.34112996727232314
113,7,-14.773859583513932,-0.8689983454783562
113,8,-13.564594770629101,0.8365400368006866
113,9,-12.66822063525467,-1.5784852603325283
113,10,-11.65790206737182,-0.44538233386422255
114,1,-107.41456400237497,1.3208140367965622
114,2,-107.27110875557108,1.3258087627737338
114,3,-107.7745506282606,1.0812400685546615
114,4,-108.01648833710253,0.10025867410445725
114,5,-107.05845919216887,1.7410824713077409
114,6,-105.76485013227646,0.3016439856559748
114,7,-104.34655234691806,1.9422550766317102
114,8,-104.066103367014,0.6547502909239812
114,9,-102.99830297869958,0.49372205788960255
114,10,-101.04645333873482,0.524062615884242
115,1,-26.219114429749446,0.19033232730135113
115,2,-24.90669264190516,-0.5657873272050108
115,3,-23.30590308766685,1.1751704156690141
115,4,-24.428480137019307,-1.3218254194264054
115,5,-25.090033039158588,0.15541388882916274
115,6,-24.27583279787583,1.2461274841277725
115,7,-22.50641193520272,0.8822017362524917
115,8,-22.96404135013978,-0.6346732332419596
115,9,-21.733709575202372,1.4782300576117589
115,10,-21.613751821307055,0.2544535491376717
116,1,38.43154468017768,-0.7807844945500901
116,2,38.93247749152654,0.32286403486474674
116,3,38.07042246326237,-0.6752434517419835
116,4,37.00440555704626,-0.28830303982695277
116,5,36.382298501565245,-0.9678817802053631
116,6,35.72486284061589,-0.5815772694097154
116,7,36.35546613099625,0.3396080718599049
116,8,36.805197888140434,-0.019992592272902347
116,9,37.08452293101309,-0.3268131003212695
116,10,39.28950597408042,0.09570564672560179
117,1,-34.124756650210635,-0.20748083356250055
117,2,-34.63559869076933,1.1222101973058305
117,3,-35.9109107607264,-0.36773527385232135
117,4,-36.01397888532051,0.818927077803214
117,5,-35.46446508484699,-0.23365821661978284
117,6,-36.16836549560723,0.3890805009348067
117,7,-34.65466943116374,-0.14143757984834682
117,8,-33.145070395977754,2.1950794377468066
117,9,-32.959857384432006,-0.9997116587559856
117,10,-33.290249694790425,-0.494519817894811
118,1,-23.6463862463809,-1.4618727889497238
118,2,-23.35707089510576,0.3514793405812265
118,3,-24.003591658484,1.0514081940960722
118,4,-25.267938289786823,-0.2167226175241241
118,5,-24.903552116586212,-1.1393008432728036
118,6,-25.9121003255835,-2.052100662969218
118,7,-25.770710670822094,0.8962993877214634
118,8,-26.192045045874615,-0.10842312666974169
118,9,-25.642949367666816,-0.29974631849971506
118,10,-25.614567876445335,1.1682976391075088
119,1,12.609823508503386,1.3960552272731857
119,2,11.429989684583395,-1.2214732225770544
119,3,10.008997500264336,0.5005789500858554
119,4,10.137851929835396,0.6344281247158192
119,5,11.71541883867449,-0.7308453210168188
119,6,10.574172352263885,-0.04226520314548471
119,7,10.04584566965428,0.8559497487846423
119,8,10.71178691318442,0.06375594179283244
119,9,11.219240569529829,1.7682305773111733
119,10,11.520197904990457,2.576148917481516
120,1,34.49816957438243,0.5183599444266779
120,2,35.190505738773005,-0.2056887651691554
120,3,34.98259539069827,1.0892197223184539
120,4,34.373970781205635,0.42463304198167534
120,5,36.38088150980295,0.6116164596920933
120,6,36.64556611082602,0.07746095226963447
120,7,36.16904674618562,0.002269555099841815
120,8,36.096253476545094,0.20766106285314664
120,9,34.214887690884716,-2.355746914868751
120,10,33.37260737255135,-0.5474973798140486
121,1,-7.794735378850366,-1.3600174443745572
121,2,-6.41926950725149,0.7336545160949727
121,3,-5.355507412422335,0.032598535585905176
121,4,-4.82799651723418,1.0026456715010632
121,5,-6.17096990341495,-0.5373597966224156
121,6,-7.053458735282845,-0.98886195081538
121,7,-6.893000134990697,-1.2197922518882756
121,8,-6.3910710115693155,-0.07714360374919205
121,9,-3.3469611362256924,0.6741985674193348
121,10,-4.218341939301453,-0.9684512876798174
122,1,-5.4453648004869155,0.7199292666554558
122,2,-6.742041880852853,-2.0069280775760476
122,3,-8.095641615406747,-0.23176292631442783
122,4,-7.696196351048974,-0.7232380886743973
122,5,-6.646541926341102,1.950768850265519
122,6,-3.9061594814361658,1.232841116466038
122,7,-3.7435443783248394,-0.4429333609409539
122,8,-3.0890683346198173,0.09601959432678392
122,9,-3.034030546337315,1.014248825793251
122,10,-4.495449362486459,-1.7133773906852334
123,1,39.565270051927676,-1.169439640643487
123,2,38.34646742156416,-1.3273755268403462
123,3,37.838123556791935,-0.20854903864063995
123,4,35.813814712473445,-0.0576867927960695
123,5,35.84817704624735,1.205983795603054
123,6,35.850570998011605,0.8239793687478506
123,7,37.4867441141958,0.6362450602783418
123,8,36.948104366000784,-0.4027546438282439
123,9,37.91942557611511,0.12531429335134453
123,10,39.12824110006291,0.9966778935046673
124,1,13.723404145165597,-0.2632152284009598
124,2,12.626821705022222,-0.23025804100395003
124,3,12.209089833553595,1.3275194030712814
124,4,9.995520664195862,-1.2536793794432939
124,5,10.47891619185285,1.4291847733132315
124,6,10.25664269113187,-0.20807591593976435
124,7,10.681381408932406,-0.7199902967159885
124,8,10.617093302120706,-0.21119448395108803
124,9,8.975417842563598,-0.7511164412187491
124,10,9.952784772188203,0.6035810996329355
125,1,-12.285328062503181,-0.6843436492019717
125,2,-14.834514435944158,-0.46098345710936517
125,3,-14.273969598353782,-0.08708859254124093
125,4,-14.62822033428522,0.22815643811595326
125,5,-15.193288494990377,-0.47472755227051994
125,6,-14.86895350924072,0.15786637629940795
125,7,-16.04672063418468,0.12283185643520783
125,8,-15.865329333938007,-0.8147110383135014
125,9,-13.328421326860779,1.8353875453079975
125,10,-12.881797133452528,-1.050834373801933
126,1,14.928095859373132,-0.002440825332238765
126,2,14.820448034598595,0.008542963169886357
126,3,14.888904722282927,0.2653135499843913
126,4,15.814006345623936,1.4652758775566757
126,5,15.752079916969352,0.2953342353696956
126,6,16.735737174267516,-0.02484346446745988
126,7,17.778907583274282,-0.2616350494671946
126,8,14.466864668714567,0.42953606989748283
126,9,14.008113250029421,-0.8034309193935382
126,10,13.437926606571905,0.4095306331516902
127,1,4.906606852656656,-0.4387606962788488
127,2,4.37336161262078,0.5711869114788255
127,3,1.2587343941283868,-0.13623263483219952
127,4,1.6932648010261555,0.6655382006523775
127,5,2.1621102688449385,-0.007048795189040464
127,6,1.6261948829158244,-0.8004624493271756
127,7,0.7998311052000685,-0.6920996023375269
127,8,0.6598865899346711,-0.3385726793812777
127,9,1.151636972028169,1.3769174180563437
127,10,0.36128090620081366,-0.7521846190724738
128,1,13.474434640746557,0.7941957322912775
128,2,15.542395923323427,-0.5069606965056469
128,3,14.71943018398474,0.20387749775791575
128,4,14.26693129518567,0.3308226803437768
128,5,14.262579127818997,1.2786988153400256
128,6,13.543806906990579,1.731588308736726
128,7,14.412267322465405,1.1315409907666882
128,8,15.299893182008079,1.267493957008646
128,9,16.62332377238878,1.0689995581470841
128,10,17.826817950532945,1.1420021795614697
129,1,75.43653820181336,1.0309690315188773
129,2,75.94940948405198,0.3230805442056432
129,3,77.40946597411552,0.7876644378633284
129,4,78.24701433815557,1.443237763700435
129,5,77.83987369605255,-0.13566076815850212
129,6,78.83140504457867,0.2919645071376146
129,7,80.19769344068463,1.0047585381641881
129,8,80.89042422837953,0.09497598570098252
129,9,77.89802136884586,-0.6680461462377744
129,10,79.49069761799294,2.1537347601541903
130,1,-13.151573218014276,-0.6002878265025288
130,2,-11.715765885925181,1.4047337373575135
130,3,-10.013403416189862,1.5189567969587459
130,4,-10.838498343318278,-1.4515607397414596
130,5,-9.474966725569388,0.4481975096698248
130,6,-8.735106542268426,-0.35231251906376826
130,7,-9.04370090128176,-0.679652803336025
130,8,-11.320460879698445,-2.2832289597682798
130,9,-11.339202236007914,1.2678498815753678
130,10,-9.048246069937052,0.17662245128713308
131,1,-23.160565026743694,-2.0382197144655176
131,2,-21.975740256642066,0.6153160450392111
131,3,-23.026134678746207,-1.4073806421342994
131,4,-25.037043774047838,-0.9872443708177375
131,5,-25.14839903417123,0.07543530154370284
131,6,-26.577936378012204,1.313709433610302
131,7,-28.360852632654876,-1.720033110473151
131,8,-26.592298006605866,1.3345462672218678
131,9,-25.178511061226196,-0.4967219641398567
131,10,-25.065197369934893,0.4976608329965737
132,1,58.59107657412884,-1.1066890724670577
132,2,57.773740533377556,0.47202544582544487
132,3,57.45580105705087,0.2994156868471122
132,4,56.70319670879493,-1.3088774050255587
132,5,58.300287446401825,0.3735977514594757
132,6,56.75193121877954,-0.6444224857134514
132,7,57.79800860838238,0.03986844605222352
132,8,57.37686139788349,-0.9558810548126225
132,9,55.82025617818677,0.7176235574867212
132,10,56.68784211089631,0.23661169925336084
133,1,-29.565931883116747,0.17883198896214741
133,2,-29.611649461562582,-0.2729315899278038
133,3,-28.72765781194308,0.5544391043319858
133,4,-26.99294041243192,0.8822056041304215
133,5,-26.093853518034333,-0.2537938237019826
133,6,-25.85718920827224,-0.8724756175345735
133,7,-25.678789982834093,1.3805848899252915
133,8,-25.57443846852082,1.4033430719783317
133,9,-25.45047248397087,0.06423630064127211
133,10,-24.926771401651976,1.135636607508872
134,1,68.88255473217751,0.011923191075738705
134,2,68.27020798660595,-0.2410790832068683
134,3,67.83854479228935,0.31598722014110975
134,4,69.76770150364688,0.12532682537855291
134,5,70.9237793931169,0.5477379468075011
134,6,70.55677810220767,0.5226075149796349
134,7,69.18457093473897,-2.209059997758046
134,8,67.67114245199876,-1.7847556967074734
134,9,68.46075056689047,0.015514433940432894
134,10,69.41575035375577,0.7579214727812539
135,1,-8.649505217552765,-0.6386084707526711
135,2,-8.97035247086541,-0.17817116703484556
135,3,-8.223504275877003,1.2611748590366836
135,4,-6.538875877906639,1.0162061483420852
135,5,-6.516611618108157,0.42947155701201095
135,6,-5.030773668145492,1.4131771333688232
135,7,-5.926284051747921,-0.08503814971055403
135,8,-6.681213867254053,0.9473133037576025
135,9,-6.034191676895267,-1.4247084464084867
135,10,-4.709171556918623,0.5229212819963432
136,1,7.38852205885369,-0.3857863193222188
136,2,6.7482688842403755,-2.3029000406445417
136,3,4.530834182625549,-0.25989038776750745
136,4,3.600532670724777,0.654262422600387
136,5,3.386321612332793,0.05793739896120448
136,6,2.5403998829557946,0.9736997778847494
136,7,2.300137095586574,0.03046866759835228
136,8,2.6746046532947565,0.7973031638572786
136,9,5.898140386497426,0.2064828664097676
136,10,3.6622261355987527,-0.39137355539024166
137,1,30.881722824128232,1.6978919943263824
137,2,31.958585121235732,-0.04752805427725381
137,3,30.910792311898323,0.02585606885665332
137,4,31.54570840971404,-0.7169813108126472
137,5,33.15429121421572,-0.35638928464343367
137,6,33.63538717655376,0.7860778359396122
137,7,34.80566116327724,2.6085865452205574
137,8,35.63910672551884,0.1507407303027242
137,9,36.12318579324996,0.027222345623247986
137,10,35.8655623684454,0.24384550235627242
138,1,47.28503388050741,-0.790899516207503
138,2,47.59683400261578,0.22800858603157473
138,3,48.21164942421116,0.5732645377327404
138,4,49.9706192171293,2.61963470133874
138,5,50.606795297478044,1.0978679343661826
138,6,50.41218295719192,1.6020500683345138
138,7,51.32557920437277,-0.08990945534755393
138,8,51.20599874141815,0.6765670641605706
138,9,51.61564892473831,-1.6583462171598868
138,10,52.71426587932985,0.5180207111501806
139,1,36.682026019846006,-0.24795741783814376
139,2,36.97866539314374,-0.643079238225532
139,3,37.58225480023644,0.5553523636366109
139,4,35.50247900059829,-0.39697837401470853
139,5,34.15043198266866,-1.2524087026139537
139,6,35.02876709832331,-0.8290536971994138
139,7,34.09431908628526,-1.444854725497967
139,8,34.046020489885116,-0.7019551341180486
139,9,36.95617552181507,1.9458920211815904
139,10,37.74231275884942,0.0062971229554824835
140,1,-2.467368227692864,0.29308093718330025
140,2,-2.4110047546634528,-1.4829854790647015
140,3,-2.887494634735429,-1.037163834307418
140,4,-5.854827216235213,-1.6873897057934895
140,5,-6.588683633862918,-0.15115216644168367
140,6,-5.87763205650784,0.25585288900930286
140,7,-6.472982266857532,-1.6666090774322166
140,8,-8.637954365791662,-1.040590910408553
140,9,-9.510889484294232,-0.01124497762301741
140,10,-9.13349189787828,-0.11688123113809451
141,1,-15.795037132432162,1.145654294819509
141,2,-15.235859597055,1.1811877584996202
141,3,-15.63020451536817,-0.48913464854731803
141,4,-15.58313334262253,-1.064074187638797
141,5,-14.341181834903198,-0.43310280561949055
141,6,-14.590330124087082,0.3224507787972812
141,7,-14.18786680637659,2.203068651426446
141,8,-12.84942580928183,1.5079527807777353
141,9,-12.752905718164401,-0.890824420541753
141,10,-13.310082377617292,0.5783902999925826
142,1,7.735848997568829,1.5617020019736354
142,2,7.7445825679006095,-0.4999416787171693
142,3,8.348915641981788,0.06382138068185143
142,4,7.979728568392399,-0.00035169266439580163
142,5,8.905942886991204,0.9636608237292988
142,6,9.673184729153311,-0.2162851968425642
142,7,8.794877182334417,-0.9456239116412187
142,8,10.763180849733766,1.0231967640818769
142,9,11.403105267926883,0.9482599781431845
142,10,9.46481313088235,-2.1237932497968237
143,1,7.698134343043873,0.05622104464144321
143,2,8.706230574406678,0.5548479932573278
143,3,6.979069364107808,0.49529691594060105
143,4,7.709858891573842,1.3409809232732133
143,5,6.9113449678837595,-0.5152887050593994
143,6,6.680354473852239,0.20127086046504555
143,7,5.875179584689069,-0.9513310675298311
143,8,6.225714094498167,0.38401901580796455
143,9,5.27618106115969,-0.27966182202865586
143,10,5.994287163031315,1.426464494722053
144,1,-23.869825414742074,1.3640195219407594
144,2,-25.61181992651881,-1.3789069038859305
144,3,-25.48961529172104,-0.8701930894887981
144,4,-25.866832589166798,0.5779369489150493
144,5,-27.792203560502344,-1.2306433948045594
144,6,-26.626017793857265,0.25325099971504084
144,7,-26.343982055507883,0.12480630090984791
144,8,-26.98788704167868,-0.41525454594998995
144,9,-26.898755058998077,-1.0537228120018556
144,10,-26.968960357630532,0.36181744672389743
145,1,12.429118258535174,-0.609872402223529
145,2,13.316655634466287,-0.909677765531325
145,3,13.678369852130999,0.6147441449325002
145,4,12.191544985065587,-2.1589765686866933
145,5,11.429821485625387,-0.07979383781807886
145,6,13.113888094359725,1.2373455050411823
145,7,14.619615552182529,1.0522282744638425
145,8,13.837481457450476,-0.651482540871292
145,9,12.53691746607594,-0.2429626463205518
145,10,14.360790482984207,1.8170654811507418
146,1,42.8995789165312,-0.04741493159149438
146,2,44.56630591880689,0.4290678271236589
146,3,44.4846577779933,0.8023069840144037
146,4,42.98595577663191,-0.7338677463982212
146,5,43.82232796595747,1.8617801369640263
146,6,42.0565150259326,0.35468610384438526
146,7,41.06212592972095,-1.5269402636162097
146,8,39.975381341972415,-0.5979909028840079
146,9,39.96513692283872,1.6802087258542682
146,10,37.956651204697415,-1.827571282186045
147,1,7.060074469487669,-0.7376742958404734
147,2,5.3410163855381025,-1.1327137947391894
147,3,3.1681171006700186,-0.8468513863824406
147,4,2.12738157117192,-1.6107917587245826
147,5,1.2603426427698012,-1.3321108294758066
147,6,2.3641897151510456,-0.44757688962200337
147,7,0.8453074571489316,-0.8365373758670855
147,8,0.21800789003265453,-0.3194694556338104
147,9,0.7562250798476586,-0.3691474453043716
147,10,2.187861334553281,1.057906300679778
148,1,64.76492282522287,1.2447892875160254
148,2,62.429952433724544,-1.012123101623578
148,3,63.604769152862254,-0.2959704065502459
148,4,62.95455147966587,-1.2444993484809381
148,5,62.944838565535264,-1.1348745227820933
148,6,63.476606516630916,-0.06560220080307898
148,7,61.99673009133464,-0.1514829689426928
148,8,63.39256506965169,0.17294070103691586
148,9,64.77240228898269,1.5151768008298605
148,10,64.62479525050257,-0.7973975506124612
149,1,18.674764292515246,0.2864087036890755
149,2,19.208253384838876,0.25594331256540837
149,3,19.896069309062966,-0.5927013108886999
149,4,19.13243547380901,-0.3399501003077629
149,5,20.40855137270134,1.1946384052517822
149,6,20.421207003792585,0.1740566828135281
149,7,19.251919947180422,-0.06662700803623611
149,8,19.013699357033005,3.5168707798701804
149,9,19.317474554786667,1.0972898086017704
149,10,16.217421889377825,-1.4821126786392944
150,1,-5.329449314344324,1.2324413646363825
150,2,-7.14070199390425,-1.2648989739842027
150,3,-6.649088222458866,0.39258677561595934
150,4,-5.637434076742509,-0.19974994997957257
150,5,-6.108828221415164,0.5593763342148331
150,6,-5.701340710675495,-1.3843074167719418
150,7,-5.028507913909698,0.6513458175710737
150,8,-6.588132538006848,-2.2850684846311577
150,9,-5.841060276199495,0.9537685213100332
150,10,-5.359563578300814,-0.07829933906148444
151,1,6.602436846395539,1.1265885794530215
151,2,6.78268033029002,-0.6472538371991912
151,3,8.760295535527817,1.313974775602594
151,4,9.516675129375814,0.03731664575376663
151,5,7.652644798913364,-0.43646355577935203
151,6,8.751705157795858,-0.4668411158684395
151,7,7.536468872054021,-0.5614003660976971
151,8,6.985393622134697,-0.5095007275257165
151,9,8.264111679735734,1.1062913026011318
151,10,8.715536498804946,0.892859949370619
152,1,-22.98433417975431,0.19627571606875302
152,2,-23.077574625956295,-1.465072501231007
152,3,-22.647678204302494,-0.7288996821407149
152,4,-23.811944435636047,-0.457122947157876
152,5,-22.827227753212977,-0.1546526645017945
152,6,-22.058909102076157,0.5489852366059049
152,7,-22.298577235037772,0.4860948441360037
152,8,-20.493692750211864,0.5369823737042321
152,9,-18.15279069099529,1.322541466024126
152,10,-16.562400706473245,0.7025087735703268
153,1,-42.59480562562469,-0.2536900524230282
153,2,-42.73231910768138,1.131391019935996
153,3,-43.17703616124532,-0.8086951291500577
153,4,-43.101785341555434,-1.3063543068074737
153,5,-42.64262126389606,1.393295111001903
153,6,-43.12555680986178,1.1550473270763182
153,7,-42.4392519980505,-0.2995486622176466
153,8,-41.93360745435403,-0.2685174111911441
153,9,-43.56939842878455,0.00863744271582244
153,10,-41.782438645516486,1.0568011560592054
154,1,10.567374869749674,-1.793575353779075
154,2,12.748650482252856,1.3214305897396812
154,3,13.095484751434917,1.4305060850496132
154,4,14.57942939888508,-0.5364179415540125
154,5,18.339547310833808,1.8727154842951417
154,6,18.596196671315976,0.6591767314147451
154,7,19.081145681378747,0.011793191420023717
154,8,19.319076875230532,0.8104242060024164
154,9,19.46603275062637,1.1254247575394938
154,10,16.755432575801063,-1.6549570129163296
155,1,-40.40703182978659,0.5022662475127304
155,2,-40.0204812782504,-0.7324214822953924
155,3,-41.34046051846086,0.2249996529906339
155,4,-40.14401801769659,1.417673991801598
155,5,-38.390092016580134,-0.7818858432870521
155,6,-37.782676965898695,-0.5105242967193797
155,7,-38.00982722400015,0.6885867890579255
155,8,-38.0744297283373,0.6611455684340085
155,9,-37.60562814234034,-1.1848171056144805
155,10,-37.61668848338,0.33251538599249447
156,1,-18.81542939766922,-0.3654519030372113
156,2,-17.63028174053901,-0.5930507681297441
156,3,-18.80704334196548,-0.8434113296231608
156,4,-19.321876586044546,-1.0277148658095465
156,5,-17.9762227997977,0.6940886981347958
156,6,-17.858438916677223,-0.4353609349511866
156,7,-15.427300364272458,1.9959998480041088
156,8,-15.178507212448718,-0.1357204657094068
156,9,-16.00237246056425,-2.086040139816207
156,10,-13.734365276024956,-0.03875954312404328
157,1,-9.19752750058794,1.0093160074150194
157,2,-7.783000006611915,0.5669426445007585
157,3,-7.572537664001871,0.019009328852858606
157,4,-6.063776723390385,-0.8059218053353937
157,5,-5.692503170396277,-0.9289551762102224
157,6,-5.0011115336394525,-0.5710778921066924
157,7,-3.912956479237443,1.080318330964282
157,8,-4.225447993924621,-0.7311610562092329
157,9,-3.4880188416969684,-0.3362092171373056
157,10,-2.786920388603228,-0.25517933658128317
158,1,17.62586020520902,1.2673822903601306
158,2,17.14304432046306,-1.4370530564399373
158,3,15.385240684149366,0.6860820280984121
158,4,13.802716052557894,-0.32718151681128216
158,5,14.759276136931065,-0.22640525811689105
158,6,14.939693247471016,-0.06120880352919623
158,7,16.21510916893182,0.20580225904193744
158,8,15.823411341030859,-1.0217143102060409
158,9,16.181186185172727,1.6831658295040954
158,10,16.721362465175087,0.35080163473906095
159,1,11.255700927296152,-0.2874731020820136
159,2,11.26296517889937,0.19015939320215122
159,3,12.866350481667046,1.6227552762313215
159,4,13.965988784506255,0.21247340897725372
159,5,14.398072142547774,-0.48303242391334733
159,6,14.67677988344723,-0.6272831387581894
159,7,13.089950169258223,0.9486113642273293
159,8,13.895374652108682,-0.7061355785753919
159,9,11.64767906908103,-2.5603772417045665
159,10,11.425203546568795,0.699424614400513
160,1,1.508741477804766,-1.9696087559119069
160,2,1.6327781085430049,0.37157862549700116
160,3,3.62464005100162,0.8109866268556144
160,4,4.052456390990763,0.8333922649228168
160,5,4.148492618926819,0.014426352365414133
160,6,4.637417255743846,1.0789931396545636
160,7,6.102376576370572,0.1085235277571048
160,8,6.268367270187697,1.3527379591060302
160,9,6.3101243406966425,0.00184061478463894
160,10,5.489446041543069,0.49507692115475443
161,1,-70.69629867097663,0.5189773042057199
161,2,-72.13158966895249,-1.0248771124026532
161,3,-73.86251687688807,-2.1545384630771345
161,4,-71.39092275596765,1.1817929882015885
161,5,-69.03190618979468,2.308911723917378
161,6,-67.71891808276172,0.9826337140592641
161,7,-67.33955944090219,0.4538371662456904
161,8,-69.27925728667685,0.7045021784492552
161,9,-71.23295651425747,-2.265606721425066
161,10,-73.02427074229031,-1.5535988606266482
162,1,-13.216026441251987,-0.8324835502216906
162,2,-13.5926379814976,-0.9549483833455756
162,3,-13.84210980605723,0.23072791028777634
162,4,-11.77071401434584,1.967170781553792
162,5,-11.845127287731,0.3131218146486475
162,6,-10.631711605220126,0.07694971805838909
162,7,-9.351126237602504,1.9771225796410135
162,8,-9.860038669466842,-0.9807197647593788
162,9,-11.249588780628725,-0.6205376676849478
162,10,-11.763555733860965,0.82916443091854
163,1,-29.06193296459615,1.4963966087934046
163,2,-30.374692463129872,-0.3560708707643012
163,3,-29.220895883753656,-0.18403278923918623
163,4,-29.778537240676318,1.0027879400874349
163,5,-30.788711272307232,-0.5528989695047878
163,6,-33.429950513329835,-1.64103380039488
163,7,-32.78491291718732,-0.6650976082542261
163,8,-32.359895204850524,-2.058919825730038
163,9,-31.33441429500143,-0.11896679011159246
163,10,-33.1851531005262,-1.3285241712005271
164,1,-16.275737559516504,0.6512264189242991
164,2,-17.507823967043272,0.12892591806917705
164,3,-17.400397524217944,-0.5234545982087951
164,4,-16.518874437018223,-1.1882070860751524
164,5,-15.525906147393203,1.1873177948944158
164,6,-14.511505562487693,1.5788996772877446
164,7,-14.667082049346083,-0.17509291876468258
164,8,-14.57806101991035,0.9617387394984319
164,9,-13.042463829072236,1.473017062698862
164,10,-13.734528306578019,0.43317576233632354
165,1,35.936307365603604,-0.3369205451222466
165,2,36.751482799867325,-1.7309621308762306
165,3,36.2845032298661,0.44784182151849117
165,4,36.80567943057673,0.17909995830903938
165,5,37.43982521918698,-0.6200717843339284
165,6,36.65302988693768,-0.4784128041010214
165,7,35.96304431576534,-0.09555847245986807
165,8,34.713015458660514,-1.5717971418942802
165,9,35.6365014815501,-0.735197704590446
165,10,36.08278711030707,1.4839783899730692
166,1,28.791881224661978,-0.18653240562230766
166,2,27.85942869839647,1.5334057579755989
166,3,28.515814154531135,1.3593222767563993
166,4,30.305114222218016,-0.026030452875778265
166,5,30.43690334533546,0.7838941423431912
166,6,30.552896671718205,-0.08282839350976352
166,7,33.45963073112787,1.7169174162125103
166,8,33.59241287873044,0.012596011206467115
166,9,32.36583987930009,-1.530816334247023
166,10,30.675971062201643,0.08983770201580502
167,1,14.509045062978021,1.5968739793085354
167,2,16.173935172045372,1.0369283659240982
167,3,12.741907889214149,-0.48828526979096337
167,4,11.831868269649616,0.6684440306376072
167,5,13.19860454967192,0.7821100349629208
167,6,11.78071909243679,1.2662180761595891
167,7,10.221478904922023,-0.5284002840509252
167,8,8.724265817367574,-1.2421967742731184
167,9,7.395134246002731,-0.801637823733861
167,10,6.208121204030638,-0.5617272896716013
168,1,22.364858579938694,0.2572577302147462
168,2,21.216429837692157,0.6565739313474659
168,3,18.99353227661768,-0.8756990597358227
168,4,18.41772935587677,-1.0447625569822825
168,5,18.694153195956115,-0.5312763732729089
168,6,19.189230422519135,1.6200427565232387
168,7,19.933915520246384,0.09538160748803753
168,8,22.954020348568694,1.7972220258443625
168,9,23.57703689300296,-0.8350355519669621
168,10,21.737544725079186,-1.8247662883864997
169,1,-60.48453106908084,0.7670316137570393
169,2,-59.14350078273657,0.9557105881772353
169,3,-60.784943731102466,-1.3462122588881067
169,4,-61.0801935738648,-1.364037893340228
169,5,-61.87627073625755,0.5603757972464731
169,6,-62.79769683933815,1.5031705752448739
169,7,-62.61687369883882,0.5113358798795073
169,8,-61.47833023099569,-0.31750687495080115
169,9,-60.17239046806241,0.28209935804523456
169,10,-59.60552412850555,1.4321733456395183
170,1,8.848628054137555,0.24095528090479382
170,2,9.548463876564835,-0.4329903780281173
170,3,5.656076472472458,-1.623257895622312
170,4,4.626188071917609,-0.2082523317981185
170,5,4.404220796436204,-0.5461625101305911
170,6,4.638786812156834,0.7729672131798426
170,7,4.517137315092667,0.045416243362404865
170,8,4.480579614284879,-0.483634546172261
170,9,5.043534659217175,1.5104687052786958
170,10,5.748253733870113,1.2111578230289741
171,1,25.320304680833914,0.32590223149780084
171,2,24.41252161162897,-0.498520961308239
171,3,25.265383677657564,1.5053900557752389
171,4,27.46751846383324,1.305151643697959
171,5,27.09157413498189,-0.625712562885485
171,6,25.21902295106981,0.7246299897353646
171,7,24.428960734187047,-0.4840681292449038
171,8,24.384937614197426,0.07530957751627236
171,9,24.23183025105275,-0.4134252185910014
171,10,26.341666054142518,1.8705427172866045
172,1,-29.50024978490629,0.9770818903257971
172,2,-29.354953311030258,-1.4059912791160307
172,3,-30.541645470008493,-0.7572066507153803
172,4,-28.714588132387632,-0.23641375876021523
172,5,-31.21711206164988,-3.3017944475611265
172,6,-30.180555304091893,-1.1299842586347673
172,7,-28.71903363060232,0.8266348465074285
172,8,-29.324714920122375,0.10916487031090238
172,9,-29.768717587820795,1.0166026310514698
172,10,-29.3349278719868,1.3671916101159483
173,1,16.23465022563156,-1.1970249395264645
173,2,16.173364107137466,0.6382975523714208
173,3,16.154559405052364,1.5036880274707394
173,4,16.15371152202956,0.5447373191131012
173,5,17.989254606715516,1.0380210939088257
173,6,16.441188662220224,0.18129861562632527
173,7,15.574754016088933,1.355161379660286
173,8,15.081122379628237,-0.8541613462091179
173,9,15.053178207962327,0.4203839140060658
173,10,16.026905142101683,0.7210375619605063
174,1,-18.99840395919986,-0.09270116585389793
174,2,-18.879784935967255,-1.1399801205621782
174,3,-18.084500334025048,2.101841283664159
174,4,-20.01514370181359,-0.5672029739863031
174,5,-19.566954971708473,0.780866470018872
174,6,-18.505291279584657,0.40343796376552976
174,7,-19.120474939026188,-1.730672202039583
174,8,-18.186360395378063,1.0087991444814206
174,9,-18.164054713287985,-0.5705475335071696
174,10,-16.833921896344773,0.062129660988877115
175,1,31.27830682937327,-0.45236837600239593
175,2,30.408960515893703,0.6822361927166155
175,3,29.694940865269594,-0.3400105517436623
175,4,31.38173947588827,-0.8048378200315066
175,5,33.9372793997201,3.2029375082248466
175,6,32.14179012352721,-0.6496827128813752
175,7,34.31500225232544,-0.69540327537931
175,8,34.24859528093084,-0.5767400345028784
175,9,34.486835642747366,1.4815203210743484
175,10,36.13433645031122,1.4323279540316622
176,1,42.858977023457456,-2.492519953527071
176,2,42.06265665047616,-0.5077946052985636
176,3,43.96496798237949,0.06347489409512355
176,4,43.91236357989847,-0.30375544647639835
176,5,43.86078377409451,1.2958562357600683
176,6,42.63594833869988,0.3762034525525528
176,7,43.167689124374526,0.19875132374245702
176,8,45.22762051502682,0.9959194977864889
176,9,43.42033234861388,-0.5047304791315353
176,10,44.652784189966,1.2877728557285317
177,1,-15.87208495660218,1.7443294623713042
177,2,-15.822690491731903,-0.7176131641032183
177,3,-15.862118103728559,-0.48410366665254134
177,4,-16.432113536915992,-0.728711529863372
177,5,-15.510570472186876,1.0233375340065642
177,6,-16.036920378843988,0.7233144207400433
177,7,-16.465746275482882,-0.9878634505008221
177,8,-18.296778124726277,-0.03157417503545497
177,9,-17.00056879275956,-0.3169226504667717
177,10,-16.29001292129562,0.8146552665051321
178,1,54.83837768548491,-1.202879774673107
178,2,54.95219071266758,1.0894888794169175
178,3,55.67444552368215,1.7584836283199374
178,4,56.3056627175677,0.11035466739383765
178,5,57.870106640250015,-0.30558654833081517
178,6,57.9636305486275,0.3835501026195974
178,7,58.657508629346026,0.10897120772460202
178,8,59.14823729025699,-0.6042398367409052
178,9,58.724828584896045,-0.3313486488978576
178,10,60.41902460798738,0.8227166719614738
179,1,0.04553806198109667,1.415982292657746
179,2,-3.0653611879054363,-0.157471253757183
179,3,-3.2401668939438846,-0.5292082747933253
179,4,-1.1729888528734274,1.5516851417785995
179,5,-2.409547406178887,1.3849603946676066
179,6,-2.1123193327094616,0.24996307168533782
179,7,-3.0846916402700755,-1.5594913535447228
179,8,-4.161696295992158,-0.30608253726421336
179,9,-3.6966105504730034,0.23405407001481068
179,10,-3.389406299720464,0.3096193909392707
180,1,80.85779503396897,-0.8806564510772804
180,2,78.79807683547878,-0.9411942764614827
180,3,79.5417869345274,0.3847658927997986
180,4,78.74669250767906,-0.34416748905735484
180,5,77.91104940975502,-0.6751411677656938
180,6,78.16934649244173,-0.8045233408109227
180,7,78.2760451178668,-0.486892222456428
180,8,78.83036435734576,0.37069128458538186
180,9,79.72302603544289,-0.9368604990924473
180,10,81.54474894215485,-0.028651231708739143
181,1,-24.296288692532436,0.010668111112896792
181,2,-24.27098525565402,-0.4839206605485464
181,3,-25.078952226287054,-1.1491095240823028
181,4,-23.769805942427396,-0.41822351646896594
181,5,-22.02134555517497,0.8258429152907479
181,6,-22.483817495220286,-2.1908549738401333
181,7,-21.890879151157748,-0.4037314419144997
181,8,-20.901359669028714,0.7951645296812755
181,9,-20.238572008101382,-0.5020561987243026
181,10,-19.994060408340683,-0.7116521213593455
182,1,1.3314747012723613,-0.03134688989481887
182,2,1.8393012896086576,0.4797195637082474
182,3,3.5866219778768587,1.2745544393309747
182,4,2.6933274214351575,-0.8691362540773481
182,5,3.867753742102243,-0.03869300637545665
182,6,5.8043090182673005,1.284103738506243
182,7,4.60835634875845,0.44192345401976785
182,8,4.2768731213261,-1.4360690766676636
182,9,4.836335147396713,-1.132356137816696
182,10,3.309730199738392,-0.6205671163122104
183,1,9.896989697762729,1.3947641405652116
183,2,9.766014640178776,1.195064771368492
183,3,9.113947735193719,0.8209625568758128
183,4,10.24632872857574,0.9681910558735389
183,5,9.854379361389254,-0.310840663978124
183,6,8.997480336120816,1.6178840423550669
183,7,7.5111622653822545,-1.1251733509458108
183,8,8.776133339582401,0.9730609658378432
183,9,10.96883302151566,1.407130703861038
183,10,14.153915010243445,0.5049509882058252
184,1,-21.149678194776687,-0.08961958138040288
184,2,-20.741263049871012,1.2039599609436096
184,3,-21.2902679165192,-0.8945387060089309
184,4,-22.32296629439062,-0.31959241565066726
184,5,-22.888377705241663,0.30212330104547686
184,6,-22.341495573409766,0.6598395384486897
184,7,-20.803826375262304,1.2868931511862034
184,8,-19.181663342960395,1.107416050423187
184,9,-19.6788701799739,0.6786370071315719
184,10,-19.541340307805935,0.9011182208667994
185,1,-73.1256825930327,-1.172538255474748
185,2,-74.10999546626047,0.11444915641907567
185,3,-73.32789166307742,0.5447394615303973
185,4,-73.96483404179898,-0.32304942333414405
185,5,-74.10232929850723,0.1794509389609057
185,6,-72.86645626616185,-0.548354983741948
185,7,-73.555920969176,0.2269509458804412
185,8,-73.8702141887737,-0.6793334439370723
185,9,-72.34095820902601,-0.5519408968627479
185,10,-72.03317561974438,-0.5759836296556106
186,1,-31.398190700668245,2.223852723376503
186,2,-33.29598284712595,-1.0969235333713045
186,3,-34.25603022439452,-0.1881124928384896
186,4,-31.509513582841446,1.0069755249054861
186,5,-30.126148918706107,0.0020326330610695442
186,6,-31.088469957031684,-0.4646647515315859
186,7,-34.301538102134046,0.8526673231008779
186,8,-34.07846842528639,-1.2982951712489994
186,9,-35.01010954372596,0.49541055532733125
186,10,-36.37989461866857,0.2150311060353479
187,1,45.52767897816155,0.8332166349988623
187,2,46.59976123773189,-0.046773308405569
187,3,45.76191758028291,0.39273722323236054
187,4,44.64933403336959,-1.7606166885374424
187,5,47.244119355979244,1.6015449840732543
187,6,48.62914648996028,1.540131223752816
187,7,49.514382908302636,-1.437752106793097
187,8,50.888377417689306,0.17361139463161687
187,9,51.89821260380125,0.6113128242572031
187,10,51.60330504167728,-0.35573268860176194
188,1,-8.924770966919374,-0.5670721683704557
188,2,-9.036351855783332,-1.367546033756806
188,3,-9.347651013089067,0.20981400164474437
188,4,-10.169938267140962,0.5441529105125803
188,5,-12.25911695087372,-0.11754592293910468
188,6,-12.13040222464916,1.06239573097685
188,7,-11.526684489705886,0.2470562007409679
188,8,-12.159388619357902,0.9642533998287437
188,9,-11.951259321888942,0.3126445191052846
188,10,-12.29491292943787,-0.7884793280457272
189,1,-5.9264720072117285,-0.06154566665845173
189,2,-6.401673519867321,0.7302467656720003
189,3,-6.815861372826678,-0.32666410743456137
189,4,-9.309878203584049,-1.013049504840307
189,5,-9.718319463292026,-0.22175895280503388
189,6,-9.443306061661307,-0.47132486480321834
189,7,-8.224299308608138,0.07407587206827405
189,8,-8.057927214177601,1.0364215381629556
189,9,-8.296186050121491,1.569153824675602
189,10,-9.497285207401323,-0.3651361531945101
190,1,60.1639583612026,1.6616697840904662
190,2,60.35898404968012,-0.9351745429367597
190,3,60.91893665811628,1.2060892419399902
190,4,63.636066735762135,2.687153857707015
190,5,62.30826327193906,0.2271931302359241
190,6,61.12434165394093,-1.2737679944623146
190,7,60.76871363303776,-1.221132633485587
190,8,60.088760179561156,0.1601901929198375
190,9,61.347991702033546,-0.4249829737594423
190,10,60.792627861495944,0.8020838958383966
191,1,21.1672124624655,-0.7982236024852006
191,2,20.945764663008095,-0.839280685516334
191,3,18.92479957914424,-0.5930688215604065
191,4,19.65906163878544,1.4070988392504133
191,5,18.912964958252473,-1.1539941720404423
191,6,18.660021078299238,-0.1642065007533561
191,7,16.50897835713053,-0.20359294636281058
191,8,16.513810048020662,1.0058120787781766
191,9,19.14161207310496,0.47118390671188426
191,10,16.8167177296483,-1.2143276709836022
192,1,29.40899107701372,0.13404680462234136
192,2,30.39862139271539,1.410158278711619
192,3,33.1418410022461,0.7443551052697183
192,4,33.55536140282522,0.9045125605431543
192,5,31.786542549944244,-0.0390155271360553
192,6,29.81256034930477,-1.8651316788717476
192,7,31.217070434424876,1.0750856855302093
192,8,29.970211631467972,-1.7827129936451622
192,9,30.004010460873353,0.7054269377186821
192,10,33.45850424437695,1.6305762119892464
193,1,28.659515412142493,-0.32524877366655075
193,2,29.512744562602386,-0.7568692336767889
193,3,28.725559736730283,-0.7812767326527102
193,4,28.106184033798005,-0.7352787824996627
193,5,29.314339485667503,-0.9353656918988309
193,6,30.830349861135325,0.5083303108564676
193,7,30.747907746316333,-0.21045695754497962
193,8,29.14410920735554,-0.5348277322776777
193,9,30.962563555502253,1.215309121671945
193,10,30.740936013238677,-0.287832114950643
194,1,-34.0707822582882,1.3078831863485774
194,2,-32.76699148700733,0.026656418793845865
194,3,-31.01957616110973,1.2734202999990427
194,4,-30.074156698628297,-0.1986033687255607
194,5,-30.577650900756574,-0.89472585893106
194,6,-31.1399649764237,0.4430857516220515
194,7,-30.49464955933655,2.1508216776095948
194,8,-30.466121703058676,-0.08152385291862221
194,9,-29.716442693979847,-0.44753984660726387
194,10,-29.113967258025944,1.3732997340359412
195,1,0.8608826670071221,-0.6161576584200483
195,2,1.9738118109511404,0.5162854648194418
195,3,2.342574867599814,0.33829010855783426
195,4,1.7927972805892356,-0.8455020844590663
195,5,1.4847500508424458,-0.03282507413562036
195,6,2.669101000562189,-0.42997310445272424
195,7,2.711240820483296,1.1783373409946918
195,8,3.9121466862337244,1.1911911495836482
195,9,4.048706116217609,-0.848302239345385
195,10,4.587067040760425,2.2540214743589897
196,1,0.09856795759112043,-0.26764617191235807
196,2,0.3379373581888274,1.2474572629194272
196,3,1.6853828670909394,-1.0778560424813186
196,4,1.8309393469689328,-1.2944656247209072
196,5,1.3962392235957566,-0.8047248808966471
196,6,0.12670866997473584,-1.4395340341500489
196,7,2.935056429138288,0.09860138759588456
196,8,2.6998377203340165,-1.6576661746027075
196,9,3.9262308200781644,0.17794635147160542
196,10,3.793362306331363,1.175653540839249
197,1,-10.67829586298473,-0.7184596578484098
197,2,-10.414452586437173,1.4948897878273724
197,3,-11.9627223053767,0.15213303817229484
197,4,-11.007516302003644,-1.0517593557708458
197,5,-12.407287361308395,0.9602097748871103
197,6,-12.995082960727334,-0.17425519745634774
197,7,-13.04171276543539,-0.8734868121605311
197,8,-11.470939696020688,0.9554194429518992
197,9,-11.996988512404434,-0.15243593397013092
197,10,-10.795305080109161,1.7992354049185555
198,1,-40.08294864958552,0.49663218662055814
198,2,-41.159666910465226,-0.5812483415283136
198,3,-38.78204497695288,1.3467359107827612
198,4,-39.172316391319164,-0.11538444056324704
198,5,-38.68875611601411,0.8608031458404695
198,6,-38.82180711029675,0.8119795285139954
198,7,-41.192597594042,-0.7487505425874018
198,8,-39.09298523190177,-0.9577145617066833
198,9,-36.93525653393794,1.2495120378374929
198,10,-38.58209642355662,-1.347141530898109
199,1,13.113305138525062,0.02541713019439236
199,2,13.62622320375616,-0.03440321686914069
199,3,12.710428452805749,-0.4531803628202386
199,4,13.530020475230327,-0.703499504213242
199,5,12.456005199288516,1.4463126511649171
199,6,13.026309724449222,0.46757369940213156
199,7,13.867180959000791,0.6608654993100069
199,8,15.605796229457429,0.8735874080208993
199,9,15.753441925468216,-0.9335336592534142
199,10,17.702429014726313,0.6700861181687059
200,1,-73.19132975460577,-1.3948592346887025
200,2,-71.57649409590285,0.10175082527229197
200,3,-70.24012469972031,0.3822667328713792
200,4,-72.52334904915783,-1.5539434511076866
200,5,-71.82467794926335,1.4607253396148154
200,6,-72.77803124071961,0.9639612644301889
200,7,-74.01338099327734,-1.4017472134170208
200,8,-72.61815657648792,1.4832431143326086
200,9,-73.86644812288614,-2.1137883987291417
200,10,-72.12833380238318,0.13924741939940574
